{
  "type" : "FeatureCollection",
  "features" : [
    {
      "type" : "Feature",
      "id" : 0,
      "geometry" : {
        "type" : "Polygon",
        "coordinates" : [
          [
            [
              121.31468072153424,
              23.688523925248433
            ],
            [
              121.31423491501157,
              23.688516452263162
            ],
            [
              121.31377050029062,
              23.688645034457789
            ],
            [
              121.31363128964509,
              23.689091587191555
            ],
            [
              121.31320447592005,
              23.689419203415653
            ],
            [
              121.31271421508353,
              23.68984748579518
            ],
            [
              121.31232328965299,
              23.689965570485917
            ],
            [
              121.31204683249429,
              23.690397608508217
            ],
            [
              121.31064170529726,
              23.692528512992475
            ],
            [
              121.31040537609826,
              23.692621147852673
            ],
            [
              121.31001449963638,
              23.692764361452596
            ],
            [
              121.30954162188462,
              23.692857468445666
            ],
            [
              121.30895956751043,
              23.692950791892311
            ],
            [
              121.30819720417749,
              23.693748246339982
            ],
            [
              121.30788861702591,
              23.694067234308964
            ],
            [
              121.30767093079631,
              23.694352527997783
            ],
            [
              121.30756214620732,
              23.694520309399429
            ],
            [
              121.30772697249077,
              23.69497240807015
            ],
            [
              121.30805556693004,
              23.695424180757907
            ],
            [
              121.3079838625831,
              23.695885127803887
            ],
            [
              121.30783096126197,
              23.696639475391386
            ],
            [
              121.30769588172892,
              23.697234600409029
            ],
            [
              121.30757990068506,
              23.698215087255715
            ],
            [
              121.30802752904876,
              23.698984997008047
            ],
            [
              121.30801931532922,
              23.699362034952298
            ],
            [
              121.30806577102446,
              23.699772477119144
            ],
            [
              121.30806679353452,
              23.700208144442492
            ],
            [
              121.30807720957277,
              23.700769466888044
            ],
            [
              121.30809692097455,
              23.701414553344204
            ],
            [
              121.30796107131216,
              23.701682927848541
            ],
            [
              121.307861517315,
              23.701909338769738
            ],
            [
              121.30799878301133,
              23.702244195886326
            ],
            [
              121.30815446313137,
              23.702671176995636
            ],
            [
              121.30820072379596,
              23.702997836786707
            ],
            [
              121.30820127470064,
              23.703232426786233
            ],
            [
              121.30811121209715,
              23.703626383990294
            ],
            [
              121.30800324639294,
              23.704146050541624
            ],
            [
              121.3079677557311,
              23.704531520766484
            ],
            [
              121.30814122307737,
              23.704782523064207
            ],
            [
              121.30857887245213,
              23.705167050684821
            ],
            [
              121.30891625933447,
              23.705476372925386
            ],
            [
              121.30983959663112,
              23.70731774201683
            ],
            [
              121.30989593187785,
              23.70805491501023
            ],
            [
              121.30977000904052,
              23.708675157386605
            ],
            [
              121.30964329413169,
              23.708960271358531
            ],
            [
              121.30988066234768,
              23.709294926074417
            ],
            [
              121.30993608836658,
              23.709646701395226
            ],
            [
              121.3098826412117,
              23.710132746654004
            ],
            [
              121.31012052711371,
              23.710685234245108
            ],
            [
              121.3102669072524,
              23.711020070579213
            ],
            [
              121.31017706370814,
              23.711506188821087
            ],
            [
              121.30988715336258,
              23.712042977235814
            ],
            [
              121.3095782510823,
              23.712244673381413
            ],
            [
              121.30906837267085,
              23.712111640746357
            ],
            [
              121.30899549915048,
              23.712078273310691
            ],
            [
              121.30865007978113,
              23.712229771071311
            ],
            [
              121.30841416687228,
              23.712515101732574
            ],
            [
              121.30826920727688,
              23.712783494372154
            ],
            [
              121.30792508321822,
              23.713487951960673
            ],
            [
              121.30772623251295,
              23.714058068027366
            ],
            [
              121.3075263194044,
              23.714175760874866
            ],
            [
              121.30734472267211,
              23.714343686534303
            ],
            [
              121.30740010493139,
              23.714678706178095
            ],
            [
              121.30750957394478,
              23.71479578403034
            ],
            [
              121.30745603736921,
              23.715248315436504
            ],
            [
              121.30718434614569,
              23.715801818966163
            ],
            [
              121.30682130367252,
              23.716204694865318
            ],
            [
              121.30614922333201,
              23.716758990055322
            ],
            [
              121.30580429624737,
              23.717128314760497
            ],
            [
              121.30575028415834,
              23.717379768695356
            ],
            [
              121.3060235094823,
              23.717479767362153
            ],
            [
              121.30576914767028,
              23.717664591547795
            ],
            [
              121.3056144135364,
              23.717648140807327
            ],
            [
              121.30551419962453,
              23.717598069301093
            ],
            [
              121.3051957098908,
              23.717598697907352
            ],
            [
              121.30508670830568,
              23.717682695288531
            ],
            [
              121.30488704050541,
              23.717909301363722
            ],
            [
              121.30491486562747,
              23.718135458982061
            ],
            [
              121.3049152357346,
              23.718294644791719
            ],
            [
              121.30481525526335,
              23.718345111245078
            ],
            [
              121.30473326009337,
              23.718303381581439
            ],
            [
              121.30434204834312,
              23.718337664626851
            ],
            [
              121.30389670375476,
              23.718573130768739
            ],
            [
              121.30315152922213,
              23.719010261192878
            ],
            [
              121.30276980157485,
              23.719212086476066
            ],
            [
              121.30248813228052,
              23.719396958732954
            ],
            [
              121.302406813383,
              23.719648464878095
            ],
            [
              121.30249870091195,
              23.720033684198103
            ],
            [
              121.30255395740912,
              23.72031843623272
            ],
            [
              121.30271912879265,
              23.720912967966772
            ],
            [
              121.3025665950279,
              23.721851628894477
            ],
            [
              121.30255838430706,
              23.722237043810487
            ],
            [
              121.30265021616958,
              23.722597128296215
            ],
            [
              121.30269633538306,
              23.722865141581554
            ],
            [
              121.30276985180437,
              23.723174992392444
            ],
            [
              121.30282522639887,
              23.72351001337384
            ],
            [
              121.30284435553511,
              23.723912131157899
            ],
            [
              121.30282689058927,
              23.724230538230959
            ],
            [
              121.30286441379852,
              23.724716402291193
            ],
            [
              121.30265613421312,
              23.725160856314385
            ],
            [
              121.30246582180489,
              23.725504736121632
            ],
            [
              121.30210262235629,
              23.725857331699803
            ],
            [
              121.30195742307964,
              23.726033558109684
            ],
            [
              121.30187565547097,
              23.726092365345128
            ],
            [
              121.30180281450254,
              23.726075751031249
            ],
            [
              121.3017298964202,
              23.726025623904807
            ],
            [
              121.30171154157682,
              23.725958633852873
            ],
            [
              121.30170222919469,
              23.725866491462973
            ],
            [
              121.30158382914018,
              23.725824831208442
            ],
            [
              121.3014658530109,
              23.725967491150012
            ],
            [
              121.30138441265558,
              23.726168727438115
            ],
            [
              121.30130301056546,
              23.726386720069613
            ],
            [
              121.30115794435565,
              23.726621593094123
            ],
            [
              121.30091217757483,
              23.726596936745992
            ],
            [
              121.30063909066779,
              23.726563954881215
            ],
            [
              121.30041142874983,
              23.726497371381001
            ],
            [
              121.30014723148818,
              23.726372210819886
            ],
            [
              121.29959178646132,
              23.726230857754423
            ],
            [
              121.29944633458818,
              23.726298165289823
            ],
            [
              121.29919206114442,
              23.726533247893816
            ],
            [
              121.29901959437264,
              23.72672628077882
            ],
            [
              121.29888318469773,
              23.726768435606921
            ],
            [
              121.29825526062807,
              23.726769647760303
            ],
            [
              121.29812762709852,
              23.726669355034808
            ],
            [
              121.29791799554556,
              23.726527328998859
            ],
            [
              121.29769033502595,
              23.726460741478419
            ],
            [
              121.29748995669286,
              23.726385722913957
            ],
            [
              121.29719034877725,
              23.726696293549509
            ],
            [
              121.29710861656696,
              23.726771854679939
            ],
            [
              121.29687189361873,
              23.726722039833184
            ],
            [
              121.29668050191736,
              23.726596733567717
            ],
            [
              121.29627993553619,
              23.726530475536883
            ],
            [
              121.29590676509402,
              23.72650605522719
            ],
            [
              121.29577924701563,
              23.726456029731619
            ],
            [
              121.29534226131759,
              23.726381460671114
            ],
            [
              121.29501464962638,
              23.726382085907137
            ],
            [
              121.29464178109218,
              23.72649171372986
            ],
            [
              121.29405930339388,
              23.726467687548247
            ],
            [
              121.29372270374731,
              23.726518596552044
            ],
            [
              121.29321329107952,
              23.726611723715408
            ],
            [
              121.29294968070708,
              23.726746275012285
            ],
            [
              121.29280429963467,
              23.726847089138211
            ],
            [
              121.29243142787183,
              23.726956711656914
            ],
            [
              121.29206750651989,
              23.72699929049006
            ],
            [
              121.29163055827324,
              23.726941467347189
            ],
            [
              121.29145714837387,
              23.726715581837485
            ],
            [
              121.29094691509214,
              23.726440060668597
            ],
            [
              121.29076466687232,
              23.726331486304101
            ],
            [
              121.29054635191576,
              23.726373787753722
            ],
            [
              121.29042851167911,
              23.726583465010528
            ],
            [
              121.29030145939143,
              23.726742890042406
            ],
            [
              121.29006501703313,
              23.726818737789497
            ],
            [
              121.28989231400483,
              23.726911222196364
            ],
            [
              121.28979245075197,
              23.727020326424324
            ],
            [
              121.28977437964376,
              23.727079007943058
            ],
            [
              121.28968578056164,
              23.727137821574271
            ],
            [
              121.28924833369956,
              23.72685378021778
            ],
            [
              121.28872905944925,
              23.726603403326827
            ],
            [
              121.28846485445843,
              23.726469844499647
            ],
            [
              121.28799145290455,
              23.726386944312182
            ],
            [
              121.28756381085236,
              23.72642125294599
            ],
            [
              121.28749091631606,
              23.726379497261807
            ],
            [
              121.28739037187307,
              23.726178606376237
            ],
            [
              121.28730826704434,
              23.726086598279917
            ],
            [
              121.28724412429672,
              23.72588563966541
            ],
            [
              121.28723452837701,
              23.725659445010436
            ],
            [
              121.28713381974293,
              23.725383150074549
            ],
            [
              121.28710624373991,
              23.725257527658183
            ],
            [
              121.287087823075,
              23.725157022963419
            ],
            [
              121.28677830473578,
              23.725107327701089
            ],
            [
              121.28625933475712,
              23.724990993666541
            ],
            [
              121.28614991249491,
              23.724890657242177
            ],
            [
              121.28611290821365,
              23.724614243726364
            ],
            [
              121.2859762223222,
              23.72453071408286
            ],
            [
              121.28579398082441,
              23.724422133769036
            ],
            [
              121.28552088370242,
              23.724380746911823
            ],
            [
              121.28509319280904,
              23.724389914040522
            ],
            [
              121.2848929339082,
              23.724365148289014
            ],
            [
              121.28476540382263,
              23.72430673542895
            ],
            [
              121.28449225270607,
              23.724240212121419
            ],
            [
              121.28431017633709,
              23.72420703392606
            ],
            [
              121.28410979076526,
              23.724123619687589
            ],
            [
              121.2837549201234,
              23.724141027582544
            ],
            [
              121.28352718012569,
              23.724032528032907
            ],
            [
              121.28328124017469,
              23.723924061475998
            ],
            [
              121.28289850903904,
              23.723681792857235
            ],
            [
              121.28260667226726,
              23.723389087766606
            ],
            [
              121.28238787223319,
              23.72320516597329
            ],
            [
              121.28223270138839,
              23.722987614797411
            ],
            [
              121.28198690860361,
              23.722946171840242
            ],
            [
              121.28181377266343,
              23.722837570172775
            ],
            [
              121.28155889818974,
              23.72280452132253
            ],
            [
              121.28110391177159,
              23.722813727065915
            ],
            [
              121.28093086648258,
              23.722747015467874
            ],
            [
              121.28079388078545,
              23.722521051539012
            ],
            [
              121.28068437507034,
              23.722378820086004
            ],
            [
              121.28049313045791,
              23.722312141010427
            ],
            [
              121.28037495516016,
              23.722371002978889
            ],
            [
              121.28037481183937,
              23.72230397726322
            ],
            [
              121.28028377548463,
              23.722287385747276
            ],
            [
              121.28014731049716,
              23.72230438944586
            ],
            [
              121.28011553190289,
              23.722337959983378
            ],
            [
              121.28002002604397,
              23.722359078517673
            ],
            [
              121.27978801032555,
              23.722376254838945
            ],
            [
              121.27971504005988,
              23.722296793456128
            ],
            [
              121.2795420675926,
              23.722263593147435
            ],
            [
              121.27945105814987,
              23.722259568462885
            ],
            [
              121.27931445029705,
              23.722209545705049
            ],
            [
              121.27914591212773,
              23.722121878334196
            ],
            [
              121.27904561553684,
              23.722029898566568
            ],
            [
              121.27888175252676,
              23.722000870205523
            ],
            [
              121.27875873286146,
              23.721921498585051
            ],
            [
              121.27869034019228,
              23.721854595830848
            ],
            [
              121.2786492298459,
              23.721779265654831
            ],
            [
              121.27863092298978,
              23.72172902914
            ],
            [
              121.27861718395592,
              23.721687162643935
            ],
            [
              121.27866712719013,
              23.721636803191249
            ],
            [
              121.27864873132691,
              23.721544675594824
            ],
            [
              121.27859411351272,
              23.721536395720371
            ],
            [
              121.27858029441275,
              23.721456827244634
            ],
            [
              121.27854828424749,
              23.721381480648066
            ],
            [
              121.27851628301715,
              23.721310323152245
            ],
            [
              121.27850236611992,
              23.721184674472941
            ],
            [
              121.27850213479238,
              23.721075757650524
            ],
            [
              121.27850194795192,
              23.720987786369758
            ],
            [
              121.27853815204442,
              23.720895560443441
            ],
            [
              121.27852884743436,
              23.720799227328147
            ],
            [
              121.27851500176423,
              23.720707091511585
            ],
            [
              121.27856480228493,
              23.720589706347749
            ],
            [
              121.27860548498914,
              23.720463959338161
            ],
            [
              121.27868717956929,
              23.720367462313892
            ],
            [
              121.27897820769184,
              23.720287344381546
            ],
            [
              121.27911459941484,
              23.720236828857729
            ],
            [
              121.27915095447145,
              23.720215817635324
            ],
            [
              121.27916905619135,
              23.720169704595904
            ],
            [
              121.27915531715509,
              23.720127838139295
            ],
            [
              121.27912340507632,
              23.720098571846787
            ],
            [
              121.279105116113,
              23.720056713594506
            ],
            [
              121.27914587839327,
              23.719968668421284
            ],
            [
              121.27924586124396,
              23.719914029350761
            ],
            [
              121.27940496648496,
              23.719846716070759
            ],
            [
              121.27957534816991,
              23.719733301873763
            ],
            [
              121.27964347217529,
              23.719674530994151
            ],
            [
              121.27970700151053,
              23.719594822766485
            ],
            [
              121.27966597170939,
              23.719557194818506
            ],
            [
              121.27960674220989,
              23.719519599754314
            ],
            [
              121.27957484804251,
              23.719498711770296
            ],
            [
              121.27958839065727,
              23.719448417793256
            ],
            [
              121.27961103311434,
              23.719398107367926
            ],
            [
              121.27956544454722,
              23.719356298505872
            ],
            [
              121.27945623742377,
              23.719352306691725
            ],
            [
              121.27933785907165,
              23.719314818357944
            ],
            [
              121.27923768047519,
              23.719277297083561
            ],
            [
              121.27918756890246,
              23.719248063648465
            ],
            [
              121.27918747971945,
              23.719206172555044
            ],
            [
              121.27922378096365,
              23.719160026659377
            ],
            [
              121.27928738168158,
              23.719113831473699
            ],
            [
              121.27942373636385,
              23.719046559244859
            ],
            [
              121.27964208757643,
              23.719025219082052
            ],
            [
              121.27972402175718,
              23.719041827458565
            ],
            [
              121.27971051497464,
              23.719108877886107
            ],
            [
              121.27971967735382,
              23.719138185197441
            ],
            [
              121.27976520333588,
              23.71915067025131
            ],
            [
              121.27990625078105,
              23.719150415117767
            ],
            [
              121.28006536369969,
              23.719087290272945
            ],
            [
              121.28036102758847,
              23.719049052614153
            ],
            [
              121.28051574257984,
              23.719057150406684
            ],
            [
              121.28057024296237,
              23.719010971197616
            ],
            [
              121.28066554009224,
              23.718893502832184
            ],
            [
              121.28082019212323,
              23.718872276559349
            ],
            [
              121.2810066665209,
              23.718838424957717
            ],
            [
              121.28115239823512,
              23.718900997059226
            ],
            [
              121.28130716700703,
              23.71893422871414
            ],
            [
              121.28139807530891,
              23.718892172133859
            ],
            [
              121.28148894758542,
              23.718833359065577
            ],
            [
              121.28168899947615,
              23.718765968937493
            ],
            [
              121.2818163787697,
              23.718757358701929
            ],
            [
              121.28191635056533,
              23.718698528807533
            ],
            [
              121.2819208104126,
              23.718656629429763
            ],
            [
              121.28192073836973,
              23.718623116560373
            ],
            [
              121.28193431601889,
              23.718589578816477
            ],
            [
              121.28199339262243,
              23.71855595814425
            ],
            [
              121.28216163062108,
              23.718505381893955
            ],
            [
              121.28225262850653,
              23.71850521590104
            ],
            [
              121.28229797415416,
              23.718433918037778
            ],
            [
              121.28238877354443,
              23.718341591575015
            ],
            [
              121.28241596462301,
              23.718291272438957
            ],
            [
              121.28252036836075,
              23.718177975437786
            ],
            [
              121.28257548144292,
              23.718416654914677
            ],
            [
              121.28265747879837,
              23.718462585498578
            ],
            [
              121.28283939318962,
              23.718424550900444
            ],
            [
              121.28299827779485,
              23.71825669534314
            ],
            [
              121.28307966936887,
              23.718021955433066
            ],
            [
              121.28307455889363,
              23.717762239021123
            ],
            [
              121.28307424243053,
              23.717615620214133
            ],
            [
              121.28304206792338,
              23.717464870565735
            ],
            [
              121.28305548242872,
              23.717355928761396
            ],
            [
              121.28305537393622,
              23.717305659453732
            ],
            [
              121.28298249495056,
              23.717268090642552
            ],
            [
              121.28284595424664,
              23.717247394698138
            ],
            [
              121.28276398468591,
              23.717214031527757
            ],
            [
              121.2827457130401,
              23.717180551915813
            ],
            [
              121.28274097354269,
              23.717092588937781
            ],
            [
              121.2827272156421,
              23.71704234457102
            ],
            [
              121.28272253034466,
              23.716979516246415
            ],
            [
              121.28275878457116,
              23.716912423979117
            ],
            [
              121.28278147054033,
              23.716883058635567
            ],
            [
              121.28291340679839,
              23.71687862830596
            ],
            [
              121.28298155493829,
              23.716832423290867
            ],
            [
              121.28304049487748,
              23.716735965581961
            ],
            [
              121.28307675791604,
              23.716673062349546
            ],
            [
              121.28309487585935,
              23.716635327066093
            ],
            [
              121.28315855537775,
              23.716626832282422
            ],
            [
              121.28326782364692,
              23.716660145269845
            ],
            [
              121.28332708002803,
              23.716710306276209
            ],
            [
              121.28348183768065,
              23.716739346675212
            ],
            [
              121.28352275900599,
              23.716726704313452
            ],
            [
              121.28361361070897,
              23.716659511785842
            ],
            [
              121.28368171318202,
              23.716592360918749
            ],
            [
              121.28372699396337,
              23.71649173886853
            ],
            [
              121.28379964611314,
              23.716424579605746
            ],
            [
              121.28390420132861,
              23.716382496525458
            ],
            [
              121.2839997566181,
              23.71638651027915
            ],
            [
              121.28404537275811,
              23.716440885174229
            ],
            [
              121.28407274427494,
              23.71647434792628
            ],
            [
              121.28414558682144,
              23.716495159792867
            ],
            [
              121.28425925070296,
              23.716457248870334
            ],
            [
              121.28436366047458,
              23.716348139736617
            ],
            [
              121.28438172350431,
              23.716285269650552
            ],
            [
              121.28443624862342,
              23.71625165641418
            ],
            [
              121.28450453219881,
              23.716268287368376
            ],
            [
              121.28452729036518,
              23.716272434643354
            ],
            [
              121.28455450746435,
              23.716234682457017
            ],
            [
              121.28456351620615,
              23.71619277463062
            ],
            [
              121.28463161794849,
              23.716125623348333
            ],
            [
              121.28468607019593,
              23.716058497151987
            ],
            [
              121.28475878527617,
              23.716020661205576
            ],
            [
              121.28490889250962,
              23.716003628359125
            ],
            [
              121.28494519085186,
              23.715957481129504
            ],
            [
              121.2850087788849,
              23.715907094497624
            ],
            [
              121.28511801968862,
              23.715927838855716
            ],
            [
              121.2852089337794,
              23.71588996916039
            ],
            [
              121.28528597062335,
              23.7157473968558
            ],
            [
              121.28536768469189,
              23.715663463646948
            ],
            [
              121.28541756834692,
              23.715587967368059
            ],
            [
              121.28540840495522,
              23.715558660390521
            ],
            [
              121.28546297509295,
              23.715545992339926
            ],
            [
              121.28551306838027,
              23.715566845538458
            ],
            [
              121.28559038746373,
              23.71555413546189
            ],
            [
              121.28580855833134,
              23.715453193580895
            ],
            [
              121.28590400341393,
              23.715406936857327
            ],
            [
              121.28602660096944,
              23.715293603868535
            ],
            [
              121.28613561295055,
              23.715209619788791
            ],
            [
              121.28624005673272,
              23.715117265831882
            ],
            [
              121.28633544654802,
              23.715045874189933
            ],
            [
              121.28638994320737,
              23.714999692942389
            ],
            [
              121.28642631393222,
              23.714987058239153
            ],
            [
              121.28644443068002,
              23.714949322566742
            ],
            [
              121.28638518306981,
              23.714903351855792
            ],
            [
              121.28626229362996,
              23.714882633637043
            ],
            [
              121.28607111205125,
              23.714841095970304
            ],
            [
              121.28600743360069,
              23.71484959194456
            ],
            [
              121.28595279074656,
              23.714828747310928
            ],
            [
              121.2859617989492,
              23.714786839400723
            ],
            [
              121.2860163230385,
              23.714753225610906
            ],
            [
              121.28602534035066,
              23.714715506806133
            ],
            [
              121.28591611868514,
              23.714703141295768
            ],
            [
              121.2858614119998,
              23.714652972863028
            ],
            [
              121.28588858272974,
              23.714594274893958
            ],
            [
              121.2859476291179,
              23.714548085393155
            ],
            [
              121.28603848720118,
              23.714485080558603
            ],
            [
              121.28614307669586,
              23.7144597524142
            ],
            [
              121.28653433709057,
              23.714450650092463
            ],
            [
              121.28680736799924,
              23.714471089864187
            ],
            [
              121.28692574403451,
              23.71450857252751
            ],
            [
              121.28718958388956,
              23.714487137406731
            ],
            [
              121.28739424016281,
              23.714449055273324
            ],
            [
              121.2875716804699,
              23.714448725588866
            ],
            [
              121.28790372956638,
              23.714410405961388
            ],
            [
              121.28819023495694,
              23.714351224828391
            ],
            [
              121.28836292276799,
              23.714258742321089
            ],
            [
              121.28862662359364,
              23.714174468126732
            ],
            [
              121.2889356553666,
              23.714014704576908
            ],
            [
              121.28917216774674,
              23.713980749734855
            ],
            [
              121.28940390845146,
              23.713846264438121
            ],
            [
              121.28937188475903,
              23.713766730940275
            ],
            [
              121.28926258969422,
              23.713720854917007
            ],
            [
              121.28929427147565,
              23.713645391419174
            ],
            [
              121.28940344633946,
              23.713636809008865
            ],
            [
              121.28948093029219,
              23.713699500954498
            ],
            [
              121.28956275135754,
              23.713665834849358
            ],
            [
              121.28963542668797,
              23.713611240191593
            ],
            [
              121.28976261531058,
              23.713518841290277
            ],
            [
              121.28986720328902,
              23.713493510639818
            ],
            [
              121.28992178137993,
              23.713485030134326
            ],
            [
              121.28994444663066,
              23.713447285531675
            ],
            [
              121.28990795632264,
              23.713405462645621
            ],
            [
              121.28989421460223,
              23.713363597132272
            ],
            [
              121.28992595148721,
              23.713313268157787
            ],
            [
              121.28999873760338,
              23.71330894263367
            ],
            [
              121.29007144034404,
              23.713266915098092
            ],
            [
              121.29014396699075,
              23.713145294464976
            ],
            [
              121.2901847011985,
              23.713048868179467
            ],
            [
              121.29013905593366,
              23.712981927757678
            ],
            [
              121.29007525824343,
              23.712935966982972
            ],
            [
              121.29006609400629,
              23.712906660279543
            ],
            [
              121.29009326249347,
              23.712847961580696
            ],
            [
              121.29014780323833,
              23.712822724562315
            ],
            [
              121.2902433560803,
              23.712826734485173
            ],
            [
              121.2903026040794,
              23.712872703727058
            ],
            [
              121.29036185211994,
              23.71291867294558
            ],
            [
              121.29040740473577,
              23.712943722214977
            ],
            [
              121.29054379361607,
              23.712897385792168
            ],
            [
              121.2906936272565,
              23.712758863218973
            ],
            [
              121.29081611602605,
              23.712599446265404
            ],
            [
              121.29098402696587,
              23.712406430794335
            ],
            [
              121.29108378063037,
              23.712253340068063
            ],
            [
              121.29117473691467,
              23.712236412434674
            ],
            [
              121.29124751308532,
              23.712227897220057
            ],
            [
              121.2913745875735,
              23.71208522769658
            ],
            [
              121.29160143777491,
              23.711799939781109
            ],
            [
              121.29168287522482,
              23.711594519100434
            ],
            [
              121.29174632811721,
              23.711485482192145
            ],
            [
              121.29182804470783,
              23.711405734700442
            ],
            [
              121.29187355978956,
              23.711414027109811
            ],
            [
              121.29189623344526,
              23.711380471329132
            ],
            [
              121.29188701299231,
              23.711326030076833
            ],
            [
              121.29191872065971,
              23.711263133365765
            ],
            [
              121.29199595263847,
              23.711212718131197
            ],
            [
              121.29205043637951,
              23.711162345793184
            ],
            [
              121.29206844839834,
              23.711078529265357
            ],
            [
              121.29206822457103,
              23.710977990647901
            ],
            [
              121.29215449027791,
              23.710898234396474
            ],
            [
              121.29224532416693,
              23.71082684772319
            ],
            [
              121.29260842515413,
              23.710436572771307
            ],
            [
              121.29288432416224,
              23.709707142738711
            ],
            [
              121.29300226721939,
              23.709551921766156
            ],
            [
              121.29326570272814,
              23.709354533780282
            ],
            [
              121.29341092368423,
              23.709190882545105
            ],
            [
              121.29383319841654,
              23.708817249007392
            ],
            [
              121.29394668385751,
              23.708703927050685
            ],
            [
              121.294110232885,
              23.7085988881289
            ],
            [
              121.29412813056287,
              23.708464802034154
            ],
            [
              121.29417786556949,
              23.708326466291442
            ],
            [
              121.29420469313237,
              23.708116958910935
            ],
            [
              121.29416805271049,
              23.708008111241305
            ],
            [
              121.29416330595996,
              23.707920148580499
            ],
            [
              121.2941812880286,
              23.707823764459423
            ],
            [
              121.29422646383614,
              23.707681248230582
            ],
            [
              121.29429450923641,
              23.707593147163006
            ],
            [
              121.29447175213524,
              23.7075090274563
            ],
            [
              121.29456726358893,
              23.707496278308735
            ],
            [
              121.29463531807065,
              23.707412366202465
            ],
            [
              121.29468507097073,
              23.70728240850746
            ],
            [
              121.29470757384405,
              23.707173448328721
            ],
            [
              121.2947071880894,
              23.707001694810504
            ],
            [
              121.29475704427871,
              23.706917817300887
            ],
            [
              121.29479774496737,
              23.706808822445197
            ],
            [
              121.2948248630357,
              23.706729177351079
            ],
            [
              121.29475190196479,
              23.706653912013735
            ],
            [
              121.29455163088706,
              23.706612402017825
            ],
            [
              121.29443340088653,
              23.706637761759875
            ],
            [
              121.29436966120922,
              23.706616937365926
            ],
            [
              121.29423762304529,
              23.70657110803727
            ],
            [
              121.29405561585908,
              23.7065588865728
            ],
            [
              121.29390103691078,
              23.706605260610502
            ],
            [
              121.2937373964045,
              23.706668408207477
            ],
            [
              121.2935781740064,
              23.70667289945079
            ],
            [
              121.29353256676147,
              23.706622716413698
            ],
            [
              121.29351421892555,
              23.706555725152551
            ],
            [
              121.29353222003829,
              23.706467719309032
            ],
            [
              121.29348207278174,
              23.706421733994382
            ],
            [
              121.29340469431295,
              23.706405124191651
            ],
            [
              121.29324096955617,
              23.706430569265439
            ],
            [
              121.29319996815504,
              23.706405512173436
            ],
            [
              121.29324081977175,
              23.706363543487413
            ],
            [
              121.29329077966004,
              23.70632574665915
            ],
            [
              121.29336810187482,
              23.706317221852927
            ],
            [
              121.29342269547979,
              23.706317118358641
            ],
            [
              121.29343169137064,
              23.706271020885502
            ],
            [
              121.2934269545573,
              23.706187247288064
            ],
            [
              121.29340845697079,
              23.706053230229777
            ],
            [
              121.29340811040356,
              23.705898233111977
            ],
            [
              121.29345338009531,
              23.705797608185495
            ],
            [
              121.29347598680924,
              23.705734728382883
            ],
            [
              121.29345771407662,
              23.705701249997283
            ],
            [
              121.29345753608239,
              23.705621656879856
            ],
            [
              121.29351178271494,
              23.70546655623189
            ],
            [
              121.29364332269789,
              23.705290363289595
            ],
            [
              121.2937930975443,
              23.705130892139291
            ],
            [
              121.29389298789415,
              23.705042730775762
            ],
            [
              121.29391580068494,
              23.705072011361715
            ],
            [
              121.29599807588008,
              23.704464808514764
            ],
            [
              121.29608883707814,
              23.704364095813233
            ],
            [
              121.29613856850683,
              23.70422575940329
            ],
            [
              121.29618369371694,
              23.704062297014097
            ],
            [
              121.29616978084276,
              23.703945028013798
            ],
            [
              121.29603309144053,
              23.703853128660064
            ],
            [
              121.29594648316777,
              23.703777889951891
            ],
            [
              121.29590076270165,
              23.703677438253983
            ],
            [
              121.29588220630865,
              23.703518286799479
            ],
            [
              121.29592723714693,
              23.703312933351654
            ],
            [
              121.29608147126295,
              23.703115749291914
            ],
            [
              121.29618118837058,
              23.702952182445671
            ],
            [
              121.2962082859176,
              23.702864158861995
            ],
            [
              121.29618485850784,
              23.702562586325868
            ],
            [
              121.29620732155217,
              23.702436869434646
            ],
            [
              121.29622532032259,
              23.702348863254745
            ],
            [
              121.29613876965689,
              23.702298759304238
            ],
            [
              121.29592482851207,
              23.702244709773709
            ],
            [
              121.29575167097157,
              23.702119366807366
            ],
            [
              121.29555123672961,
              23.702002453988108
            ],
            [
              121.29528246890605,
              23.701843779968033
            ],
            [
              121.29500454662313,
              23.701659988134175
            ],
            [
              121.29504066797439,
              23.701538434489837
            ],
            [
              121.29494942778416,
              23.70142550183316
            ],
            [
              121.29484923032467,
              23.701375423149628
            ],
            [
              121.29475837612905,
              23.701434244019723
            ],
            [
              121.29474946568433,
              23.701518043609692
            ],
            [
              121.29461304309741,
              23.701543438109358
            ],
            [
              121.29440381283054,
              23.701560592720337
            ],
            [
              121.29426742769768,
              23.701602743369666
            ],
            [
              121.29402180285381,
              23.701619966649634
            ],
            [
              121.29377618731745,
              23.701641378653942
            ],
            [
              121.29358070776158,
              23.701704586500682
            ],
            [
              121.29357677688876,
              23.701981076617674
            ],
            [
              121.29358612852855,
              23.702094165421272
            ],
            [
              121.29347711344239,
              23.702169776511443
            ],
            [
              121.2933087603943,
              23.702157528223534
            ],
            [
              121.29312192941069,
              23.702019640808341
            ],
            [
              121.29293522971558,
              23.701940400752679
            ],
            [
              121.29287141777702,
              23.701886062794628
            ],
            [
              121.29273053854365,
              23.701953355386124
            ],
            [
              121.29262168185082,
              23.702100180811755
            ],
            [
              121.29254971442242,
              23.702468960397947
            ],
            [
              121.29247710245073,
              23.702548691111314
            ],
            [
              121.29221325956581,
              23.702557567695862
            ],
            [
              121.29210400088341,
              23.702524260872103
            ],
            [
              121.29193661658934,
              23.702947678908952
            ],
            [
              121.29171852708807,
              23.70307376402463
            ],
            [
              121.29149108723171,
              23.703086759904675
            ],
            [
              121.29115890989881,
              23.703053872062505
            ],
            [
              121.29089944810342,
              23.702987333811446
            ],
            [
              121.29072170784232,
              23.702845237286343
            ],
            [
              121.29064859357581,
              23.702698754993254
            ],
            [
              121.29060265491738,
              23.702497762931976
            ],
            [
              121.29060231172207,
              23.70234276570412
            ],
            [
              121.29075210553594,
              23.702191675661322
            ],
            [
              121.29088411952416,
              23.702229129816232
            ],
            [
              121.29100704421968,
              23.702270790077971
            ],
            [
              121.29111605154046,
              23.702190991599416
            ],
            [
              121.29130224844101,
              23.702044021690114
            ],
            [
              121.29144737086021,
              23.701838481055951
            ],
            [
              121.29137405176516,
              23.701599838572292
            ],
            [
              121.29131477133943,
              23.701537113169621
            ],
            [
              121.29146430759543,
              23.701270821788995
            ],
            [
              121.2914819744922,
              23.701032007990168
            ],
            [
              121.29131790271546,
              23.70089826462376
            ],
            [
              121.29117677280668,
              23.700852449705856
            ],
            [
              121.29082658045415,
              23.700899188498575
            ],
            [
              121.29069025976462,
              23.700970659809343
            ],
            [
              121.290535611965,
              23.7009835175459
            ],
            [
              121.29063992081856,
              23.70083670209408
            ],
            [
              121.2908397734567,
              23.700693896218691
            ],
            [
              121.29112633120603,
              23.700672411886142
            ],
            [
              121.29127667100705,
              23.700768479111833
            ],
            [
              121.29134050963948,
              23.700835385091551
            ],
            [
              121.29144956208201,
              23.700776531951298
            ],
            [
              121.29162676045699,
              23.700675659042098
            ],
            [
              121.2916537489162,
              23.700537366825781
            ],
            [
              121.29159432924875,
              23.700411804793745
            ],
            [
              121.29146683825394,
              23.70036177530891
            ],
            [
              121.29138945431059,
              23.700340975332924
            ],
            [
              121.2913346586259,
              23.700248917552514
            ],
            [
              121.29133443547543,
              23.70014837878783
            ],
            [
              121.2913524558208,
              23.700068751349871
            ],
            [
              121.29132046230285,
              23.700001785438435
            ],
            [
              121.29122480724678,
              23.699947506698425
            ],
            [
              121.29112476097313,
              23.699964451415955
            ],
            [
              121.2910247889766,
              23.700014908992404
            ],
            [
              121.290920072674,
              23.699977403630069
            ],
            [
              121.29087438524475,
              23.699889517693787
            ],
            [
              121.29088787516059,
              23.699818277084137
            ],
            [
              121.29082862362434,
              23.699768118817559
            ],
            [
              121.29072849392739,
              23.699747361237687
            ],
            [
              121.29065570608019,
              23.699747497923045
            ],
            [
              121.29061908955914,
              23.699647027475304
            ],
            [
              121.29064153892644,
              23.699512933065137
            ],
            [
              121.29064125138642,
              23.699383070473498
            ],
            [
              121.29057746018894,
              23.69933710976219
            ],
            [
              121.29050443152109,
              23.699228329358299
            ],
            [
              121.29049522182744,
              23.699178077039768
            ],
            [
              121.29040861980931,
              23.699102835125867
            ],
            [
              121.29021318865739,
              23.699186984300237
            ],
            [
              121.29012220423256,
              23.699187154844914
            ],
            [
              121.29004018866308,
              23.699128660662048
            ],
            [
              121.28990369358048,
              23.699120538073291
            ],
            [
              121.28984009701149,
              23.699162548495778
            ],
            [
              121.28976716152368,
              23.699095658898528
            ],
            [
              121.28972608911394,
              23.699037087902319
            ],
            [
              121.2895895941429,
              23.699028965035392
            ],
            [
              121.28933953500025,
              23.699096458758589
            ],
            [
              121.28926216136131,
              23.699079846821743
            ],
            [
              121.28927113055492,
              23.69902118218813
            ],
            [
              121.28925737213393,
              23.698970938290596
            ],
            [
              121.28916625865652,
              23.698912460638493
            ],
            [
              121.28897964873539,
              23.698870917764577
            ],
            [
              121.28893898246622,
              23.698996667692207
            ],
            [
              121.28891190845805,
              23.699097257437433
            ],
            [
              121.28881654077421,
              23.699172839804973
            ],
            [
              121.28872096105624,
              23.699152072429861
            ],
            [
              121.28864342165087,
              23.699060056081262
            ],
            [
              121.28864768530669,
              23.698930184976597
            ],
            [
              121.28872030686277,
              23.698854645136084
            ],
            [
              121.28875660839446,
              23.698812686086182
            ],
            [
              121.28874735332606,
              23.698741488069452
            ],
            [
              121.28865623102105,
              23.698678820994676
            ],
            [
              121.28861955185847,
              23.698549026222665
            ],
            [
              121.28857823148266,
              23.698377348747474
            ],
            [
              121.28862345631347,
              23.698255779538854
            ],
            [
              121.28861403557597,
              23.698109177396265
            ],
            [
              121.28864114646203,
              23.698025344159589
            ],
            [
              121.28876369791683,
              23.697899441576496
            ],
            [
              121.28879985171776,
              23.697790456635204
            ],
            [
              121.28872689909753,
              23.697715188288381
            ],
            [
              121.28866311859008,
              23.697673415881432
            ],
            [
              121.28866727165739,
              23.697493275341991
            ],
            [
              121.28866705057889,
              23.697392736517727
            ],
            [
              121.28878051232965,
              23.697271039999499
            ],
            [
              121.28877125736658,
              23.697199841969116
            ],
            [
              121.28869388491695,
              23.69718322973258
            ],
            [
              121.28862990205437,
              23.6970492967132
            ],
            [
              121.28863425778444,
              23.696961316755349
            ],
            [
              121.28853857842824,
              23.696894468947701
            ],
            [
              121.28844759557886,
              23.696894638492743
            ],
            [
              121.28834767086367,
              23.69696603993777
            ],
            [
              121.28809324049891,
              23.697113133350129
            ],
            [
              121.28798406089341,
              23.697113336485469
            ],
            [
              121.28792023497542,
              23.697050618173275
            ],
            [
              121.28776098724281,
              23.69703834685324
            ],
            [
              121.28764739623199,
              23.697101394980013
            ],
            [
              121.28747009863379,
              23.697156183062496
            ],
            [
              121.28739737639916,
              23.697185642029918
            ],
            [
              121.28729719418727,
              23.697139747489249
            ],
            [
              121.28721519947935,
              23.697089630006385
            ],
            [
              121.28717873296976,
              23.69705618457283
            ],
            [
              121.28706051006657,
              23.697081538644298
            ],
            [
              121.28700138943915,
              23.697090026527821
            ],
            [
              121.28696947213206,
              23.697056572610908
            ],
            [
              121.28697842390885,
              23.69698952984913
            ],
            [
              121.28699654722959,
              23.696955983168561
            ],
            [
              121.2869463967546,
              23.696905806503683
            ],
            [
              121.28690534460148,
              23.69685561296096
            ],
            [
              121.28681873701306,
              23.696776179862653
            ],
            [
              121.28680491571031,
              23.696696611889916
            ],
            [
              121.28668658327769,
              23.696671696248909
            ],
            [
              121.28647735046802,
              23.696684650972536
            ],
            [
              121.28638616670116,
              23.696592658687855
            ],
            [
              121.28632677215101,
              23.696475472741792
            ],
            [
              121.28626744164977,
              23.696387610604148
            ],
            [
              121.2862717898123,
              23.696295441570964
            ],
            [
              121.28624889805644,
              23.696228457720871
            ],
            [
              121.28609871318206,
              23.69619941137891
            ],
            [
              121.28595300449544,
              23.696136843533203
            ],
            [
              121.28598926967514,
              23.696078128638629
            ],
            [
              121.28594358691737,
              23.695990241157723
            ],
            [
              121.2858343626222,
              23.695969497170502
            ],
            [
              121.28574347156901,
              23.696011556315572
            ],
            [
              121.28563426551449,
              23.695999190426257
            ],
            [
              121.28556591948131,
              23.695949046870098
            ],
            [
              121.28549747329264,
              23.695852822966341
            ],
            [
              121.28540624525613,
              23.695739884483494
            ],
            [
              121.28528781380807,
              23.695668887440924
            ],
            [
              121.28520575707766,
              23.695589445028443
            ],
            [
              121.284959832978,
              23.695464223763274
            ],
            [
              121.28490518930182,
              23.695439189508278
            ],
            [
              121.28485045475703,
              23.695372264031818
            ],
            [
              121.28478203665473,
              23.695288607157472
            ],
            [
              121.28469549496943,
              23.695238496675337
            ],
            [
              121.28466345153984,
              23.695146394579794
            ],
            [
              121.2846267591776,
              23.695008220514062
            ],
            [
              121.28459917412258,
              23.694874218832936
            ],
            [
              121.28468542486006,
              23.694790277516663
            ],
            [
              121.28473082472227,
              23.694748302657587
            ],
            [
              121.28480344626716,
              23.694672764614289
            ],
            [
              121.28488969674186,
              23.694588823184549
            ],
            [
              121.28492139473659,
              23.694521738657187
            ],
            [
              121.28483931168604,
              23.69442972866759
            ],
            [
              121.28470254016506,
              23.694291738693103
            ],
            [
              121.2845386198927,
              23.694220824691108
            ],
            [
              121.28444276309875,
              23.694070191868665
            ],
            [
              121.28438309016691,
              23.693823142354884
            ],
            [
              121.28430072674254,
              23.693601269302725
            ],
            [
              121.28428224038225,
              23.693467250828668
            ],
            [
              121.28428206805317,
              23.693387657520933
            ],
            [
              121.28422728934984,
              23.693299786187506
            ],
            [
              121.28415897246174,
              23.693262209338933
            ],
            [
              121.28414511690043,
              23.693165884587028
            ],
            [
              121.28414038657942,
              23.693082110501688
            ],
            [
              121.28401290550508,
              23.693032074734699
            ],
            [
              121.28390825109119,
              23.693019699253433
            ],
            [
              121.2837990929584,
              23.693028277648619
            ],
            [
              121.28374448672845,
              23.693019999451778
            ],
            [
              121.28371254409006,
              23.692973977462657
            ],
            [
              121.28364861363328,
              23.692860987853233
            ],
            [
              121.28359377224113,
              23.692743792429052
            ],
            [
              121.28356636967574,
              23.692693572952916
            ],
            [
              121.28354799275624,
              23.692609823833283
            ],
            [
              121.28354333520802,
              23.692559562697525
            ],
            [
              121.28345661493412,
              23.692425669038023
            ],
            [
              121.28340635905049,
              23.692325221699207
            ],
            [
              121.28333350295776,
              23.692291841923172
            ],
            [
              121.28328343700927,
              23.692279366113127
            ],
            [
              121.28322413756641,
              23.692204070091496
            ],
            [
              121.28319207786086,
              23.692103589393284
            ],
            [
              121.28318289859492,
              23.692065903929546
            ],
            [
              121.28315999110454,
              23.691990541318734
            ],
            [
              121.28309619708095,
              23.691940388298406
            ],
            [
              121.28307331675502,
              23.691877593041092
            ],
            [
              121.28304582427401,
              23.691785482235733
            ],
            [
              121.28301373772408,
              23.6916724341243
            ],
            [
              121.28296359079759,
              23.691622256101144
            ],
            [
              121.2829634102558,
              23.691538473642375
            ],
            [
              121.28294505194293,
              23.69146310267951
            ],
            [
              121.28286290903527,
              23.69134176771265
            ],
            [
              121.28282640012277,
              23.691287375587521
            ],
            [
              121.28282166170142,
              23.691199412309732
            ],
            [
              121.28282604824334,
              23.691123999783084
            ],
            [
              121.28285777355116,
              23.691069483015891
            ],
            [
              121.28281214879168,
              23.691006729257339
            ],
            [
              121.28271197288804,
              23.690960831652518
            ],
            [
              121.28262086788153,
              23.690902350006493
            ],
            [
              121.28256162353017,
              23.690852188449085
            ],
            [
              121.28246603280827,
              23.690823038875369
            ],
            [
              121.28233868065487,
              23.690831649418435
            ],
            [
              121.28217493700187,
              23.690840326178037
            ],
            [
              121.28210227102909,
              23.690894917401916
            ],
            [
              121.28193405029305,
              23.690937115184322
            ],
            [
              121.28176117264516,
              23.690929051577776
            ],
            [
              121.28170200948533,
              23.690916591802498
            ],
            [
              121.28159291581935,
              23.690954492495798
            ],
            [
              121.28151566467494,
              23.690992335223903
            ],
            [
              121.28142947720426,
              23.691105598677378
            ],
            [
              121.28130230417771,
              23.691197990846227
            ],
            [
              121.28129338575506,
              23.691281789848688
            ],
            [
              121.28132081407874,
              23.691344577118308
            ],
            [
              121.28132100254545,
              23.691432548714676
            ],
            [
              121.28123465312663,
              23.691470407832849
            ],
            [
              121.2811118312756,
              23.691470630863307
            ],
            [
              121.28099338806118,
              23.691391252190385
            ],
            [
              121.28090679661527,
              23.691316004784245
            ],
            [
              121.28078851489981,
              23.691312030180434
            ],
            [
              121.28062921204985,
              23.691270427575343
            ],
            [
              121.28052455933512,
              23.691258049787812
            ],
            [
              121.28045618192854,
              23.691191147407096
            ],
            [
              121.28029688826896,
              23.691153733581203
            ],
            [
              121.2801511700378,
              23.69108278190652
            ],
            [
              121.28009186399042,
              23.691003295527221
            ],
            [
              121.28008264995292,
              23.690948853367914
            ],
            [
              121.2801279695602,
              23.690869177717275
            ],
            [
              121.28026435720389,
              23.690831228653884
            ],
            [
              121.28046903246472,
              23.690818290639371
            ],
            [
              121.28062397377465,
              23.690947873268623
            ],
            [
              121.28071967165468,
              23.69102729347081
            ],
            [
              121.28086532740551,
              23.691068920740918
            ],
            [
              121.28090180856576,
              23.691110745966451
            ],
            [
              121.28090642023975,
              23.691140061581592
            ],
            [
              121.28093819116414,
              23.691106490819887
            ],
            [
              121.28095176629725,
              23.691072953067746
            ],
            [
              121.28104272724086,
              23.691064409718198
            ],
            [
              121.28110175589565,
              23.691014032886596
            ],
            [
              121.2811425618393,
              23.690951121699136
            ],
            [
              121.28118795256198,
              23.690904958736024
            ],
            [
              121.28125601615545,
              23.690825241456555
            ],
            [
              121.28132861064962,
              23.690737137634525
            ],
            [
              121.28137854118738,
              23.690686777226848
            ],
            [
              121.28139662918764,
              23.690636474673102
            ],
            [
              121.28139202639987,
              23.690611348195564
            ],
            [
              121.28137375888181,
              23.690577868268246
            ],
            [
              121.2813736511706,
              23.690527598779411
            ],
            [
              121.2814281754233,
              23.690498175709692
            ],
            [
              121.28147831235528,
              23.690544165123022
            ],
            [
              121.28151937841058,
              23.690602738432283
            ],
            [
              121.28159680000435,
              23.690644489057867
            ],
            [
              121.28173787071754,
              23.690669367287622
            ],
            [
              121.28186074576169,
              23.690694278510623
            ],
            [
              121.28192439481127,
              23.690677406077722
            ],
            [
              121.28195617435701,
              23.690648024232498
            ],
            [
              121.28205168386292,
              23.690639472010009
            ],
            [
              121.28208352636106,
              23.690639414005279
            ],
            [
              121.28211072993609,
              23.690597473044065
            ],
            [
              121.28217430689374,
              23.690547087518748
            ],
            [
              121.28223795583045,
              23.69053021495769
            ],
            [
              121.28233816726852,
              23.690592869371255
            ],
            [
              121.28241097712078,
              23.690605304016014
            ],
            [
              121.28247905783486,
              23.690533964451767
            ],
            [
              121.28252449300385,
              23.690508746718649
            ],
            [
              121.28259279897611,
              23.690542135196253
            ],
            [
              121.28260188781046,
              23.690537929468793
            ],
            [
              121.28270175673035,
              23.690441396947993
            ],
            [
              121.28272885183726,
              23.690349186395235
            ],
            [
              121.2828013999692,
              23.690240136270624
            ],
            [
              121.28281034443006,
              23.690168904551175
            ],
            [
              121.28284207854077,
              23.690118576906418
            ],
            [
              121.28288757666428,
              23.690122682933787
            ],
            [
              121.28291941903483,
              23.690122624758374
            ],
            [
              121.28299693105662,
              23.690206265921812
            ],
            [
              121.28303339458994,
              23.690239712398338
            ],
            [
              121.28306523698843,
              23.690239654192663
            ],
            [
              121.28316090870855,
              23.69030650551354
            ],
            [
              121.28321122685679,
              23.690436276831679
            ],
            [
              121.28335723524255,
              23.690641277570499
            ],
            [
              121.28337113513808,
              23.690758548048553
            ],
            [
              121.28343514568995,
              23.69090923992351
            ],
            [
              121.28354000641855,
              23.691017965574808
            ],
            [
              121.28355854592456,
              23.691177118928053
            ],
            [
              121.28364518402439,
              23.691273310453308
            ],
            [
              121.28373151450127,
              23.691227071752056
            ],
            [
              121.28381331407869,
              23.691189219586573
            ],
            [
              121.28386796482893,
              23.6912184433824
            ],
            [
              121.28387721667788,
              23.691289641790519
            ],
            [
              121.28390471868974,
              23.691385941572264
            ],
            [
              121.28404137758162,
              23.691473662869203
            ],
            [
              121.28406443047822,
              23.691616051311254
            ],
            [
              121.28408734748142,
              23.691695602910016
            ],
            [
              121.28420125291599,
              23.691779176664532
            ],
            [
              121.2843515502535,
              23.691862683506116
            ],
            [
              121.2845790168974,
              23.691870643889004
            ],
            [
              121.28459743976121,
              23.691975338499603
            ],
            [
              121.28465671263696,
              23.692038066624733
            ],
            [
              121.28472492002233,
              23.692025373799847
            ],
            [
              121.2848841614211,
              23.692037648312056
            ],
            [
              121.28489351386096,
              23.692154926987396
            ],
            [
              121.28494359808997,
              23.692175780519833
            ],
            [
              121.28500721107496,
              23.692142150332266
            ],
            [
              121.28505720437543,
              23.692121112609097
            ],
            [
              121.28510275782889,
              23.692150352708378
            ],
            [
              121.2851074341487,
              23.692208992037937
            ],
            [
              121.28512579380899,
              23.692284362724266
            ],
            [
              121.28513489177713,
              23.692284345970435
            ],
            [
              121.28515325146418,
              23.692359716652522
            ],
            [
              121.28516700759698,
              23.692409960979507
            ],
            [
              121.28523079353224,
              23.692455924012187
            ],
            [
              121.28532652258453,
              23.692547908679209
            ],
            [
              121.28544483283191,
              23.692564447168291
            ],
            [
              121.28554046190533,
              23.692610351363754
            ],
            [
              121.28561339162174,
              23.692677243063955
            ],
            [
              121.28562744868042,
              23.692865728349226
            ],
            [
              121.28562757625743,
              23.692924376046818
            ],
            [
              121.28582345708375,
              23.693049688712929
            ],
            [
              121.28589206620676,
              23.693221316697215
            ],
            [
              121.28591974343402,
              23.693397209376084
            ],
            [
              121.28593835004982,
              23.693585686210028
            ],
            [
              121.28595238031656,
              23.69376160407629
            ],
            [
              121.28595739465418,
              23.693975240825743
            ],
            [
              121.28591235122029,
              23.694180591741869
            ],
            [
              121.28579423094854,
              23.694252025158274
            ],
            [
              121.28575807558541,
              23.694361009462121
            ],
            [
              121.28577648152358,
              23.69445732564569
            ],
            [
              121.28589493037505,
              23.694536700574069
            ],
            [
              121.28602239536448,
              23.694578356520402
            ],
            [
              121.28609525340185,
              23.694611735002525
            ],
            [
              121.28619990014417,
              23.694619919868646
            ],
            [
              121.28629554011621,
              23.694670012688654
            ],
            [
              121.2863957109529,
              23.694711718793741
            ],
            [
              121.28645485797232,
              23.694715798508781
            ],
            [
              121.28652301171098,
              23.694677970164658
            ],
            [
              121.28667304858192,
              23.694639990198048
            ],
            [
              121.28673214068455,
              23.694618935087941
            ],
            [
              121.28679563542137,
              23.694530845610061
            ],
            [
              121.28678182353464,
              23.694455466729782
            ],
            [
              121.28685452610047,
              23.694417629814481
            ],
            [
              121.286918368529,
              23.69448872684449
            ],
            [
              121.28704122061649,
              23.694501066540635
            ],
            [
              121.28705019967336,
              23.694446591114342
            ],
            [
              121.28709556201353,
              23.694387859088781
            ],
            [
              121.28719570539214,
              23.694416997317827
            ],
            [
              121.28731861243959,
              23.694454471513204
            ],
            [
              121.28751419442794,
              23.694441541027729
            ],
            [
              121.28785540131511,
              23.694453474435608
            ],
            [
              121.28813293982414,
              23.694473903864942
            ],
            [
              121.28830611681443,
              23.694616012124754
            ],
            [
              121.2883200675828,
              23.694754227648001
            ],
            [
              121.28824758599181,
              23.69489260410932
            ],
            [
              121.28813406141812,
              23.694984976424745
            ],
            [
              121.28813432803118,
              23.695106460880716
            ],
            [
              121.28823472969357,
              23.695252893761111
            ],
            [
              121.28831666843244,
              23.695277876009403
            ],
            [
              121.28842115937988,
              23.695214844344612
            ],
            [
              121.28848016861036,
              23.695156086498301
            ],
            [
              121.28858481591719,
              23.695164269746204
            ],
            [
              121.28866657045333,
              23.695105469430985
            ],
            [
              121.28865267453934,
              23.694992388663234
            ],
            [
              121.28863860366876,
              23.694799714629525
            ],
            [
              121.28867926897267,
              23.694673964722586
            ],
            [
              121.28867905712524,
              23.69457761498105
            ],
            [
              121.28871533907949,
              23.6945272776906
            ],
            [
              121.288792553319,
              23.694472674910607
            ],
            [
              121.28879244274745,
              23.694422405479585
            ],
            [
              121.2887422188704,
              23.694338716422763
            ],
            [
              121.28873755926675,
              23.694288455474279
            ],
            [
              121.28877846388019,
              23.694271622639445
            ],
            [
              121.28885572402507,
              23.694237965424623
            ],
            [
              121.28889191364527,
              23.694145736898474
            ],
            [
              121.28887813746768,
              23.694087114690429
            ],
            [
              121.28885523556828,
              23.694015942096343
            ],
            [
              121.28884589787252,
              23.693907041963069
            ],
            [
              121.28888670096595,
              23.693844128785237
            ],
            [
              121.28900039921869,
              23.69383134919017
            ],
            [
              121.28913236738988,
              23.69385204848853
            ],
            [
              121.28926907845349,
              23.693960710681555
            ],
            [
              121.28937395566618,
              23.694073621387957
            ],
            [
              121.28944223750582,
              23.694094439436174
            ],
            [
              121.28953308907808,
              23.694035621656901
            ],
            [
              121.28964214597343,
              23.693980958904802
            ],
            [
              121.28968759941326,
              23.693964117321077
            ],
            [
              121.2897739664637,
              23.693934631746952
            ],
            [
              121.28983315945933,
              23.693959655769895
            ],
            [
              121.28996989896395,
              23.694080884692919
            ],
            [
              121.29009296380836,
              23.694189571704772
            ],
            [
              121.29014777456402,
              23.694290008267608
            ],
            [
              121.290202613182,
              23.694403012165189
            ],
            [
              121.2902937702722,
              23.694482434860841
            ],
            [
              121.2904303995481,
              23.69455339393652
            ],
            [
              121.29053043253113,
              23.694532260576899
            ],
            [
              121.29060759037493,
              23.694452522187653
            ],
            [
              121.290662141963,
              23.694435663241091
            ],
            [
              121.29074869463143,
              23.69448995949471
            ],
            [
              121.29081716247813,
              23.694594559300125
            ],
            [
              121.29088551906041,
              23.694648889652544
            ],
            [
              121.2910358331666,
              23.694736579019633
            ],
            [
              121.29109050555626,
              23.694774178459237
            ],
            [
              121.29115443404268,
              23.694882975778487
            ],
            [
              121.29119094739947,
              23.694937365871464
            ],
            [
              121.29130948356692,
              23.695054438678373
            ],
            [
              121.29140951678269,
              23.695033304749767
            ],
            [
              121.2914412952268,
              23.695003920984554
            ],
            [
              121.29150052622113,
              23.695045700830438
            ],
            [
              121.29151885275171,
              23.695104314219954
            ],
            [
              121.29151905738681,
              23.695196474812807
            ],
            [
              121.29151921551468,
              23.695267689815623
            ],
            [
              121.29157387896028,
              23.695301099960666
            ],
            [
              121.29171964518127,
              23.69538879721183
            ],
            [
              121.29177406667212,
              23.69531329022584
            ],
            [
              121.29176475438105,
              23.695216957664659
            ],
            [
              121.29184205154434,
              23.695200055436619
            ],
            [
              121.29191506040509,
              23.695300457041885
            ],
            [
              121.29196071894739,
              23.695375775379212
            ],
            [
              121.29205184981518,
              23.695442629660157
            ],
            [
              121.2921156116512,
              23.695476022448158
            ],
            [
              121.29222941354215,
              23.695509320765272
            ],
            [
              121.2922565215944,
              23.695425486895271
            ],
            [
              121.29239314356872,
              23.695492255092777
            ],
            [
              121.29252067682562,
              23.695563229475596
            ],
            [
              121.29255716293235,
              23.695605051882477
            ],
            [
              121.29267567289948,
              23.695709556263989
            ],
            [
              121.29279411765715,
              23.695784736732303
            ],
            [
              121.29286244763853,
              23.6958264988384
            ],
            [
              121.29304905439533,
              23.695868037078711
            ],
            [
              121.29323104666544,
              23.695880259891219
            ],
            [
              121.29329923645267,
              23.69585918505026
            ],
            [
              121.29333544209267,
              23.695775333764686
            ],
            [
              121.29336722027882,
              23.695745949609453
            ],
            [
              121.2934583052935,
              23.69579185746581
            ],
            [
              121.29355850731304,
              23.695846126249908
            ],
            [
              121.29364504335757,
              23.695892042620155
            ],
            [
              121.29379529508657,
              23.695950405445796
            ],
            [
              121.29391821477626,
              23.695992063478471
            ],
            [
              121.29408664441456,
              23.696042013238856
            ],
            [
              121.29423684017489,
              23.696075240933176
            ],
            [
              121.29444609931306,
              23.696074843087356
            ],
            [
              121.29462348646256,
              23.696061938213155
            ],
            [
              121.29470083075498,
              23.696065980139245
            ],
            [
              121.29471915885766,
              23.696124593126658
            ],
            [
              121.29483271734902,
              23.69604897249658
            ],
            [
              121.29529650047814,
              23.69594754936654
            ],
            [
              121.29558725661381,
              23.695775240021423
            ],
            [
              121.29569647277306,
              23.695791787998917
            ],
            [
              121.29606014580986,
              23.695677986360639
            ],
            [
              121.29639236230494,
              23.695735998584009
            ],
            [
              121.2965923333892,
              23.695651832947057
            ],
            [
              121.29674673753478,
              23.695534241328037
            ],
            [
              121.29692398158414,
              23.695458497091941
            ],
            [
              121.29712883281033,
              23.695520941087835
            ],
            [
              121.29722896023932,
              23.695541694561243
            ],
            [
              121.2972650873929,
              23.695424329454895
            ],
            [
              121.29726924758921,
              23.695252566981356
            ],
            [
              121.29728714986157,
              23.695122669456573
            ],
            [
              121.29739571093283,
              23.694850167254703
            ],
            [
              121.29755435867236,
              23.694598514389398
            ],
            [
              121.2976494140697,
              23.694388874968059
            ],
            [
              121.29777623647256,
              23.694145661317155
            ],
            [
              121.29781228675093,
              23.69399478314196
            ],
            [
              121.29795307878135,
              23.693893973039238
            ],
            [
              121.29793153675656,
              23.692419439042862
            ],
            [
              121.2978170235627,
              23.692071961112131
            ],
            [
              121.29772577818035,
              23.691954840794693
            ],
            [
              121.29768872165249,
              23.691661672551707
            ],
            [
              121.29772914936999,
              23.691435381492695
            ],
            [
              121.29779698460452,
              23.691259307339585
            ],
            [
              121.2977693869678,
              23.691125308064922
            ],
            [
              121.29759620450724,
              23.690983210381532
            ],
            [
              121.29745488390273,
              23.690849429567788
            ],
            [
              121.2973906391604,
              23.690602393929662
            ],
            [
              121.29723117092124,
              23.690489593434894
            ],
            [
              121.29714911979053,
              23.690414346456691
            ],
            [
              121.29719423919444,
              23.690250883541886
            ],
            [
              121.29730274913193,
              23.689957435680043
            ],
            [
              121.29715649240455,
              23.689651909431241
            ],
            [
              121.29696955223592,
              23.689459567754788
            ],
            [
              121.29704192690367,
              23.689279296044898
            ],
            [
              121.29707778723309,
              23.68904463557017
            ],
            [
              121.29691317563834,
              23.688667928917731
            ],
            [
              121.29679393980724,
              23.68824086545218
            ],
            [
              121.29670248036477,
              23.688027394684426
            ],
            [
              121.29664292922766,
              23.687843186701137
            ],
            [
              121.29667394774904,
              23.687478672265804
            ],
            [
              121.29676453592221,
              23.687306744028277
            ],
            [
              121.29675519221495,
              23.687197844337987
            ],
            [
              121.29664590739867,
              23.687147784056886
            ],
            [
              121.29655019339633,
              23.687064184603663
            ],
            [
              121.29646350146177,
              23.686947054709982
            ],
            [
              121.29647231537271,
              23.686821363679851
            ],
            [
              121.29638563312301,
              23.686708422857194
            ],
            [
              121.29631719340732,
              23.686616392772891
            ],
            [
              121.29624415776537,
              23.686503425754058
            ],
            [
              121.29628013221748,
              23.686319034823644
            ],
            [
              121.29639794655601,
              23.68611773071482
            ],
            [
              121.29654330844971,
              23.686029480522166
            ],
            [
              121.29686598656082,
              23.685903188147659
            ],
            [
              121.29698421638855,
              23.685886204912723
            ],
            [
              121.29719301375204,
              23.68568891483902
            ],
            [
              121.29756507177828,
              23.68527347565113
            ],
            [
              121.29782369435827,
              23.68498392792382
            ],
            [
              121.2979279064939,
              23.684803594498476
            ],
            [
              121.29800952684133,
              23.684690330703763
            ],
            [
              121.29805944864853,
              23.684639964963853
            ],
            [
              121.29817778177863,
              23.684669061159244
            ],
            [
              121.29821881532021,
              23.684710873545384
            ],
            [
              121.29830550730892,
              23.684828002489329
            ],
            [
              121.29838290216826,
              23.68485717737223
            ],
            [
              121.29866492289376,
              23.684856633767652
            ],
            [
              121.29881044385618,
              23.68483959651395
            ],
            [
              121.29901967546799,
              23.684835003545654
            ],
            [
              121.2991970946463,
              23.684843039172726
            ],
            [
              121.2992426868296,
              23.684889031615665
            ],
            [
              121.29925656204877,
              23.684989544139015
            ],
            [
              121.29927488102962,
              23.685043967545617
            ],
            [
              121.29930693212408,
              23.685136066660451
            ],
            [
              121.29932975214798,
              23.685169535666684
            ],
            [
              121.2993616314603,
              23.685186230603389
            ],
            [
              121.30013623689725,
              23.685762832477479
            ],
            [
              121.30078795553507,
              23.686306156001731
            ],
            [
              121.30114342236214,
              23.686594515683929
            ],
            [
              121.30157602780854,
              23.686798941583408
            ],
            [
              121.30200853826533,
              23.686961475072486
            ],
            [
              121.30224533577154,
              23.687074119795685
            ],
            [
              121.30329178142401,
              23.687168424053098
            ],
            [
              121.3037104647012,
              23.687251386240384
            ],
            [
              121.30388386196273,
              23.687485637717565
            ],
            [
              121.30426654430042,
              23.687736234471917
            ],
            [
              121.30451239418743,
              23.687827912223479
            ],
            [
              121.30497651018167,
              23.687885646796797
            ],
            [
              121.30510418865602,
              23.688019447638776
            ],
            [
              121.30526845279435,
              23.688236958965362
            ],
            [
              121.30548667997198,
              23.68818625899516
            ],
            [
              121.30578696151666,
              23.688210801150106
            ],
            [
              121.30608687216552,
              23.688076156311347
            ],
            [
              121.30621394638071,
              23.687950231025869
            ],
            [
              121.30643172309696,
              23.687706830388784
            ],
            [
              121.30683145133496,
              23.687463069043364
            ],
            [
              121.30704057898753,
              23.687412384923
            ],
            [
              121.30723153085631,
              23.687370114852538
            ],
            [
              121.3071853373677,
              23.687068588728845
            ],
            [
              121.30683894393039,
              23.68677603594055
            ],
            [
              121.30659235127183,
              23.686365988994169
            ],
            [
              121.30640987273951,
              23.686140136784491
            ],
            [
              121.30620027809225,
              23.685989742420691
            ],
            [
              121.30597172776157,
              23.685512632553468
            ],
            [
              121.30576229064361,
              23.685429263451883
            ],
            [
              121.30574329611773,
              23.68508579171688
            ],
            [
              121.30591501599703,
              23.684599512704498
            ],
            [
              121.30611453441526,
              23.684331013689047
            ],
            [
              121.30635120358873,
              23.684389193651054
            ],
            [
              121.30655189394302,
              23.684623388229642
            ],
            [
              121.306652747933,
              23.684958319532473
            ],
            [
              121.30668066622584,
              23.685226369009357
            ],
            [
              121.30674503325689,
              23.685519481102453
            ],
            [
              121.30670903460329,
              23.685687117862056
            ],
            [
              121.30686392687325,
              23.685787350304917
            ],
            [
              121.30732789937025,
              23.685786430274035
            ],
            [
              121.3076372536013,
              23.685802572614811
            ],
            [
              121.30810120646564,
              23.685793272033496
            ],
            [
              121.30825552969462,
              23.68565053431362
            ],
            [
              121.30845506453672,
              23.685390410585601
            ],
            [
              121.30859127071994,
              23.685281221703313
            ],
            [
              121.30882772597738,
              23.685247237280578
            ],
            [
              121.3091916244133,
              23.68524651120649
            ],
            [
              121.30930065584083,
              23.685187645588222
            ],
            [
              121.30947279689298,
              23.684885683901143
            ],
            [
              121.30955433815645,
              23.684743090309414
            ],
            [
              121.30992681862689,
              23.684524510282227
            ],
            [
              121.31034510153519,
              23.684439889950191
            ],
            [
              121.31068115062762,
              23.684204624571347
            ],
            [
              121.31181828418863,
              23.684185582772646
            ],
            [
              121.31255521221141,
              23.684200853881137
            ],
            [
              121.31305594777149,
              23.684359029692892
            ],
            [
              121.31329361907522,
              23.68483611052509
            ],
            [
              121.31349448235703,
              23.685137321793242
            ],
            [
              121.31380487649757,
              23.685589119733283
            ],
            [
              121.31393348275346,
              23.686108311767335
            ],
            [
              121.31393436386119,
              23.686476953794706
            ],
            [
              121.3138623042788,
              23.686778717507142
            ],
            [
              121.31382713518833,
              23.687289863112891
            ],
            [
              121.31387295307435,
              23.687584064711075
            ],
            [
              121.31394977186635,
              23.687689676798719
            ],
            [
              121.31416857583874,
              23.687881933193069
            ],
            [
              121.31437792180699,
              23.687923399673792
            ],
            [
              121.31459604444524,
              23.687830795778112
            ],
            [
              121.31511440860736,
              23.687745959188518
            ],
            [
              121.31531419437451,
              23.687594743733612
            ],
            [
              121.3155685250637,
              23.687426660349381
            ],
            [
              121.31565958167035,
              23.687459987836366
            ],
            [
              121.31604149976883,
              23.687383804487869
            ],
            [
              121.31644139056067,
              23.68721542254961
            ],
            [
              121.31685106510666,
              23.687331880607772
            ],
            [
              121.31698791328259,
              23.68749078759765
            ],
            [
              121.31706085596372,
              23.687557664395531
            ],
            [
              121.31745146608498,
              23.687313894471551
            ],
            [
              121.31814176721674,
              23.686851673284387
            ],
            [
              121.31826905190398,
              23.6868178986842
            ],
            [
              121.31850518215904,
              23.686649847909273
            ],
            [
              121.31865933233249,
              23.686440074155861
            ],
            [
              121.31909585117045,
              23.686372149212087
            ],
            [
              121.31932294314586,
              23.686229250616272
            ],
            [
              121.3198860303454,
              23.68583431007141
            ],
            [
              121.32019520210136,
              23.685775023298998
            ],
            [
              121.3206594398591,
              23.68588298022776
            ],
            [
              121.32102352393456,
              23.685957630336944
            ],
            [
              121.32135974194215,
              23.685797745998048
            ],
            [
              121.32136818346886,
              23.685529623999422
            ],
            [
              121.32177483988386,
              23.684414470297526
            ],
            [
              121.32201975060042,
              23.68412072195159
            ],
            [
              121.32234684477481,
              23.683952476187351
            ],
            [
              121.32251893350006,
              23.683642122065972
            ],
            [
              121.32260037745873,
              23.683466008847081
            ],
            [
              121.32273683734182,
              23.683465724554203
            ],
            [
              121.32299156245122,
              23.683465193552507
            ],
            [
              121.32306401137667,
              23.683330990183695
            ],
            [
              121.32361853482621,
              23.683162267189214
            ],
            [
              121.32411820434966,
              23.682884739555366
            ],
            [
              121.32459963581618,
              23.682590492008696
            ],
            [
              121.32507209226324,
              23.682346531409824
            ],
            [
              121.32556338505184,
              23.68236225604408
            ],
            [
              121.32584577375019,
              23.682512471004994
            ],
            [
              121.32616480177876,
              23.682763147475711
            ],
            [
              121.32655625528916,
              23.682871240078203
            ],
            [
              121.3270754052262,
              23.683113114306416
            ],
            [
              121.32713967051146,
              23.68334756998318
            ],
            [
              121.32744065455117,
              23.68365692971734
            ],
            [
              121.32778691772354,
              23.683882410385213
            ],
            [
              121.328051724266,
              23.684275628077454
            ],
            [
              121.32812506834867,
              23.684501685796363
            ],
            [
              121.32812582178495,
              23.684803301643878
            ],
            [
              121.32826276455097,
              23.684995711472315
            ],
            [
              121.32841744174648,
              23.685003761808041
            ],
            [
              121.32867196005458,
              23.684919439258891
            ],
            [
              121.32901759907878,
              23.684893570571713
            ],
            [
              121.32953604683156,
              23.684850576988971
            ],
            [
              121.32992689897507,
              23.684715692670036
            ],
            [
              121.33053594022414,
              23.684521694032835
            ],
            [
              121.33074532789666,
              23.684579894839814
            ],
            [
              121.33096410868885,
              23.684755370938035
            ],
            [
              121.33110964608512,
              23.684746681596547
            ],
            [
              121.33138193418313,
              23.684494751408607
            ],
            [
              121.33192716353805,
              23.684250614282732
            ],
            [
              121.33268154511229,
              23.683972513081844
            ],
            [
              121.33312737906505,
              23.683996689556011
            ],
            [
              121.33340971597399,
              23.684121755916181
            ],
            [
              121.33358318285144,
              23.684364351918781
            ],
            [
              121.33361126229015,
              23.68467428703104
            ],
            [
              121.33365768568636,
              23.685042830416755
            ],
            [
              121.33386762920517,
              23.685318860499603
            ],
            [
              121.33428668731037,
              23.685544169499298
            ],
            [
              121.33443213999107,
              23.685501964182219
            ],
            [
              121.33457714441504,
              23.685283816283093
            ],
            [
              121.33479511995425,
              23.685140914840115
            ],
            [
              121.335068384818,
              23.68527437599009
            ],
            [
              121.33527831026659,
              23.685542025903729
            ],
            [
              121.33559697815814,
              23.685641874773921
            ],
            [
              121.33603382791161,
              23.685707953570567
            ],
            [
              121.3363061727723,
              23.685481149470675
            ],
            [
              121.33711524393281,
              23.685244799250029
            ],
            [
              121.33786028540197,
              23.68487453241671
            ],
            [
              121.33816849726735,
              23.684446568654927
            ],
            [
              121.3385490540706,
              23.68385088101039
            ],
            [
              121.33934745540299,
              23.683011308008822
            ],
            [
              121.3400451699092,
              23.681937360751281
            ],
            [
              121.34054390897829,
              23.681316273881535
            ],
            [
              121.34099694030967,
              23.680611503440485
            ],
            [
              121.34131457738656,
              23.680317564771354
            ],
            [
              121.34199533252145,
              23.679729585076004
            ],
            [
              121.34272158845012,
              23.679149879996388
            ],
            [
              121.34342188285495,
              23.679081302926637
            ],
            [
              121.34410483823962,
              23.67933951331181
            ],
            [
              121.34466296530844,
              23.680561498075914
            ],
            [
              121.34506537239182,
              23.681373293005681
            ],
            [
              121.34523942936863,
              23.681833709199982
            ],
            [
              121.34563058655253,
              23.68182445857656
            ],
            [
              121.34568541220014,
              23.681916497029469
            ],
            [
              121.34570440029593,
              23.682218071822721
            ],
            [
              121.34591398927446,
              23.682351655951241
            ],
            [
              121.34577962588355,
              23.683147890106191
            ],
            [
              121.34555384676341,
              23.683776763007653
            ],
            [
              121.34526453808321,
              23.684464424957078
            ],
            [
              121.34537522657257,
              23.685042277553809
            ],
            [
              121.34548618051542,
              23.685720668439753
            ],
            [
              121.34582457333221,
              23.686398551457131
            ],
            [
              121.34593451574914,
              23.686691544653794
            ],
            [
              121.34621751083166,
              23.687059555211434
            ],
            [
              121.34633597784901,
              23.687134694556249
            ],
            [
              121.34651868055776,
              23.68741914630402
            ],
            [
              121.3468472111223,
              23.687803810242958
            ],
            [
              121.34717536711011,
              23.688046044081659
            ],
            [
              121.34748528469741,
              23.688271561638526
            ],
            [
              121.34783223745447,
              23.688739964522547
            ],
            [
              121.34820606372553,
              23.689049119482771
            ],
            [
              121.3489250259385,
              23.689139661827948
            ],
            [
              121.34936155922169,
              23.689080029863714
            ],
            [
              121.34976212530884,
              23.689179664565405
            ],
            [
              121.34977200400762,
              23.689472880810357
            ],
            [
              121.34969097232282,
              23.689791437102915
            ],
            [
              121.34967342379841,
              23.690034445805864
            ],
            [
              121.34975588376456,
              23.690252093909127
            ],
            [
              121.34976562867189,
              23.690495040956165
            ],
            [
              121.34990251963305,
              23.690653918303564
            ],
            [
              121.35017540888325,
              23.690636544927578
            ],
            [
              121.35053914181584,
              23.690568695988429
            ],
            [
              121.35085738542929,
              23.690500949277066
            ],
            [
              121.35117612162075,
              23.690617522129191
            ],
            [
              121.35134026298392,
              23.690759579896721
            ],
            [
              121.35165079985148,
              23.691211300022751
            ],
            [
              121.35201513996859,
              23.691369658743255
            ],
            [
              121.35209762713318,
              23.691595683695663
            ],
            [
              121.3521985575306,
              23.691913827287848
            ],
            [
              121.35226264728114,
              23.692064489816591
            ],
            [
              121.35241733395267,
              23.69207251605901
            ],
            [
              121.35252668862168,
              23.692139293042199
            ],
            [
              121.35256350763012,
              23.692298395763917
            ],
            [
              121.35270035884341,
              23.692440514162165
            ],
            [
              121.35297320632027,
              23.692406379443746
            ],
            [
              121.35314640472403,
              23.692531658098321
            ],
            [
              121.35341044749005,
              23.692606459795151
            ],
            [
              121.3536927992612,
              23.692723110407652
            ],
            [
              121.35396675374511,
              23.693099505074855
            ],
            [
              121.35425994563136,
              23.693861254115067
            ],
            [
              121.35438743092126,
              23.693902853549478
            ],
            [
              121.35477817030254,
              23.693726015720156
            ],
            [
              121.3552053459252,
              23.693565849797551
            ],
            [
              121.35547783209718,
              23.693397659697812
            ],
            [
              121.35562294597747,
              23.693229761727892
            ],
            [
              121.3557954441755,
              23.693095313643887
            ],
            [
              121.35599582647677,
              23.693178635412636
            ],
            [
              121.35605066418827,
              23.69327066991865
            ],
            [
              121.35614189389524,
              23.693362620698753
            ],
            [
              121.35630556658182,
              23.69332873118724
            ],
            [
              121.3564960781536,
              23.69312721498553
            ],
            [
              121.35666814290431,
              23.692833580443494
            ],
            [
              121.35690473494675,
              23.692849791730936
            ],
            [
              121.35700510845703,
              23.692958477399088
            ],
            [
              121.35714160050345,
              23.69296654085873
            ],
            [
              121.35724124486372,
              23.692807124498312
            ],
            [
              121.35761343893246,
              23.692504648801954
            ],
            [
              121.35794071276561,
              23.692411731972957
            ],
            [
              121.3579402788291,
              23.692252546487332
            ],
            [
              121.35823077164967,
              23.692017284056291
            ],
            [
              121.35857610229924,
              23.691874054699529
            ],
            [
              121.35886721136147,
              23.691865002035222
            ],
            [
              121.35919478061885,
              23.691880998955487
            ],
            [
              121.35949452876324,
              23.691704360353377
            ],
            [
              121.35975776993227,
              23.691485914820159
            ],
            [
              121.36069411156785,
              23.691215632938093
            ],
            [
              121.36153136526417,
              23.691305840925466
            ],
            [
              121.36173202530847,
              23.691489693450123
            ],
            [
              121.36183288652819,
              23.691774317763837
            ],
            [
              121.3619420608922,
              23.691774062602246
            ],
            [
              121.36212360227238,
              23.691622829916891
            ],
            [
              121.36251902347935,
              23.691500420241599
            ],
            [
              121.36314244588566,
              23.691578552619365
            ],
            [
              121.36360678415585,
              23.691703136419687
            ],
            [
              121.36376133167617,
              23.691660882253359
            ],
            [
              121.36375627215082,
              23.691476573004266
            ],
            [
              121.36367837200665,
              23.691271489265674
            ],
            [
              121.36380524253214,
              23.69109105920322
            ],
            [
              121.36401394647714,
              23.69089368021066
            ],
            [
              121.36426876623072,
              23.690922404773552
            ],
            [
              121.36444197325289,
              23.691047670709899
            ],
            [
              121.3646559579294,
              23.691114192786866
            ],
            [
              121.36501134328414,
              23.691318622146717
            ],
            [
              121.36516052266923,
              23.69180001878031
            ],
            [
              121.36523618010385,
              23.692015579813337
            ],
            [
              121.36538648158123,
              23.692082251058352
            ],
            [
              121.36566200162923,
              23.692192612205584
            ],
            [
              121.36576235845853,
              23.692292913947163
            ],
            [
              121.36578992055091,
              23.692389198495857
            ],
            [
              121.36581298041271,
              23.692502250137334
            ],
            [
              121.36585869173322,
              23.692581735327831
            ],
            [
              121.36602258266326,
              23.692627428252553
            ],
            [
              121.36612253128096,
              23.692581111675896
            ],
            [
              121.3662998821959,
              23.692559746632362
            ],
            [
              121.36635016616485,
              23.692647599086804
            ],
            [
              121.36655057766848,
              23.692739285301858
            ],
            [
              121.36684158254951,
              23.692692515842115
            ],
            [
              121.36690524459395,
              23.692683986766923
            ],
            [
              121.36695999602614,
              23.692742504625485
            ],
            [
              121.36711011179723,
              23.692742148774183
            ],
            [
              121.36719626093149,
              23.692641405730562
            ],
            [
              121.36727349949888,
              23.692607709616279
            ],
            [
              121.3675508452169,
              23.692556782112614
            ],
            [
              121.36774171365462,
              23.692489303066928
            ],
            [
              121.36780109646705,
              23.692577133430934
            ],
            [
              121.36786945991561,
              23.692623051285373
            ],
            [
              121.36793314533018,
              23.692622899962569
            ],
            [
              121.36800572906968,
              23.692551512512768
            ],
            [
              121.36808301434309,
              23.692534572345131
            ],
            [
              121.36816500124436,
              23.692572079451807
            ],
            [
              121.36832412070648,
              23.692538188098371
            ],
            [
              121.36846044829493,
              23.692487594362749
            ],
            [
              121.36854220011772,
              23.692441319534669
            ],
            [
              121.36861503038232,
              23.692457902623964
            ],
            [
              121.36866046109596,
              23.692436848887226
            ],
            [
              121.36867852751931,
              23.692390725608689
            ],
            [
              121.3686556533969,
              23.692344699810672
            ],
            [
              121.3686691708632,
              23.692298587363542
            ],
            [
              121.36871012314499,
              23.692302678964122
            ],
            [
              121.36877376133825,
              23.692285770950669
            ],
            [
              121.36883270936742,
              23.692218604706888
            ],
            [
              121.36897809899284,
              23.69215542158776
            ],
            [
              121.36902364727136,
              23.69217625861226
            ],
            [
              121.36915992709875,
              23.692108907919938
            ],
            [
              121.36924609779498,
              23.692016541925536
            ],
            [
              121.36940954130974,
              23.691903045972555
            ],
            [
              121.36954578528466,
              23.691823127684426
            ],
            [
              121.36984960784888,
              23.691483083973289
            ],
            [
              121.369990163968,
              23.691319372700256
            ],
            [
              121.37012659590251,
              23.691306479292976
            ],
            [
              121.37032202188466,
              23.691243175307662
            ],
            [
              121.37068527238986,
              23.691007715696539
            ],
            [
              121.3708575627455,
              23.690806225634976
            ],
            [
              121.37099368634316,
              23.690684415221586
            ],
            [
              121.37108474699595,
              23.690713520824417
            ],
            [
              121.3712621537194,
              23.690713095565325
            ],
            [
              121.37138454725212,
              23.69056199392725
            ],
            [
              121.37155734561594,
              23.690540633811001
            ],
            [
              121.37159808405411,
              23.69046932110048
            ],
            [
              121.37165719580376,
              23.690460801002708
            ],
            [
              121.37171621268305,
              23.690418768192018
            ],
            [
              121.37189755097225,
              23.69020049880216
            ],
            [
              121.37194725634613,
              23.690083084199642
            ],
            [
              121.37195141366698,
              23.689944833421027
            ],
            [
              121.37190997562321,
              23.689768990120786
            ],
            [
              121.37193225720272,
              23.689605561114767
            ],
            [
              121.37202277141803,
              23.68944196819065
            ],
            [
              121.37208633656954,
              23.689399924312049
            ],
            [
              121.3721184396216,
              23.689492007702828
            ],
            [
              121.37210968615206,
              23.689613513076551
            ],
            [
              121.37226027324795,
              23.689780715735253
            ],
            [
              121.37241943573859,
              23.689763576562001
            ],
            [
              121.37252310879798,
              23.689428197990207
            ],
            [
              121.3726503100424,
              23.689369244319124
            ],
            [
              121.37292325251455,
              23.689372776352048
            ],
            [
              121.37315092081801,
              23.68945182107737
            ],
            [
              121.37329674584555,
              23.689543630130377
            ],
            [
              121.37338785383648,
              23.689589490730519
            ],
            [
              121.3734787951007,
              23.689576704073165
            ],
            [
              121.37360129227343,
              23.689463302479723
            ],
            [
              121.37382394722444,
              23.689378982834295
            ],
            [
              121.37414184109083,
              23.6891938940377
            ],
            [
              121.3743325459325,
              23.689071948826765
            ],
            [
              121.37456869090154,
              23.688933137016644
            ],
            [
              121.37466862167973,
              23.688882625888674
            ],
            [
              121.37501416491129,
              23.688823141851813
            ],
            [
              121.37521889784385,
              23.688835213249359
            ],
            [
              121.375300680891,
              23.688801502146145
            ],
            [
              121.37546429476339,
              23.688750836153051
            ],
            [
              121.37549605266244,
              23.688721435346945
            ],
            [
              121.37546395942519,
              23.688633541760261
            ],
            [
              121.375495705319,
              23.688599951868643
            ],
            [
              121.375595707363,
              23.688574574660773
            ],
            [
              121.3759503229752,
              23.688506688311097
            ],
            [
              121.376186873165,
              23.688510302956665
            ],
            [
              121.37638668470672,
              23.688392522226067
            ],
            [
              121.37669591948463,
              23.688362446499632
            ],
            [
              121.37703250707169,
              23.688353249133268
            ],
            [
              121.37744596679104,
              23.688184677351011
            ],
            [
              121.37797764583944,
              23.687999059509103
            ],
            [
              121.37844156233405,
              23.6879769809095
            ],
            [
              121.37900931505636,
              23.687682354422662
            ],
            [
              121.3794224675117,
              23.687409050301948
            ],
            [
              121.37978529113967,
              23.687035329788287
            ],
            [
              121.3801616134417,
              23.686611305923105
            ],
            [
              121.38061062800578,
              23.686157778709322
            ],
            [
              121.38113708912711,
              23.685745950762001
            ],
            [
              121.38136379501043,
              23.685494045810955
            ],
            [
              121.38163091493048,
              23.685061909028374
            ],
            [
              121.38228410958008,
              23.684436120022621
            ],
            [
              121.38275627987559,
              23.684129148467751
            ],
            [
              121.38330559156907,
              23.683759147868621
            ],
            [
              121.38351904757199,
              23.683645513349898
            ],
            [
              121.38382796333686,
              23.683510696423635
            ],
            [
              121.38402359134591,
              23.683522778830202
            ],
            [
              121.38420068179141,
              23.683417611771947
            ],
            [
              121.3843961135577,
              23.683362668365714
            ],
            [
              121.3845687774957,
              23.683299403019788
            ],
            [
              121.38484583871833,
              23.683160474054088
            ],
            [
              121.38500025858148,
              23.683080497104534
            ],
            [
              121.38515901807226,
              23.682929294266199
            ],
            [
              121.38524081940392,
              23.682903956135778
            ],
            [
              121.38532292789021,
              23.682983345056559
            ],
            [
              121.38543247567577,
              23.683112935020493
            ],
            [
              121.38547367139277,
              23.683200803894007
            ],
            [
              121.38565566548883,
              23.683217107288861
            ],
            [
              121.3859149246944,
              23.683212272397753
            ],
            [
              121.38610155366383,
              23.683257887516454
            ],
            [
              121.38626105113416,
              23.683358028554569
            ],
            [
              121.38671611120007,
              23.683423918812231
            ],
            [
              121.38723057558511,
              23.683581819709637
            ],
            [
              121.38778596657757,
              23.683735427301446
            ],
            [
              121.38832278036764,
              23.683759216966212
            ],
            [
              121.38853189392184,
              23.683716801390062
            ],
            [
              121.38862250729768,
              23.683595089776052
            ],
            [
              121.38906357595376,
              23.683543713063671
            ],
            [
              121.39163277858241,
              23.683277512851831
            ],
            [
              121.39272877096178,
              23.683199333620252
            ],
            [
              121.39309688314002,
              23.683089482864606
            ],
            [
              121.39309170776284,
              23.682880040416286
            ],
            [
              121.39304089600473,
              23.682620444435795
            ],
            [
              121.39330868638037,
              23.682427065499905
            ],
            [
              121.39484098241429,
              23.682230467731483
            ],
            [
              121.39571400763751,
              23.682127701046731
            ],
            [
              121.39664110841652,
              23.681857226543649
            ],
            [
              121.39680505938369,
              23.6819238323809
            ],
            [
              121.39688794614322,
              23.682258748878869
            ],
            [
              121.39735195235815,
              23.68227431562703
            ],
            [
              121.3984725558032,
              23.68281602101597
            ],
            [
              121.39931123033264,
              23.683383579940308
            ],
            [
              121.39968541538704,
              23.683776391016544
            ],
            [
              121.40026876390841,
              23.684143526061632
            ],
            [
              121.40051449303327,
              23.684176403660214
            ],
            [
              121.40114266699322,
              23.684325585800032
            ],
            [
              121.40127861469882,
              23.684157669294688
            ],
            [
              121.40135031791812,
              23.683805598401587
            ],
            [
              121.40138581098664,
              23.683512268829684
            ],
            [
              121.4015675254676,
              23.683436393837599
            ],
            [
              121.40186804208109,
              23.683536152974593
            ],
            [
              121.40238689330974,
              23.683635344424573
            ],
            [
              121.40259720867577,
              23.683986682931661
            ],
            [
              121.40252081885998,
              23.68429268635429
            ],
            [
              121.40235859438739,
              23.684791611698699
            ],
            [
              121.4024108243018,
              23.685507813341871
            ],
            [
              121.40246665369592,
              23.685914011640183
            ],
            [
              121.40259898993298,
              23.686051908193154
            ],
            [
              121.40285876760591,
              23.686214607800455
            ],
            [
              121.40334089304757,
              23.686200785556249
            ],
            [
              121.40370486762852,
              23.68622497180991
            ],
            [
              121.40393274151239,
              23.686366807226914
            ],
            [
              121.40426982401199,
              23.686520924569724
            ],
            [
              121.40462059220641,
              23.686687572727216
            ],
            [
              121.40484350593681,
              23.686695368357597
            ],
            [
              121.40522565119527,
              23.686711125303219
            ],
            [
              121.40568507324544,
              23.686709922465589
            ],
            [
              121.40602607281387,
              23.686658759532811
            ],
            [
              121.40623061023079,
              23.686607953872741
            ],
            [
              121.40640351378534,
              23.68662425664435
            ],
            [
              121.40671794689372,
              23.686807751784567
            ],
            [
              121.40697327318901,
              23.686999779824376
            ],
            [
              121.40746921604709,
              23.687040366747176
            ],
            [
              121.40887936549723,
              23.687049217273007
            ],
            [
              121.40950726179297,
              23.687102016518395
            ],
            [
              121.41037136611466,
              23.687049459870156
            ],
            [
              121.41188538767351,
              23.686819228861005
            ],
            [
              121.41321741517068,
              23.686576901509458
            ],
            [
              121.41516741395662,
              23.686127641294298
            ],
            [
              121.41521274211961,
              23.686077250544464
            ],
            [
              121.41751719111176,
              23.685522282619825
            ],
            [
              121.41898067831309,
              23.685145500217548
            ],
            [
              121.42031243350405,
              23.684827709044168
            ],
            [
              121.42124844971555,
              23.684510983373634
            ],
            [
              121.42259787510891,
              23.684033938772266
            ],
            [
              121.4243335166955,
              23.683430151820609
            ],
            [
              121.42594182236286,
              23.682839263094642
            ],
            [
              121.42596445663196,
              23.682805688046027
            ],
            [
              121.42594146921421,
              23.682730347463991
            ],
            [
              121.42578235025547,
              23.682755919575126
            ],
            [
              121.42537800098962,
              23.682903649139906
            ],
            [
              121.4251691319236,
              23.683017328358844
            ],
            [
              121.4249419867953,
              23.683105922841705
            ],
            [
              121.4245965235875,
              23.683178085000836
            ],
            [
              121.42421031195371,
              23.683309005413051
            ],
            [
              121.42395609032317,
              23.683464698226725
            ],
            [
              121.42368800605848,
              23.683553402942902
            ],
            [
              121.4234425564797,
              23.6836085325114
            ],
            [
              121.42326925016431,
              23.683466576817789
            ],
            [
              121.42328235606671,
              23.683298976970754
            ],
            [
              121.42323207847646,
              23.683223710555232
            ],
            [
              121.42305969028776,
              23.683366610963883
            ],
            [
              121.42239228422665,
              23.683753829862276
            ],
            [
              121.42048858409426,
              23.684437644482529
            ],
            [
              121.41748902022705,
              23.685245877847091
            ],
            [
              121.41711608203234,
              23.685263639148612
            ],
            [
              121.41672995300753,
              23.683991191492328
            ],
            [
              121.41674804121588,
              23.683957629998446
            ],
            [
              121.41711632072391,
              23.683906369347245
            ],
            [
              121.41728636329073,
              23.684454683720144
            ],
            [
              121.41750460520183,
              23.684424771828517
            ],
            [
              121.41762420188168,
              23.684843359590829
            ],
            [
              121.41774273353093,
              23.684926821955234
            ],
            [
              121.41783369349201,
              23.684922387476142
            ],
            [
              121.41817956533303,
              23.684975912273764
            ],
            [
              121.41861587677549,
              23.684861627800068
            ],
            [
              121.41838062609916,
              23.683835933506852
            ],
            [
              121.41826627019493,
              23.683635165468072
            ],
            [
              121.4181658938594,
              23.683539087155935
            ],
            [
              121.41842948674527,
              23.68346716050025
            ],
            [
              121.41852502097285,
              23.683471091472782
            ],
            [
              121.41871131383611,
              23.683407751411242
            ],
            [
              121.41900226460531,
              23.683356695334044
            ],
            [
              121.41922949453,
              23.683293243898753
            ],
            [
              121.4194024084632,
              23.68331372126902
            ],
            [
              121.42036150774017,
              23.683105855139569
            ],
            [
              121.42040221723289,
              23.683034529911385
            ],
            [
              121.42043389652794,
              23.682984174695573
            ],
            [
              121.42055669519482,
              23.682979652201293
            ],
            [
              121.42069323354464,
              23.683004416003502
            ],
            [
              121.42080219856626,
              23.682941283463094
            ],
            [
              121.42073331224513,
              23.68273620461088
            ],
            [
              121.42074215449971,
              23.682656587652279
            ],
            [
              121.42085593620062,
              23.682677224030709
            ],
            [
              121.42105653043434,
              23.682819108299935
            ],
            [
              121.42119317615376,
              23.68287738418509
            ],
            [
              121.42134765358833,
              23.682822505692293
            ],
            [
              121.42136563295824,
              23.682755431151325
            ],
            [
              121.42148822975808,
              23.682688071944082
            ],
            [
              121.42160218636936,
              23.682763165618582
            ],
            [
              121.42185708212784,
              23.682816929883089
            ],
            [
              121.42288903186054,
              23.682633984340974
            ],
            [
              121.42384336900643,
              23.682363273237531
            ],
            [
              121.42408395648776,
              23.682211807042684
            ],
            [
              121.42420248975586,
              23.682295264466834
            ],
            [
              121.42430251769287,
              23.682282423172502
            ],
            [
              121.42441543343422,
              23.682034956844472
            ],
            [
              121.42462354338257,
              23.681686691058506
            ],
            [
              121.42539643027794,
              23.68157146454277
            ],
            [
              121.42611481480672,
              23.681481518739464
            ],
            [
              121.4272333741449,
              23.681361142620204
            ],
            [
              121.42734700576759,
              23.681335694544952
            ],
            [
              121.4272740384789,
              23.681277248442591
            ],
            [
              121.42689655111653,
              23.681290856609021
            ],
            [
              121.42666458953011,
              23.681295684852849
            ],
            [
              121.42611881985069,
              23.681313943691055
            ],
            [
              121.4260868578334,
              23.681276329711519
            ],
            [
              121.42529093230497,
              23.681299462686585
            ],
            [
              121.42518582794301,
              23.68114894360016
            ],
            [
              121.42538558343688,
              23.681031100294231
            ],
            [
              121.42520244934497,
              23.680662962215013
            ],
            [
              121.42498440531502,
              23.680751531755249
            ],
            [
              121.4247190611373,
              23.680278891066205
            ],
            [
              121.42469584469629,
              23.680132336156426
            ],
            [
              121.4248365635582,
              23.680043979125855
            ],
            [
              121.42466684767241,
              23.679604588792341
            ],
            [
              121.42462522092134,
              23.679391058691532
            ],
            [
              121.42542781763728,
              23.678622250733234
            ],
            [
              121.42533197491183,
              23.67852197546598
            ],
            [
              121.42510391600301,
              23.678325713671239
            ],
            [
              121.42494415188621,
              23.678150209707983
            ],
            [
              121.42484349056193,
              23.677966165281699
            ],
            [
              121.42461962979382,
              23.677660974541041
            ],
            [
              121.42452340943741,
              23.677443404884698
            ],
            [
              121.42437285220188,
              23.67730138788842
            ],
            [
              121.42424823314973,
              23.676740389321882
            ],
            [
              121.42405611982379,
              23.676405787002231
            ],
            [
              121.42376425439919,
              23.676167806720361
            ],
            [
              121.42383636607083,
              23.675962343326283
            ],
            [
              121.42373581607643,
              23.675811810623674
            ],
            [
              121.42279718563742,
              23.675294926129485
            ],
            [
              121.42192226576793,
              23.674786240540723
            ],
            [
              121.42225711116608,
              23.674247028139405
            ],
            [
              121.42202475815454,
              23.674126177179847
            ],
            [
              121.42175365777035,
              23.673978202160232
            ],
            [
              121.42169252478074,
              23.674062150696905
            ],
            [
              121.42125068979949,
              23.67386018103107
            ],
            [
              121.42118936186979,
              23.673883387857973
            ],
            [
              121.42111432867173,
              23.673887780934592
            ],
            [
              121.42107776794552,
              23.673833421921376
            ],
            [
              121.42155482987607,
              23.672964979479083
            ],
            [
              121.42165850551952,
              23.67267355441432
            ],
            [
              121.42176689697686,
              23.672434480276976
            ],
            [
              121.42191172088145,
              23.672209968729476
            ],
            [
              121.42205444506199,
              23.672039921160486
            ],
            [
              121.42208616149661,
              23.672002132794177
            ],
            [
              121.42214261726633,
              23.671878400318022
            ],
            [
              121.42212177361328,
              23.671761162101046
            ],
            [
              121.42213033186434,
              23.671593574486085
            ],
            [
              121.42217013543483,
              23.671241580999311
            ],
            [
              121.42215117578522,
              23.67100285351701
            ],
            [
              121.4220500801063,
              23.670680567618319
            ],
            [
              121.42197719509447,
              23.67064515871531
            ],
            [
              121.42193180082485,
              23.670672511539745
            ],
            [
              121.42192086742259,
              23.67080868732366
            ],
            [
              121.42188230206912,
              23.670838116091868
            ],
            [
              121.42181615189033,
              23.670775459573971
            ],
            [
              121.42170365993162,
              23.670444826236469
            ],
            [
              121.42167157419237,
              23.670367415055971
            ],
            [
              121.42158037590632,
              23.670294353823643
            ],
            [
              121.42140719009409,
              23.670183813564428
            ],
            [
              121.42124569713775,
              23.670173779924784
            ],
            [
              121.42099100064102,
              23.670174472153452
            ],
            [
              121.42087045449753,
              23.670168515971593
            ],
            [
              121.42073401665006,
              23.670170981066111
            ],
            [
              121.42064251068591,
              23.67000157060372
            ],
            [
              121.42051456623311,
              23.669815502540548
            ],
            [
              121.4203146088243,
              23.669866314390973
            ],
            [
              121.42024615902319,
              23.669795285200429
            ],
            [
              121.4201053474507,
              23.669852220018935
            ],
            [
              121.42001436454831,
              23.669846183009529
            ],
            [
              121.41990703493769,
              23.669706138749966
            ],
            [
              121.41982068724434,
              23.669727318274763
            ],
            [
              121.41976369506916,
              23.669683487032859
            ],
            [
              121.41961597427076,
              23.669713210914672
            ],
            [
              121.41945453546865,
              23.669719931690526
            ],
            [
              121.41937256208344,
              23.669686640701098
            ],
            [
              121.41931078140716,
              23.669567418277911
            ],
            [
              121.4186770775254,
              23.66980791112994
            ],
            [
              121.41862008568917,
              23.66976407946294
            ],
            [
              121.4187859125869,
              23.669707078378909
            ],
            [
              121.4193038055398,
              23.66951926239464
            ],
            [
              121.41932186442898,
              23.669477322428122
            ],
            [
              121.41891053703517,
              23.66885216307513
            ],
            [
              121.41786635656368,
              23.669447741608398
            ],
            [
              121.41782991161568,
              23.669428988893014
            ],
            [
              121.41776148334058,
              23.669364242190206
            ],
            [
              121.41769239623743,
              23.669092136266681
            ],
            [
              121.41768758190578,
              23.669008367034621
            ],
            [
              121.41773741146832,
              23.668945396047736
            ],
            [
              121.41776903523414,
              23.668878285020547
            ],
            [
              121.41776200006272,
              23.668811278219
            ],
            [
              121.4176753464544,
              23.668736107828032
            ],
            [
              121.41762297671589,
              23.668715303428957
            ],
            [
              121.41757526155206,
              23.668727999354267
            ],
            [
              121.41752977386155,
              23.668726027375396
            ],
            [
              121.41744784813099,
              23.668707397110015
            ],
            [
              121.41732700422047,
              23.66860718396137
            ],
            [
              121.41724476612735,
              23.668490110321756
            ],
            [
              121.41825937946581,
              23.667894615769701
            ],
            [
              121.41811763636623,
              23.667658313526548
            ],
            [
              121.41764321515353,
              23.667927696033338
            ],
            [
              121.41757242058154,
              23.667833631824028
            ],
            [
              121.41694364180934,
              23.668191399423495
            ],
            [
              121.41680461971089,
              23.668095423873915
            ],
            [
              121.41782392659124,
              23.66754599975431
            ],
            [
              121.41786962692626,
              23.667614996857669
            ],
            [
              121.41802624877636,
              23.667524508531461
            ],
            [
              121.41785721152226,
              23.667286185101503
            ],
            [
              121.41780715630428,
              23.667277941847495
            ],
            [
              121.41776162252155,
              23.667261308164935
            ],
            [
              121.41773640856289,
              23.667198539466497
            ],
            [
              121.41776807851625,
              23.667146090194947
            ],
            [
              121.41760807842412,
              23.666888891104186
            ],
            [
              121.41753992434555,
              23.666910020317282
            ],
            [
              121.41745828574523,
              23.66698145516823
            ],
            [
              121.41737652071012,
              23.667013093756047
            ],
            [
              121.41724476701845,
              23.667057434243024
            ],
            [
              121.4170826335791,
              23.666844226013023
            ],
            [
              121.41821361597722,
              23.666376186432803
            ],
            [
              121.41827992881575,
              23.666491208025963
            ],
            [
              121.41833677914009,
              23.666491054564087
            ],
            [
              121.41874771500189,
              23.666282583641877
            ],
            [
              121.41886587005541,
              23.666252940535095
            ],
            [
              121.41956772320539,
              23.665995506057385
            ],
            [
              121.41952624307031,
              23.665823864787015
            ],
            [
              121.42009410751145,
              23.665623343630553
            ],
            [
              121.42006351495993,
              23.665300864970096
            ],
            [
              121.42005128175606,
              23.665030700423763
            ],
            [
              121.4201529284569,
              23.664816780172622
            ],
            [
              121.4203172565837,
              23.664648770091709
            ],
            [
              121.42035108504217,
              23.664560706988276
            ],
            [
              121.42035545889227,
              23.664506236669283
            ],
            [
              121.42035279652369,
              23.66438475964307
            ],
            [
              121.42040283069146,
              23.664386718477704
            ],
            [
              121.4204464113156,
              23.664503895383646
            ],
            [
              121.42050574910598,
              23.66457076017743
            ],
            [
              121.4205308432674,
              23.664595826755608
            ],
            [
              121.42061955527178,
              23.664603964226774
            ],
            [
              121.42060098151318,
              23.66448462495007
            ],
            [
              121.42057773254015,
              23.664325501793261
            ],
            [
              121.42053179079952,
              23.66418110210088
            ],
            [
              121.42059980896344,
              23.664118080834427
            ],
            [
              121.42062515097834,
              23.664220645299505
            ],
            [
              121.42067087839025,
              23.664298019752962
            ],
            [
              121.420720879017,
              23.664289505796457
            ],
            [
              121.42077364963738,
              23.664435981442697
            ],
            [
              121.42086011438747,
              23.664452503102559
            ],
            [
              121.4209417629735,
              23.664385255560031
            ],
            [
              121.42094808196372,
              23.664228146701966
            ],
            [
              121.42088581977518,
              23.663958118085528
            ],
            [
              121.42085841818142,
              23.663922585048105
            ],
            [
              121.42076490398432,
              23.663834867615282
            ],
            [
              121.42072378493189,
              23.66377633167825
            ],
            [
              121.42067821180653,
              23.663747131605678
            ],
            [
              121.42064178816464,
              23.663734663134992
            ],
            [
              121.42062807737152,
              23.663713754787121
            ],
            [
              121.42065982575755,
              23.663686439384826
            ],
            [
              121.42070288363148,
              23.663640242270336
            ],
            [
              121.42067538833678,
              23.663575385665826
            ],
            [
              121.42056156965336,
              23.663537992564596
            ],
            [
              121.42052042399064,
              23.663471078416578
            ],
            [
              121.42052248359009,
              23.663404047028518
            ],
            [
              121.42061776205563,
              23.663332573556552
            ],
            [
              121.42071542160235,
              23.66329460646261
            ],
            [
              121.42074682135198,
              23.663158375063606
            ],
            [
              121.42067144579714,
              23.663053851863634
            ],
            [
              121.42057043386161,
              23.662754604451916
            ],
            [
              121.42046549068795,
              23.662648066819429
            ],
            [
              121.42036312964272,
              23.662637871707531
            ],
            [
              121.42019499152251,
              23.662680218791937
            ],
            [
              121.42005221365926,
              23.662119264663325
            ],
            [
              121.42001023244273,
              23.661790533032196
            ],
            [
              121.42004622728427,
              23.661668951189576
            ],
            [
              121.42001169687479,
              23.661537087690235
            ],
            [
              121.41994547206085,
              23.661449295754672
            ],
            [
              121.41999289669729,
              23.661346533961904
            ],
            [
              121.42004947716245,
              23.661262598352604
            ],
            [
              121.42009729643823,
              23.661283414315175
            ],
            [
              121.42014072179988,
              23.661352416981767
            ],
            [
              121.4201546330316,
              23.661436161544909
            ],
            [
              121.42013943160707,
              23.661660320332288
            ],
            [
              121.42023119199388,
              23.661911418369048
            ],
            [
              121.42039934921181,
              23.661875354870858
            ],
            [
              121.42045938229093,
              23.662160051721241
            ],
            [
              121.42061166909996,
              23.662138692940935
            ],
            [
              121.42037672105612,
              23.661198874410584
            ],
            [
              121.420551256984,
              23.661024552701466
            ],
            [
              121.42067166071887,
              23.660988618484563
            ],
            [
              121.42083952169942,
              23.6608603948218
            ],
            [
              121.42116029126498,
              23.660905603771337
            ],
            [
              121.42133124093577,
              23.661031859835539
            ],
            [
              121.42206484741688,
              23.661467626155805
            ],
            [
              121.42293274199167,
              23.661940724541569
            ],
            [
              121.42347275681605,
              23.662278568063329
            ],
            [
              121.42391695811955,
              23.662520322191899
            ],
            [
              121.42429960227203,
              23.662711974222937
            ],
            [
              121.42416855799239,
              23.662974152397343
            ],
            [
              121.42436010384775,
              23.663139097929839
            ],
            [
              121.42445767423389,
              23.66307389951206
            ],
            [
              121.42456884764972,
              23.662996096434899
            ],
            [
              121.42469146509514,
              23.66294130203098
            ],
            [
              121.42547032835205,
              23.663301523854248
            ],
            [
              121.42584610763464,
              23.663478528954471
            ],
            [
              121.42684094940606,
              23.663821393731791
            ],
            [
              121.42698881149845,
              23.663837742854525
            ],
            [
              121.42736637129444,
              23.663861836805605
            ],
            [
              121.42775048054706,
              23.663802129566438
            ],
            [
              121.4282593776675,
              23.663656199849147
            ],
            [
              121.42825912525097,
              23.663578702020683
            ],
            [
              121.42840441981573,
              23.663504991035158
            ],
            [
              121.42872448109388,
              23.66333025792019
            ],
            [
              121.4291487468185,
              23.663033751462205
            ],
            [
              121.42920076051955,
              23.662945636125379
            ],
            [
              121.42931193096372,
              23.662867829686554
            ],
            [
              121.42951855225895,
              23.662773002226114
            ],
            [
              121.42966181765929,
              23.662774699666752
            ],
            [
              121.43028189189556,
              23.662555145688
            ],
            [
              121.43079536344943,
              23.662419667782022
            ],
            [
              121.4310521125518,
              23.662356117266917
            ],
            [
              121.43138855912066,
              23.662325857388712
            ],
            [
              121.43174554659915,
              23.662318579660479
            ],
            [
              121.43199115241603,
              23.662324178934096
            ],
            [
              121.43205245236202,
              23.662294684297247
            ],
            [
              121.43212734082904,
              23.662248395314254
            ],
            [
              121.4323230025751,
              23.66227926796175
            ],
            [
              121.43282814727593,
              23.66237839665796
            ],
            [
              121.43353869305668,
              23.662703161095607
            ],
            [
              121.43488783210266,
              23.663595850166988
            ],
            [
              121.43592731236464,
              23.664363725342682
            ],
            [
              121.43787649577034,
              23.663792700942288
            ],
            [
              121.437948704389,
              23.663624932672146
            ],
            [
              121.43869978122389,
              23.663823885457166
            ],
            [
              121.43875456596183,
              23.663886566946733
            ],
            [
              121.4389231467847,
              23.66397824990068
            ],
            [
              121.43906847060732,
              23.66391500166635
            ],
            [
              121.43933696611144,
              23.663964510010018
            ],
            [
              121.43940967692858,
              23.663947547446206
            ],
            [
              121.43949583546816,
              23.663871899241052
            ],
            [
              121.43953224685654,
              23.663880174188137
            ],
            [
              121.43932469404088,
              23.66437507709281
            ],
            [
              121.440134984591,
              23.664598989579563
            ],
            [
              121.44026128911493,
              23.664288637077295
            ],
            [
              121.44102489278532,
              23.66415241455632
            ],
            [
              121.44145047147961,
              23.663577295564995
            ],
            [
              121.44095683856293,
              23.662845607520993
            ],
            [
              121.44057463363444,
              23.662792236141449
            ],
            [
              121.44039239555161,
              23.662696404668967
            ],
            [
              121.44006809399518,
              23.662278415290753
            ],
            [
              121.44001760486751,
              23.662140318151334
            ],
            [
              121.44009861115516,
              23.661884552685134
            ],
            [
              121.44153459339712,
              23.661541150866867
            ],
            [
              121.44212025077103,
              23.661237865724903
            ],
            [
              121.44253172646096,
              23.661881813609575
            ],
            [
              121.44308107081764,
              23.661599574063594
            ],
            [
              121.44330351964969,
              23.661481643024807
            ],
            [
              121.44328918418381,
              23.661276417881588
            ],
            [
              121.44341632568315,
              23.661217406717203
            ],
            [
              121.44389802782466,
              23.661107111116046
            ],
            [
              121.4438794123254,
              23.660981491281735
            ],
            [
              121.44446149078746,
              23.660967255850792
            ],
            [
              121.44494337534202,
              23.660911414855878
            ],
            [
              121.44511619238386,
              23.660910918640841
            ],
            [
              121.44558942081653,
              23.660984962737125
            ],
            [
              121.44599366523966,
              23.660832992275925
            ],
            [
              121.44609813705617,
              23.660794989680475
            ],
            [
              121.44610228696988,
              23.66067768281663
            ],
            [
              121.44585556911207,
              23.660343264372411
            ],
            [
              121.44571427505549,
              23.660251510453186
            ],
            [
              121.44559171173096,
              23.660318888533823
            ],
            [
              121.44558750459099,
              23.660419439140803
            ],
            [
              121.44557435797063,
              23.660566095596312
            ],
            [
              121.44541974680045,
              23.660570729102108
            ],
            [
              121.44531483520792,
              23.660478870260178
            ],
            [
              121.44501877445664,
              23.660345669243213
            ],
            [
              121.44500029976196,
              23.660261940188299
            ],
            [
              121.44484007837093,
              23.659952406337244
            ],
            [
              121.44532174625451,
              23.659833728252089
            ],
            [
              121.44601928979256,
              23.660342793325817
            ],
            [
              121.4469099966195,
              23.661483852964871
            ],
            [
              121.44750117244335,
              23.661469579862317
            ],
            [
              121.44759191525729,
              23.661406481281716
            ],
            [
              121.44786019456357,
              23.661393138973597
            ],
            [
              121.44806471852883,
              23.661354845909809
            ],
            [
              121.44826979929579,
              23.661479925986523
            ],
            [
              121.44854620268345,
              23.661181699988727
            ],
            [
              121.44867791806394,
              23.661131049505997
            ],
            [
              121.4490242534424,
              23.661335312556083
            ],
            [
              121.44946579375762,
              23.661451327593905
            ],
            [
              121.44957052280603,
              23.661488725766503
            ],
            [
              121.44964301599553,
              23.661408922522217
            ],
            [
              121.44970680023998,
              23.661442250281738
            ],
            [
              121.45004729984977,
              23.66126950873004
            ],
            [
              121.45034419970536,
              23.661645665525906
            ],
            [
              121.4511066812254,
              23.66185290320362
            ],
            [
              121.45123393465359,
              23.661827398153797
            ],
            [
              121.45176643426137,
              23.662604670636149
            ],
            [
              121.45229864863744,
              23.662195379181458
            ],
            [
              121.45269909076876,
              23.662261235646909
            ],
            [
              121.45309387363447,
              23.662444402435039
            ],
            [
              121.4534578569061,
              23.662488021638108
            ],
            [
              121.45394257696843,
              23.662374893316226
            ],
            [
              121.45420310882342,
              23.662312689868767
            ],
            [
              121.45470057322565,
              23.662378256775686
            ],
            [
              121.45529768496057,
              23.662326234580739
            ],
            [
              121.45530029139533,
              23.662203346661951
            ],
            [
              121.45544869989492,
              23.66215822687662
            ],
            [
              121.45555500997891,
              23.662213769093054
            ],
            [
              121.4557430363928,
              23.66222717996612
            ],
            [
              121.45609690701396,
              23.661977585733759
            ],
            [
              121.45689182266939,
              23.663008555491636
            ],
            [
              121.45662198166586,
              23.663009350766135
            ],
            [
              121.45627684653786,
              23.663155589361388
            ],
            [
              121.45639284485591,
              23.663381459144365
            ],
            [
              121.45641206399903,
              23.663677432187484
            ],
            [
              121.45632787730288,
              23.663881549563182
            ],
            [
              121.45616255447047,
              23.664295360656411
            ],
            [
              121.45611146663354,
              23.664426769440293
            ],
            [
              121.45601209984156,
              23.664625345849352
            ],
            [
              121.45587652348851,
              23.664874297893402
            ],
            [
              121.45578169791629,
              23.665071115335277
            ],
            [
              121.45595991072868,
              23.665313558775395
            ],
            [
              121.45673650624587,
              23.664992900448443
            ],
            [
              121.45684217168449,
              23.665298393119933
            ],
            [
              121.45690684764742,
              23.665587250170866
            ],
            [
              121.45701598439285,
              23.665582739255381
            ],
            [
              121.45715162239479,
              23.665351938828504
            ],
            [
              121.45729160389915,
              23.665062478099735
            ],
            [
              121.4574527212737,
              23.664312154099811
            ],
            [
              121.45750267558597,
              23.664291061146802
            ],
            [
              121.45785194687352,
              23.664026116497254
            ],
            [
              121.45810538960565,
              23.66366929421034
            ],
            [
              121.45818690819382,
              23.664875513334231
            ],
            [
              121.45860622512507,
              23.665133997030953
            ],
            [
              121.45860223242389,
              23.665293194530211
            ],
            [
              121.45852500476208,
              23.665318557633928
            ],
            [
              121.45852541383074,
              23.665435851136188
            ],
            [
              121.45856676923357,
              23.665557212573873
            ],
            [
              121.45866281730686,
              23.665711924904006
            ],
            [
              121.45869035360985,
              23.665783058043392
            ],
            [
              121.45872242330627,
              23.665849988660849
            ],
            [
              121.45882734845536,
              23.665941838153778
            ],
            [
              121.45884131404384,
              23.6660339569247
            ],
            [
              121.45884622753698,
              23.666138669785358
            ],
            [
              121.45885106793658,
              23.666222437379339
            ],
            [
              121.45893771375563,
              23.666289206335431
            ],
            [
              121.45916041916065,
              23.666246655653929
            ],
            [
              121.45927926697085,
              23.666418056399344
            ],
            [
              121.45982395718649,
              23.666110637091265
            ],
            [
              121.45997844219261,
              23.666068287654408
            ],
            [
              121.46010632823344,
              23.666222904546473
            ],
            [
              121.46035715716427,
              23.666419047098429
            ],
            [
              121.46044446408496,
              23.666674322531023
            ],
            [
              121.46061803686938,
              23.666887450549599
            ],
            [
              121.46088254126761,
              23.667091929747876
            ],
            [
              121.46094190054109,
              23.667158778709268
            ],
            [
              121.46077868560629,
              23.667305882446382
            ],
            [
              121.46063841597015,
              23.667511565135008
            ],
            [
              121.46052062196537,
              23.667641777195126
            ],
            [
              121.46058455870666,
              23.667716990873505
            ],
            [
              121.46078091742152,
              23.667942618214994
            ],
            [
              121.46090842438571,
              23.667988319043474
            ],
            [
              121.46104075863086,
              23.668113598197074
            ],
            [
              121.46123628093881,
              23.668100449048026
            ],
            [
              121.46138164227817,
              23.668049747167721
            ],
            [
              121.46150037697558,
              23.668187633696359
            ],
            [
              121.4614555140023,
              23.66836370925952
            ],
            [
              121.4614469766567,
              23.668522920258123
            ],
            [
              121.46161141325678,
              23.668723506987984
            ],
            [
              121.46173861225887,
              23.668681237063264
            ],
            [
              121.46182923526617,
              23.668584617833091
            ],
            [
              121.46190198969371,
              23.668580211880538
            ],
            [
              121.46197964551321,
              23.668676329530797
            ],
            [
              121.46205693333529,
              23.668667720895161
            ],
            [
              121.46221133219521,
              23.668600234912006
            ],
            [
              121.46237073572925,
              23.668662595744653
            ],
            [
              121.46254856755884,
              23.668791926896585
            ],
            [
              121.46280367289857,
              23.66890845977824
            ],
            [
              121.46316670767729,
              23.668676974922814
            ],
            [
              121.46295627176995,
              23.668329909039993
            ],
            [
              121.46269252839139,
              23.66834326408501
            ],
            [
              121.46262711593013,
              23.667849146328003
            ],
            [
              121.4628680443529,
              23.6678149140889
            ],
            [
              121.4626526055978,
              23.667338000753368
            ],
            [
              121.46273418994633,
              23.667258164360156
            ],
            [
              121.46281595116682,
              23.667228596526293
            ],
            [
              121.46311223679966,
              23.667416220556962
            ],
            [
              121.46421787483796,
              23.668833014838199
            ],
            [
              121.46421820029352,
              23.66892517390281
            ],
            [
              121.46420492587461,
              23.669029940987837
            ],
            [
              121.46411431912851,
              23.669130750627748
            ],
            [
              121.46413282209436,
              23.669218666149781
            ],
            [
              121.46423335353556,
              23.669352415946086
            ],
            [
              121.46426517541731,
              23.669348131510421
            ],
            [
              121.46431523407298,
              23.669356359698689
            ],
            [
              121.46442480280646,
              23.669473325914158
            ],
            [
              121.46448852062457,
              23.66948570219666
            ],
            [
              121.46460690451033,
              23.669523049100896
            ],
            [
              121.46471631073307,
              23.669593935576675
            ],
            [
              121.46477085836696,
              23.669585393784132
            ],
            [
              121.46477521391971,
              23.669530922521822
            ],
            [
              121.46472902200841,
              23.669329984644499
            ],
            [
              121.46476503649458,
              23.669225149317068
            ],
            [
              121.46482816169824,
              23.66906996354621
            ],
            [
              121.46485069473908,
              23.669011248655409
            ],
            [
              121.46486380568645,
              23.668860401994859
            ],
            [
              121.46505895812793,
              23.668742521813108
            ],
            [
              121.46526775442946,
              23.668624600420991
            ],
            [
              121.46555015021799,
              23.668741046810087
            ],
            [
              121.46568688926153,
              23.668824417762082
            ],
            [
              121.46585610340482,
              23.669087821913323
            ],
            [
              121.46590700835745,
              23.669334825278479
            ],
            [
              121.46590743893863,
              23.669456307644559
            ],
            [
              121.46599865338298,
              23.669527247906469
            ],
            [
              121.46604918747843,
              23.669669525032809
            ],
            [
              121.4659503319269,
              23.670009138750082
            ],
            [
              121.46593735578023,
              23.670197686882453
            ],
            [
              121.46601968243355,
              23.670327301122146
            ],
            [
              121.46614705976454,
              23.670335296142724
            ],
            [
              121.46638394894505,
              23.670443499648112
            ],
            [
              121.46665307701774,
              23.670664711143161
            ],
            [
              121.46693965451084,
              23.670676415037782
            ],
            [
              121.46706220126039,
              23.670604831136561
            ],
            [
              121.46720777146179,
              23.670612770438343
            ],
            [
              121.46719443972673,
              23.670700781539438
            ],
            [
              121.46716298983999,
              23.670809792720064
            ],
            [
              121.4671544295324,
              23.670960625786002
            ],
            [
              121.46731860975981,
              23.671085803395176
            ],
            [
              121.46755061034881,
              23.671097670748058
            ],
            [
              121.46764167777616,
              23.6711267195445
            ],
            [
              121.46763289444559,
              23.671214716946288
            ],
            [
              121.46765123612641,
              23.671256552487403
            ],
            [
              121.46772400669231,
              23.671256332827401
            ],
            [
              121.4677743048082,
              23.671331584600626
            ],
            [
              121.46781975661725,
              23.671323069190763
            ],
            [
              121.46787865905365,
              23.671260054981307
            ],
            [
              121.46793748686576,
              23.671176095525222
            ],
            [
              121.46802360353011,
              23.671092053618366
            ],
            [
              121.46808278921047,
              23.671108631185813
            ],
            [
              121.46809234799431,
              23.671238464094937
            ],
            [
              121.46768408683337,
              23.671541311447641
            ],
            [
              121.46771250876901,
              23.671859596475702
            ],
            [
              121.46772217160711,
              23.672018752712333
            ],
            [
              121.4678041284272,
              23.672043639814731
            ],
            [
              121.46796804215836,
              23.672093413887776
            ],
            [
              121.46791414991152,
              23.672286274769554
            ],
            [
              121.46780561943923,
              23.672462544257289
            ],
            [
              121.46788793446375,
              23.672587968370845
            ],
            [
              121.46817090810748,
              23.672863593422914
            ],
            [
              121.46814484237559,
              23.673207177474922
            ],
            [
              121.46920418877588,
              23.674368539337788
            ],
            [
              121.46907704662702,
              23.674427571579606
            ],
            [
              121.46864032313822,
              23.674403758749612
            ],
            [
              121.468295401077,
              23.674614256150612
            ],
            [
              121.46836036088892,
              23.674974321333444
            ],
            [
              121.46881070121896,
              23.674989715546367
            ],
            [
              121.46889767174271,
              23.675144448574095
            ],
            [
              121.46897939154054,
              23.675102310335692
            ],
            [
              121.46918078768077,
              23.675457772947446
            ],
            [
              121.46948779895943,
              23.676093584040693
            ],
            [
              121.46963768413771,
              23.676034482510413
            ],
            [
              121.46969265332896,
              23.676143232109176
            ],
            [
              121.46927502991134,
              23.676374897525577
            ],
            [
              121.46958514012523,
              23.676604357561594
            ],
            [
              121.4697030676525,
              23.676511840143643
            ],
            [
              121.47104826520032,
              23.67619776324176
            ],
            [
              121.47135776194294,
              23.67625546904749
            ],
            [
              121.4722336909913,
              23.676990080388119
            ],
            [
              121.4722248652588,
              23.677065510823819
            ],
            [
              121.47208868540601,
              23.677141329423687
            ],
            [
              121.47186111691526,
              23.677100131922046
            ],
            [
              121.47169746618333,
              23.6771257648332
            ],
            [
              121.47165291482601,
              23.677385623766387
            ],
            [
              121.4718444878913,
              23.67753584742136
            ],
            [
              121.47227393224036,
              23.678062363415137
            ],
            [
              121.47256686745554,
              23.678572538315766
            ],
            [
              121.47258563364508,
              23.678731666257907
            ],
            [
              121.47253135396259,
              23.678815613529032
            ],
            [
              121.47277775238895,
              23.679032694045961
            ],
            [
              121.47306836901087,
              23.678897756091811
            ],
            [
              121.47326877114779,
              23.678972547437926
            ],
            [
              121.47326940489187,
              23.679148487010806
            ],
            [
              121.4728975795189,
              23.6794679929647
            ],
            [
              121.47300779778929,
              23.679760892268884
            ],
            [
              121.47341884897651,
              23.680228813791263
            ],
            [
              121.47358346959632,
              23.680471277355743
            ],
            [
              121.47380197769945,
              23.680520878106854
            ],
            [
              121.47411175787552,
              23.680653980846266
            ],
            [
              121.4743211090078,
              23.680686852556828
            ],
            [
              121.47446647890175,
              23.680636138340407
            ],
            [
              121.4745481397169,
              23.680577241024501
            ],
            [
              121.4746391395535,
              23.680585340363642
            ],
            [
              121.47463938169663,
              23.680652364936051
            ],
            [
              121.47452163561805,
              23.6807951544959
            ],
            [
              121.47454040453896,
              23.680954282112786
            ],
            [
              121.47457724643854,
              23.681079841694284
            ],
            [
              121.47468719740334,
              23.681297337024503
            ],
            [
              121.4754364568071,
              23.682208258666105
            ],
            [
              121.47572889795362,
              23.682575999812396
            ],
            [
              121.47592090820326,
              23.682843511077046
            ],
            [
              121.47625856444853,
              23.683135708769608
            ],
            [
              121.47706481682387,
              23.683764731182322
            ],
            [
              121.47738837462275,
              23.683618163685317
            ],
            [
              121.47757874494826,
              23.683433257285603
            ],
            [
              121.47773345744665,
              23.683449536458319
            ],
            [
              121.47798915323094,
              23.683716848601424
            ],
            [
              121.47829015296463,
              23.683933751451477
            ],
            [
              121.47875517808802,
              23.684225550155759
            ],
            [
              121.47888281383655,
              23.684300558961134
            ],
            [
              121.47910129963803,
              23.684341774014531
            ],
            [
              121.47921962451824,
              23.684358164244887
            ],
            [
              121.47908383857883,
              23.684542903785321
            ],
            [
              121.47893886337759,
              23.684702537156245
            ],
            [
              121.4789849911331,
              23.684878335780574
            ],
            [
              121.47910362207338,
              23.684978506705292
            ],
            [
              121.47930422027144,
              23.685103558345343
            ],
            [
              121.47937681492478,
              23.685053064723082
            ],
            [
              121.47948628788414,
              23.685136507382524
            ],
            [
              121.47979583975041,
              23.685202573923135
            ],
            [
              121.48058032005116,
              23.685778234200054
            ],
            [
              121.48142894927521,
              23.686479363248427
            ],
            [
              121.48163013567685,
              23.686763594851115
            ],
            [
              121.4816670167817,
              23.686897530572534
            ],
            [
              121.48177667711892,
              23.68703123988
            ],
            [
              121.48200386599687,
              23.686963507709471
            ],
            [
              121.48228742331359,
              23.687381532422634
            ],
            [
              121.48236041804711,
              23.687439952126724
            ],
            [
              121.48246943322209,
              23.687397721770182
            ],
            [
              121.48298715419735,
              23.687169897864866
            ],
            [
              121.48357814599242,
              23.687075893862559
            ],
            [
              121.48368756156583,
              23.687142577352738
            ],
            [
              121.48397161855191,
              23.687694647719535
            ],
            [
              121.48435590468004,
              23.688288294768597
            ],
            [
              121.48479400624065,
              23.688672318625258
            ],
            [
              121.48579022083206,
              23.689909162142296
            ],
            [
              121.48593699132715,
              23.690235449260982
            ],
            [
              121.48615921113911,
              23.691282019697557
            ],
            [
              121.4859498404108,
              23.691249164357725
            ],
            [
              121.48545878243861,
              23.691309351727835
            ],
            [
              121.48512207520254,
              23.691285272589596
            ],
            [
              121.48462993444723,
              23.691052225668912
            ],
            [
              121.4843197484839,
              23.690818608135178
            ],
            [
              121.48424758517051,
              23.690986396738428
            ],
            [
              121.48393980837456,
              23.69140626622999
            ],
            [
              121.48332190521856,
              23.69160927170844
            ],
            [
              121.48305063824463,
              23.69206253806691
            ],
            [
              121.48299919525735,
              23.692917269295979
            ],
            [
              121.4829468888386,
              23.693537415101883
            ],
            [
              121.48316721025533,
              23.694072928862408
            ],
            [
              121.48362506691299,
              23.694875800966923
            ],
            [
              121.48402863474006,
              23.69575843363382
            ],
            [
              121.48450933700889,
              23.697817952112683
            ],
            [
              121.48467743424173,
              23.698990365070806
            ],
            [
              121.48489885550204,
              23.699819107069192
            ],
            [
              121.48500845273897,
              23.699931868540812
            ],
            [
              121.48518192401686,
              23.700094698548867
            ],
            [
              121.48547415401079,
              23.700387017020979
            ],
            [
              121.48576194466433,
              23.700708672311574
            ],
            [
              121.48598566045612,
              23.700925801557659
            ],
            [
              121.48617330937726,
              23.701231014141275
            ],
            [
              121.48624196618417,
              23.701343903272111
            ],
            [
              121.48625603278366,
              23.701456963869443
            ],
            [
              121.4862976118914,
              23.701628584954186
            ],
            [
              121.48642545524247,
              23.701753855232838
            ],
            [
              121.4865895527291,
              23.70184130984422
            ],
            [
              121.48671780047025,
              23.702075494306005
            ],
            [
              121.48676875849226,
              23.702322488925798
            ],
            [
              121.48672405855666,
              23.702536271826879
            ],
            [
              121.486761104943,
              23.702712096069284
            ],
            [
              121.48694388263881,
              23.702929352545187
            ],
            [
              121.48707640151255,
              23.703088120050012
            ],
            [
              121.48729166277917,
              23.703477025514431
            ],
            [
              121.48732950354915,
              23.703866489369933
            ],
            [
              121.48735001858095,
              23.704490595337472
            ],
            [
              121.48742919267195,
              23.704984655548191
            ],
            [
              121.48798411505645,
              23.706180978970217
            ],
            [
              121.48855048114051,
              23.706782417139301
            ],
            [
              121.48859585012394,
              23.706748761414783
            ],
            [
              121.48911435402032,
              23.706713611097957
            ],
            [
              121.48965218060054,
              23.706980010361608
            ],
            [
              121.48997129438663,
              23.707154940966664
            ],
            [
              121.49017271941482,
              23.707489428027777
            ],
            [
              121.49046798366398,
              23.708586026470282
            ],
            [
              121.49052420569782,
              23.709021510548396
            ],
            [
              121.49039750993539,
              23.709206230741668
            ],
            [
              121.49023479375059,
              23.709491602388781
            ],
            [
              121.49033575881462,
              23.709725869864481
            ],
            [
              121.49062783398033,
              23.709967909580758
            ],
            [
              121.49074840836859,
              23.710579129930633
            ],
            [
              121.4907500067077,
              23.711006408897902
            ],
            [
              121.49056102580163,
              23.711568342025238
            ],
            [
              121.49067128023313,
              23.711852848444202
            ],
            [
              121.49025597779689,
              23.712725488994995
            ],
            [
              121.49009419613309,
              23.713262200958798
            ],
            [
              121.4903140801315,
              23.713663653901193
            ],
            [
              121.49064246713459,
              23.713880443933
            ],
            [
              121.49104804033833,
              23.715269924252901
            ],
            [
              121.48408307530036,
              23.716682640395643
            ],
            [
              121.48379210933032,
              23.716742197350907
            ],
            [
              121.48322840635653,
              23.716869630811726
            ],
            [
              121.48277349497842,
              23.716887807247961
            ],
            [
              121.48259132075506,
              23.716838106894976
            ],
            [
              121.48262731780177,
              23.716729079061867
            ],
            [
              121.48279067616785,
              23.71661127571705
            ],
            [
              121.48317229721879,
              23.716459278247914
            ],
            [
              121.48331727066409,
              23.716291263056132
            ],
            [
              121.48334324130688,
              23.715930922810688
            ],
            [
              121.48331341159808,
              23.715244010198006
            ],
            [
              121.48284647659239,
              23.71446630287338
            ],
            [
              121.48239040263684,
              23.714166113085867
            ],
            [
              121.48216295156995,
              23.714175200166832
            ],
            [
              121.48205993453541,
              23.713379599520909
            ],
            [
              121.48192350779044,
              23.713396780743579
            ],
            [
              121.48177776638849,
              23.713355343987356
            ],
            [
              121.48163153289515,
              23.713179858649323
            ],
            [
              121.48133119757351,
              23.713164036965772
            ],
            [
              121.48111250933906,
              23.713080935858535
            ],
            [
              121.4811466628726,
              23.712469226582893
            ],
            [
              121.48074611567104,
              23.712420202816265
            ],
            [
              121.48075490778588,
              23.712336394248773
            ],
            [
              121.48161960377077,
              23.712409108379703
            ],
            [
              121.48126086406614,
              23.711354580783961
            ],
            [
              121.48082063836965,
              23.710409221005012
            ],
            [
              121.48063859666165,
              23.710393030281338
            ],
            [
              121.48049295105092,
              23.7103767263348
            ],
            [
              121.48038364017145,
              23.710343553203653
            ],
            [
              121.48084744410498,
              23.710275087676887
            ],
            [
              121.48069018249143,
              23.709571813529603
            ],
            [
              121.48044401974018,
              23.709438527924998
            ],
            [
              121.48042502419895,
              23.709220755553684
            ],
            [
              121.48033336006489,
              23.709036721262507
            ],
            [
              121.48015986733479,
              23.70886969708457
            ],
            [
              121.47994109508079,
              23.70876146004424
            ],
            [
              121.47972189432716,
              23.708535930196362
            ],
            [
              121.47938523548227,
              23.708536973439884
            ],
            [
              121.4791849987473,
              23.708520837328059
            ],
            [
              121.47917571627472,
              23.708470597286798
            ],
            [
              121.47977612002067,
              23.708435224531325
            ],
            [
              121.47975737083833,
              23.708284476312773
            ],
            [
              121.47951770773751,
              23.707439027879349
            ],
            [
              121.47932663268983,
              23.707439619802571
            ],
            [
              121.47909000239345,
              23.707423596258856
            ],
            [
              121.47902609661007,
              23.707365147156143
            ],
            [
              121.47946271688151,
              23.707330282547321
            ],
            [
              121.47940628743837,
              23.706827769446605
            ],
            [
              121.47925841212219,
              23.706199867499951
            ],
            [
              121.47918476566221,
              23.705965507812866
            ],
            [
              121.47917517745169,
              23.705831487365323
            ],
            [
              121.47900184339908,
              23.70570635192324
            ],
            [
              121.4790015987401,
              23.705639327610339
            ],
            [
              121.47922891294033,
              23.705596733246576
            ],
            [
              121.47942010774322,
              23.705629653641864
            ],
            [
              121.47984811362133,
              23.705728864828043
            ],
            [
              121.47999399916,
              23.70581219377825
            ],
            [
              121.48022165057367,
              23.705861756370219
            ],
            [
              121.48030307890035,
              23.705735831699386
            ],
            [
              121.48011972563506,
              23.705359384622241
            ],
            [
              121.47987243785707,
              23.704916110469036
            ],
            [
              121.47969922688276,
              23.704824487941117
            ],
            [
              121.47958961465993,
              23.704707533753652
            ],
            [
              121.4791510453682,
              23.704206204016323
            ],
            [
              121.47890434397642,
              23.703922110944664
            ],
            [
              121.47879513058537,
              23.703914070694331
            ],
            [
              121.47879565022018,
              23.7040564973946
            ],
            [
              121.47899716445275,
              23.704424511837956
            ],
            [
              121.47901585096407,
              23.704558504165934
            ],
            [
              121.4789612592883,
              23.704558673114612
            ],
            [
              121.4783416985166,
              23.704326001365573
            ],
            [
              121.47829583910605,
              23.704225605460142
            ],
            [
              121.47835897953431,
              23.704074603880013
            ],
            [
              121.47876725415033,
              23.703754972343582
            ],
            [
              121.47911104179457,
              23.703217707831513
            ],
            [
              121.47891862765729,
              23.702849665302686
            ],
            [
              121.47850858446796,
              23.702683370748286
            ],
            [
              121.47823575208039,
              23.702717726514948
            ],
            [
              121.4782533384481,
              23.702550109423868
            ],
            [
              121.47807933823781,
              23.70224065584755
            ],
            [
              121.47769686775877,
              23.702149677174148
            ],
            [
              121.47755104872242,
              23.702083102019788
            ],
            [
              121.47743218990239,
              23.701924284040583
            ],
            [
              121.4773137579384,
              23.701882758597087
            ],
            [
              121.47724054400169,
              23.701765690397337
            ],
            [
              121.4772583143294,
              23.701648341654188
            ],
            [
              121.47740373656589,
              23.70160600250783
            ],
            [
              121.47763119681269,
              23.701605300799073
            ],
            [
              121.47810379527374,
              23.701461413414457
            ],
            [
              121.47841295760286,
              23.701410189348639
            ],
            [
              121.47841544952513,
              23.701157790210299
            ],
            [
              121.47859683662709,
              23.700998044843619
            ],
            [
              121.47860943018836,
              23.700708960100425
            ],
            [
              121.47765303664119,
              23.700418679343571
            ],
            [
              121.47679599821548,
              23.699927011212864
            ],
            [
              121.47646325929722,
              23.698495373318167
            ],
            [
              121.47623583479617,
              23.698504451274673
            ],
            [
              121.4759422623918,
              23.697835102589387
            ],
            [
              121.47531427553926,
              23.695264940999703
            ],
            [
              121.47446713451538,
              23.694982682441712
            ],
            [
              121.47368981830115,
              23.693879146833677
            ],
            [
              121.4738790594798,
              23.693375878679944
            ],
            [
              121.47364987945143,
              23.692580655527639
            ],
            [
              121.47283071630203,
              23.692482621428084
            ],
            [
              121.47277591843689,
              23.692424141688313
            ],
            [
              121.47260254798591,
              23.692282242360438
            ],
            [
              121.47245668220714,
              23.692198905982846
            ],
            [
              121.47241077139215,
              23.692081751913715
            ],
            [
              121.47255525005292,
              23.691779697495562
            ],
            [
              121.47261808986619,
              23.691544917383766
            ],
            [
              121.47257151581759,
              23.691243445976976
            ],
            [
              121.47006010069352,
              23.691125418113085
            ],
            [
              121.47006997816793,
              23.691343220199961
            ],
            [
              121.46973315315235,
              23.691285595289028
            ],
            [
              121.46891418014367,
              23.691237808678288
            ],
            [
              121.46863221115287,
              23.691255418647572
            ],
            [
              121.46838648347922,
              23.691231027689245
            ],
            [
              121.46809544657545,
              23.691257042269914
            ],
            [
              121.4678957448546,
              23.691383318234035
            ],
            [
              121.46748685476598,
              23.691526981981493
            ],
            [
              121.46700550964863,
              23.691763022951243
            ],
            [
              121.46669630553539,
              23.691797467870614
            ],
            [
              121.46639572286868,
              23.691697835660086
            ],
            [
              121.46596824809649,
              23.691732635331515
            ],
            [
              121.46585895631115,
              23.691699451557952
            ],
            [
              121.46548583021521,
              23.691667061091824
            ],
            [
              121.46502154891446,
              23.691584674553436
            ],
            [
              121.46491199051356,
              23.69147608746195
            ],
            [
              121.46447366982152,
              23.691016604059666
            ],
            [
              121.46431889053854,
              23.69098355562485
            ],
            [
              121.46396345894422,
              23.690808679641194
            ],
            [
              121.46359893061809,
              23.690633830061568
            ],
            [
              121.46319842635704,
              23.690576381511889
            ],
            [
              121.4627433659857,
              23.690527473133123
            ],
            [
              121.46243383896312,
              23.690469750687853
            ],
            [
              121.46183327565213,
              23.690438030422925
            ],
            [
              121.46130572927912,
              23.69047311562931
            ],
            [
              121.46104213246224,
              23.690540926022997
            ],
            [
              121.46086047319824,
              23.690625248450548
            ],
            [
              121.46082461173293,
              23.690776162146101
            ],
            [
              121.46078892658261,
              23.690977344293596
            ],
            [
              121.46054405278164,
              23.691195905093046
            ],
            [
              121.46028030726842,
              23.691221823826055
            ],
            [
              121.4600415360263,
              23.690585792868788
            ],
            [
              121.45965057085408,
              23.690653979265477
            ],
            [
              121.45950474421447,
              23.690579008590259
            ],
            [
              121.45937705445135,
              23.690487227636773
            ],
            [
              121.45921279845224,
              23.690345286023366
            ],
            [
              121.45890306833873,
              23.69022890992855
            ],
            [
              121.45777671253384,
              23.690734933977716
            ],
            [
              121.45487951407873,
              23.692176139000111
            ],
            [
              121.45509937090976,
              23.692611157650148
            ],
            [
              121.45368254317134,
              23.69331908174323
            ],
            [
              121.45333440692623,
              23.693388523166291
            ],
            [
              121.45343769938331,
              23.693441282423965
            ],
            [
              121.45357149183772,
              23.693544221269207
            ],
            [
              121.45379299164019,
              23.693687397428285
            ],
            [
              121.45386600646403,
              23.69375420874411
            ],
            [
              121.4538935897835,
              23.693837909552105
            ],
            [
              121.45353906099454,
              23.693922730159642
            ],
            [
              121.45283869537749,
              23.693975049186292
            ],
            [
              121.45254738889076,
              23.693925631923296
            ],
            [
              121.45235650597024,
              23.693976458750665
            ],
            [
              121.45212068146681,
              23.694186601779712
            ],
            [
              121.45194819573548,
              23.694296021559545
            ],
            [
              121.45154782889493,
              23.694280433413898
            ],
            [
              121.45109264424008,
              23.694197978607484
            ],
            [
              121.45071035857895,
              23.694148822933236
            ],
            [
              121.45041064430198,
              23.69430050218212
            ],
            [
              121.4499017339021,
              23.694469545237258
            ],
            [
              121.44954734410565,
              23.694596247192933
            ],
            [
              121.44927489267609,
              23.694739466930216
            ],
            [
              121.44902964862594,
              23.694857472776864
            ],
            [
              121.4488307533188,
              23.695226688963835
            ],
            [
              121.4486953140507,
              23.695528695643276
            ],
            [
              121.44871465550742,
              23.695863766343788
            ],
            [
              121.44880597969252,
              23.695964039650537
            ],
            [
              121.44900633749796,
              23.696022105871741
            ],
            [
              121.44920663814233,
              23.696063415660614
            ],
            [
              121.44950716105282,
              23.69614632506536
            ],
            [
              121.44967993824346,
              23.69612068880744
            ],
            [
              121.44989814825894,
              23.69607816400023
            ],
            [
              121.45041639286504,
              23.695976119097651
            ],
            [
              121.45060722196067,
              23.695908538452748
            ],
            [
              121.45106212443312,
              23.695907213753138
            ],
            [
              121.45134439437585,
              23.695973416429233
            ],
            [
              121.45162680870207,
              23.696081508996663
            ],
            [
              121.45189073896577,
              23.696105873336336
            ],
            [
              121.45222739610476,
              23.696113268470164
            ],
            [
              121.4534651954278,
              23.696243698461508
            ],
            [
              121.45373860080954,
              23.696376948024291
            ],
            [
              121.45413929301206,
              23.696484689265869
            ],
            [
              121.45435799501161,
              23.696584585522608
            ],
            [
              121.45460407867249,
              23.696709535551516
            ],
            [
              121.45490501273454,
              23.696909727482179
            ],
            [
              121.45506930154367,
              23.697060051568251
            ],
            [
              121.45537023711205,
              23.697260242562304
            ],
            [
              121.45552548688762,
              23.697427349056817
            ],
            [
              121.45566245349562,
              23.697569374718487
            ],
            [
              121.45586304938927,
              23.697694456574165
            ],
            [
              121.455990307316,
              23.697660569141004
            ],
            [
              121.45615378314766,
              23.697576305923288
            ],
            [
              121.45625383376994,
              23.697567632924002
            ],
            [
              121.45622677223432,
              23.697634737965487
            ],
            [
              121.45610875811066,
              23.69771048916229
            ],
            [
              121.45592711483447,
              23.697803184000904
            ],
            [
              121.45581805310661,
              23.697837017807149
            ],
            [
              121.45565387878889,
              23.697720206861696
            ],
            [
              121.45544395235198,
              23.697528126890969
            ],
            [
              121.45476923758649,
              23.697111202295719
            ],
            [
              121.45427276627572,
              23.696932529416657
            ],
            [
              121.4537763397315,
              23.69676642203898
            ],
            [
              121.45364837275361,
              23.696595044712581
            ],
            [
              121.45342952657283,
              23.696453257047288
            ],
            [
              121.45288326578213,
              23.696345939863726
            ],
            [
              121.45228263390555,
              23.696301615832539
            ],
            [
              121.45195075606003,
              23.696361232198601
            ],
            [
              121.45151901508947,
              23.696483975385839
            ],
            [
              121.45110960109291,
              23.696485168911124
            ],
            [
              121.45069974124543,
              23.696356501069477
            ],
            [
              121.45003539463637,
              23.69630397561772
            ],
            [
              121.44992623205725,
              23.696308481990403
            ],
            [
              121.44975837684831,
              23.696443020401848
            ],
            [
              121.44945387773076,
              23.696527686392805
            ],
            [
              121.4488031634731,
              23.696470926996593
            ],
            [
              121.44853894670393,
              23.696362776542934
            ],
            [
              121.44842928319463,
              23.696220665363658
            ],
            [
              121.44849129536479,
              23.695730362855443
            ],
            [
              121.44854963113784,
              23.695495605115592
            ],
            [
              121.44851301006689,
              23.695428685857092
            ],
            [
              121.44776105190357,
              23.695028710293489
            ],
            [
              121.44746014712698,
              23.694832693240599
            ],
            [
              121.44743228214813,
              23.694665210353286
            ],
            [
              121.4471502308795,
              23.694661836127377
            ],
            [
              121.44674082231927,
              23.694663018014055
            ],
            [
              121.44661781449648,
              23.694608914787306
            ],
            [
              121.44644419821468,
              23.694387393962096
            ],
            [
              121.44629393965047,
              23.694345936306231
            ],
            [
              121.44522510126517,
              23.694399282663941
            ],
            [
              121.44490698523573,
              23.694492357041899
            ],
            [
              121.44466105659647,
              23.694409281820754
            ],
            [
              121.44431459719604,
              23.69419244395684
            ],
            [
              121.4435771829295,
              23.694052129447485
            ],
            [
              121.44311290573364,
              23.693969677155529
            ],
            [
              121.44138613055358,
              23.694519190999273
            ],
            [
              121.44107508284435,
              23.694009008691122
            ],
            [
              121.44036106080549,
              23.692704045423884
            ],
            [
              121.43976138898721,
              23.692940338802874
            ],
            [
              121.43858660893478,
              23.693391903621247
            ],
            [
              121.43756658162076,
              23.691255560780277
            ],
            [
              121.4378390483336,
              23.691115154200464
            ],
            [
              121.43764827349197,
              23.690289046159108
            ],
            [
              121.43878702248038,
              23.689838987042851
            ],
            [
              121.43776472960776,
              23.68758395969278
            ],
            [
              121.43709240764669,
              23.687853960768706
            ],
            [
              121.43626759283262,
              23.686038219879336
            ],
            [
              121.4355401076977,
              23.686132427626944
            ],
            [
              121.43516439442568,
              23.685312421191117
            ],
            [
              121.43454372458605,
              23.684694177795325
            ],
            [
              121.43348865974366,
              23.684764160054797
            ],
            [
              121.4311800356151,
              23.685407347426143
            ],
            [
              121.42868067120672,
              23.686151567028411
            ],
            [
              121.42461814056934,
              23.6874027322947
            ],
            [
              121.42239002603759,
              23.688002281319317
            ],
            [
              121.42311370697033,
              23.689544686457157
            ],
            [
              121.42044316767256,
              23.689906637489567
            ],
            [
              121.42072500815988,
              23.690793960735181
            ],
            [
              121.42090789374959,
              23.691083907802394
            ],
            [
              121.4213455894365,
              23.691395503312435
            ],
            [
              121.41932112046973,
              23.691808737859414
            ],
            [
              121.41788418283112,
              23.691974601073873
            ],
            [
              121.41819165935041,
              23.693297525777595
            ],
            [
              121.41846148633836,
              23.694223983532279
            ],
            [
              121.41849964078426,
              23.694776841142595
            ],
            [
              121.41809891922678,
              23.694649458181864
            ],
            [
              121.4178131908394,
              23.69444356741867
            ],
            [
              121.41742351836675,
              23.693975439637811
            ],
            [
              121.41726505718589,
              23.693735691866699
            ],
            [
              121.41728788050227,
              23.69328320782806
            ],
            [
              121.41561098345264,
              23.692377287473523
            ],
            [
              121.41497371046778,
              23.692244945577194
            ],
            [
              121.41490105129735,
              23.692284238551011
            ],
            [
              121.41504949458437,
              23.69319427149177
            ],
            [
              121.4149532975545,
              23.693462631632805
            ],
            [
              121.41441054345856,
              23.692531312633907
            ],
            [
              121.41398335284565,
              23.691700220993727
            ],
            [
              121.41353906278003,
              23.691215472640319
            ],
            [
              121.41306510028379,
              23.690937464391464
            ],
            [
              121.41292503941034,
              23.690759103008205
            ],
            [
              121.41257311980037,
              23.690715357344306
            ],
            [
              121.41196660406297,
              23.690716972192721
            ],
            [
              121.4112874988042,
              23.690780217641393
            ],
            [
              121.41049308487607,
              23.690821423974732
            ],
            [
              121.41005004886144,
              23.690733230344801
            ],
            [
              121.40943150701695,
              23.690768379924844
            ],
            [
              121.40940773395695,
              23.690924835914917
            ],
            [
              121.40923808328472,
              23.690981139073987
            ],
            [
              121.40899481534267,
              23.690769533997695
            ],
            [
              121.40839835599371,
              23.690713857246038
            ],
            [
              121.40798851515677,
              23.690572508177286
            ],
            [
              121.40761530012725,
              23.690506465447825
            ],
            [
              121.40728708035907,
              23.690281117564822
            ],
            [
              121.40679468792723,
              23.689922149049178
            ],
            [
              121.40659404594263,
              23.689763490095537
            ],
            [
              121.406475490891,
              23.689671641073073
            ],
            [
              121.40639361185777,
              23.689671855983107
            ],
            [
              121.4058842199797,
              23.689698326646404
            ],
            [
              121.4040647625127,
              23.689728219697447
            ],
            [
              121.40330076344625,
              23.689797237083749
            ],
            [
              121.4020364932441,
              23.689901063229044
            ],
            [
              121.40029937032187,
              23.690081506077401
            ],
            [
              121.39946266169328,
              23.690175827148014
            ],
            [
              121.39751641021837,
              23.690398669267282
            ],
            [
              121.39500606613974,
              23.690614548799896
            ],
            [
              121.39387809602438,
              23.690667691426462
            ],
            [
              121.39224957296442,
              23.690663447146921
            ],
            [
              121.39180375796631,
              23.690656197626826
            ],
            [
              121.39130320667564,
              23.69059881585741
            ],
            [
              121.39067556150408,
              23.690633913562497
            ],
            [
              121.39026628703647,
              23.690676836718467
            ],
            [
              121.38979305439415,
              23.690627759422259
            ],
            [
              121.38923761947731,
              23.690469970500402
            ],
            [
              121.38862764904971,
              23.690329072887266
            ],
            [
              121.38840885734513,
              23.690178813914965
            ],
            [
              121.38826255061231,
              23.689927834264424
            ],
            [
              121.38809822238127,
              23.689735547166599
            ],
            [
              121.38797021110615,
              23.689518034238407
            ],
            [
              121.38779730570066,
              23.689501710911081
            ],
            [
              121.38725164257443,
              23.689570102243465
            ],
            [
              121.38684227143943,
              23.689579503691281
            ],
            [
              121.38656921755521,
              23.689538294487317
            ],
            [
              121.38625962525913,
              23.689446906620262
            ],
            [
              121.38606820458824,
              23.689321710666409
            ],
            [
              121.38572278846947,
              23.68942311011962
            ],
            [
              121.38515002800533,
              23.689558587323731
            ],
            [
              121.38481351181726,
              23.689592936848296
            ],
            [
              121.38447665204019,
              23.689509991387116
            ],
            [
              121.38411235261282,
              23.689376843920432
            ],
            [
              121.3836568569721,
              23.689168517553163
            ],
            [
              121.38350197654695,
              23.6890934971962
            ],
            [
              121.38320158278127,
              23.68903559328924
            ],
            [
              121.38301075200172,
              23.689111469420375
            ],
            [
              121.38283816517165,
              23.689204056661637
            ],
            [
              121.38245638047118,
              23.689313916986436
            ],
            [
              121.3819562278082,
              23.689390555493521
            ],
            [
              121.38163780908023,
              23.689391340584006
            ],
            [
              121.38129195135107,
              23.689341923239493
            ],
            [
              121.38094616678028,
              23.689317639613609
            ],
            [
              121.38050008945623,
              23.689218197661155
            ],
            [
              121.38029084310416,
              23.689218711680368
            ],
            [
              121.38014561994959,
              23.689336363412629
            ],
            [
              121.38007327499835,
              23.689487349050289
            ],
            [
              121.38007373570628,
              23.689646534194818
            ],
            [
              121.38007422066637,
              23.689814097501316
            ],
            [
              121.38000185113397,
              23.689956704935604
            ],
            [
              121.38001155496256,
              23.690166136734835
            ],
            [
              121.38001201561052,
              23.69032532186656
            ],
            [
              121.38000316030804,
              23.690409125840461
            ],
            [
              121.37979374243017,
              23.690350992058175
            ],
            [
              121.37945707738052,
              23.690335060991352
            ],
            [
              121.37934783182273,
              23.690310193990904
            ],
            [
              121.37932029658455,
              23.690226479197971
            ],
            [
              121.37923834435232,
              23.690201545256954
            ],
            [
              121.3790018031915,
              23.690202124396578
            ],
            [
              121.37893797397525,
              23.690152011261365
            ],
            [
              121.37877421476695,
              23.690152411924217
            ],
            [
              121.37862869933578,
              23.69016952425612
            ],
            [
              121.37852879329724,
              23.690228416090754
            ],
            [
              121.37842864573216,
              23.690203526197955
            ],
            [
              121.37837398688494,
              23.690178525092779
            ],
            [
              121.37783726864581,
              23.690196592110475
            ],
            [
              121.37760089609108,
              23.690255816280079
            ],
            [
              121.37751023177383,
              23.690364954280724
            ],
            [
              121.3774015884968,
              23.690549540081111
            ],
            [
              121.37731114046855,
              23.690734081468278
            ],
            [
              121.37708408100723,
              23.690868686194062
            ],
            [
              121.37678411852048,
              23.690961576876308
            ],
            [
              121.37655679384106,
              23.69100402099679
            ],
            [
              121.37642011076461,
              23.690928949299437
            ],
            [
              121.37631072119858,
              23.690853811150792
            ],
            [
              121.37621052554815,
              23.690812163490332
            ],
            [
              121.37604693341144,
              23.690871208455398
            ],
            [
              121.37566518588761,
              23.690997808482908
            ],
            [
              121.37521065517589,
              23.691124583959351
            ],
            [
              121.3746740280931,
              23.6911761527405
            ],
            [
              121.37412861306397,
              23.691336657851458
            ],
            [
              121.37383769746044,
              23.691412764538455
            ],
            [
              121.37368339204424,
              23.691538810415533
            ],
            [
              121.37316500588996,
              23.691607086418902
            ],
            [
              121.3729560411072,
              23.691708128615634
            ],
            [
              121.37289257030163,
              23.691783685529515
            ],
            [
              121.37279268420383,
              23.691850951868975
            ],
            [
              121.37271975865369,
              23.691800858065193
            ],
            [
              121.37262847103011,
              23.691692160823727
            ],
            [
              121.37246447213525,
              23.691608773132167
            ],
            [
              121.37225519802904,
              23.691600898170051
            ],
            [
              121.37210972753873,
              23.691634760745242
            ],
            [
              121.37182805024518,
              23.691761110838549
            ],
            [
              121.37162830058143,
              23.691904020264989
            ],
            [
              121.37148297180063,
              23.691988151283237
            ],
            [
              121.37137386846204,
              23.692013547687875
            ],
            [
              121.371164901623,
              23.692114587487403
            ],
            [
              121.37104712638326,
              23.692290812555719
            ],
            [
              121.37084763534449,
              23.692525880869262
            ],
            [
              121.37074810246521,
              23.692718818470325
            ],
            [
              121.37054837380775,
              23.692870104689934
            ],
            [
              121.37039392168909,
              23.692945878299515
            ],
            [
              121.37019402692523,
              23.69303851686869
            ],
            [
              121.36997595958522,
              23.693139576834415
            ],
            [
              121.36983946673467,
              23.693131524701162
            ],
            [
              121.36962116311078,
              23.693148802455326
            ],
            [
              121.36951222347813,
              23.693232844762793
            ],
            [
              121.36904026001378,
              23.693636125353606
            ],
            [
              121.36896757030553,
              23.69366981150619
            ],
            [
              121.36886742182669,
              23.693644915450392
            ],
            [
              121.36873106967644,
              23.693687131377871
            ],
            [
              121.36869491298437,
              23.693770999761679
            ],
            [
              121.36855825491423,
              23.693704299302595
            ],
            [
              121.36842150294592,
              23.69360408603141
            ],
            [
              121.36822144128412,
              23.693638074868925
            ],
            [
              121.36813088424864,
              23.693789098318966
            ],
            [
              121.36790406817991,
              23.694015849609777
            ],
            [
              121.36753158905475,
              23.694209433505282
            ],
            [
              121.36734095242521,
              23.694360694034931
            ],
            [
              121.36715001078181,
              23.694403038088627
            ],
            [
              121.36695004121633,
              23.694470537989954
            ],
            [
              121.36676847818306,
              23.694613398086222
            ],
            [
              121.36661395160732,
              23.694664033441981
            ],
            [
              121.36654102679363,
              23.694613936736189
            ],
            [
              121.36654989094355,
              23.694530133466277
            ],
            [
              121.36658607260786,
              23.694454643745171
            ],
            [
              121.36660391778965,
              23.69432892806277
            ],
            [
              121.3666763511018,
              23.694203083104838
            ],
            [
              121.36679443820738,
              23.694135777563826
            ],
            [
              121.36683960059959,
              23.694018375362003
            ],
            [
              121.36683913243287,
              23.693850811892986
            ],
            [
              121.3668022020897,
              23.693658200118783
            ],
            [
              121.36674749714344,
              23.693616438562959
            ],
            [
              121.36650171118873,
              23.693566751189376
            ],
            [
              121.36623779956309,
              23.693542240988535
            ],
            [
              121.3661194323515,
              23.693509008012665
            ],
            [
              121.36598272912498,
              23.693425548908913
            ],
            [
              121.3658916326487,
              23.693383873062562
            ],
            [
              121.36578220025176,
              23.693291971099388
            ],
            [
              121.36561834356333,
              23.693258845196326
            ],
            [
              121.36554558318598,
              23.693267395226137
            ],
            [
              121.36538202967441,
              23.693343185353168
            ],
            [
              121.3652273875074,
              23.693351928443715
            ],
            [
              121.36516339881086,
              23.693243162373683
            ],
            [
              121.36505394374132,
              23.693142881710411
            ],
            [
              121.36494455869834,
              23.693067735494953
            ],
            [
              121.36484436484521,
              23.693026080467273
            ],
            [
              121.36467159691848,
              23.693060000403626
            ],
            [
              121.36454422561827,
              23.693060300345234
            ],
            [
              121.36440789587918,
              23.693110890654868
            ],
            [
              121.3643530756692,
              23.693027237354215
            ],
            [
              121.36420702047496,
              23.692851638119294
            ],
            [
              121.36408893315972,
              23.692918941700107
            ],
            [
              121.36389759776797,
              23.69281885272343
            ],
            [
              121.36387002535481,
              23.692718378738476
            ],
            [
              121.36386939848558,
              23.692492167941356
            ],
            [
              121.36386907344536,
              23.692374873451364
            ],
            [
              121.36373207110502,
              23.692182495999806
            ],
            [
              121.36355914160008,
              23.692157767439706
            ],
            [
              121.36348652083855,
              23.692216585568062
            ],
            [
              121.36337760116689,
              23.692309001786604
            ],
            [
              121.36305042426073,
              23.692435442773533
            ],
            [
              121.36285966917025,
              23.692544806958708
            ],
            [
              121.36243252961658,
              23.692713372046217
            ],
            [
              121.36208708558333,
              23.692814719068945
            ],
            [
              121.36170522615541,
              23.69290777216596
            ],
            [
              121.36155977442748,
              23.692950003054275
            ],
            [
              121.36135936599173,
              23.692858310342853
            ],
            [
              121.36117749938691,
              23.692892247622439
            ],
            [
              121.36101405892948,
              23.693009924063571
            ],
            [
              121.36105996337517,
              23.693160625226717
            ],
            [
              121.36112383344134,
              23.693227502138232
            ],
            [
              121.3611150580691,
              23.693344817870731
            ],
            [
              121.36101511857892,
              23.693395320328786
            ],
            [
              121.36086925159998,
              23.693286743341904
            ],
            [
              121.36075984576875,
              23.693203215963656
            ],
            [
              121.36071426388284,
              23.693169809229133
            ],
            [
              121.36031376963599,
              23.693103715879491
            ],
            [
              121.35995865070237,
              23.692995624834854
            ],
            [
              121.3598307742778,
              23.69281160091457
            ],
            [
              121.35956638345219,
              23.692611137493891
            ],
            [
              121.35923888110372,
              23.692620275929809
            ],
            [
              121.35892978067177,
              23.692704775133478
            ],
            [
              121.35883020714134,
              23.692889327103121
            ],
            [
              121.35879436481987,
              23.693090487804888
            ],
            [
              121.358831191685,
              23.693249588922168
            ],
            [
              121.35889512937528,
              23.693341601310095
            ],
            [
              121.35871374210002,
              23.693551477520753
            ],
            [
              121.35856844882115,
              23.693652352885955
            ],
            [
              121.35818681290822,
              23.693829179171086
            ],
            [
              121.35775056499428,
              23.693997752485227
            ],
            [
              121.35748690484859,
              23.694065387361896
            ],
            [
              121.35733221558918,
              23.694057366218317
            ],
            [
              121.35718655599497,
              23.694024189384155
            ],
            [
              121.35695880927213,
              23.693915797571766
            ],
            [
              121.35675876672128,
              23.693958149820816
            ],
            [
              121.35660457824025,
              23.694134447969777
            ],
            [
              121.35625919400034,
              23.694260916619275
            ],
            [
              121.35581375323277,
              23.694395992716089
            ],
            [
              121.3554953214274,
              23.694396724195556
            ],
            [
              121.35504978875741,
              23.694498285372291
            ],
            [
              121.3543133433387,
              23.694684293654415
            ],
            [
              121.35411323092747,
              23.694701507952281
            ],
            [
              121.3538764100101,
              23.694601510592197
            ],
            [
              121.35359416683637,
              23.694526751318222
            ],
            [
              121.3534392967849,
              23.694451700807562
            ],
            [
              121.35327508088085,
              23.694284510858004
            ],
            [
              121.35322008689086,
              23.694133828062284
            ],
            [
              121.35325614090776,
              23.694008072245772
            ],
            [
              121.35325571261797,
              23.693848886711802
            ],
            [
              121.35320979430684,
              23.693689804957085
            ],
            [
              121.35299065383403,
              23.693397066394361
            ],
            [
              121.35273503245378,
              23.69307089766075
            ],
            [
              121.3526347973574,
              23.693012478310205
            ],
            [
              121.35250744842786,
              23.69302114653707
            ],
            [
              121.35229848759332,
              23.693130539244031
            ],
            [
              121.35200777940007,
              23.693290386977779
            ],
            [
              121.35185354034144,
              23.693449924101703
            ],
            [
              121.35167200690562,
              23.693609523069778
            ],
            [
              121.35149022631266,
              23.693676961760982
            ],
            [
              121.35135393558373,
              23.693744297016242
            ],
            [
              121.35129020467718,
              23.693727685150328
            ],
            [
              121.35129903368943,
              23.693627126251222
            ],
            [
              121.35132612593441,
              23.6935516606273
            ],
            [
              121.35145316150459,
              23.693425698732142
            ],
            [
              121.35138902714846,
              23.693258279514794
            ],
            [
              121.35132493779345,
              23.693107616642617
            ],
            [
              121.35139743003872,
              23.692998535021868
            ],
            [
              121.35143326126972,
              23.692788997706039
            ],
            [
              121.35122335864065,
              23.692546505028936
            ],
            [
              121.35113197608139,
              23.69239590396646
            ],
            [
              121.35092178356253,
              23.692044494383502
            ],
            [
              121.35068425382021,
              23.691676389922304
            ],
            [
              121.35049270660869,
              23.691492502309469
            ],
            [
              121.35029219618923,
              23.691358904179893
            ],
            [
              121.35009204356611,
              23.691359356850803
            ],
            [
              121.34975546786517,
              23.691376873961367
            ],
            [
              121.34955513678162,
              23.691310300401771
            ],
            [
              121.34948201956234,
              23.691184791808059
            ],
            [
              121.34935422636666,
              23.69102589357411
            ],
            [
              121.34917157926917,
              23.690766580014525
            ],
            [
              121.34907112478832,
              23.690624376367271
            ],
            [
              121.34877930546713,
              23.690365308391225
            ],
            [
              121.34863376324424,
              23.69037401439093
            ],
            [
              121.34845145194772,
              23.690240372848002
            ],
            [
              121.34840571858449,
              23.690148315066743
            ],
            [
              121.34829634542172,
              23.690073156917034
            ],
            [
              121.34818690574176,
              23.689972864103414
            ],
            [
              121.34813209712294,
              23.689889204886544
            ],
            [
              121.3481225773922,
              23.689730039633666
            ],
            [
              121.34808569789206,
              23.689545801145165
            ],
            [
              121.34795786359507,
              23.689370145295275
            ],
            [
              121.34757460667781,
              23.688935337226553
            ],
            [
              121.34709183170521,
              23.688710207425711
            ],
            [
              121.3467362485251,
              23.688417765375757
            ],
            [
              121.34655403030406,
              23.688317634303033
            ],
            [
              121.34626268494615,
              23.688234503557133
            ],
            [
              121.34609901585094,
              23.688268382430735
            ],
            [
              121.3459535860862,
              23.688318976881629
            ],
            [
              121.34587157493885,
              23.688268890587889
            ],
            [
              121.34585300459112,
              23.688126501845861
            ],
            [
              121.34585262951954,
              23.687984072463077
            ],
            [
              121.34584324509271,
              23.687875176192357
            ],
            [
              121.3458065458174,
              23.687757962668567
            ],
            [
              121.34554212022024,
              23.687532340197603
            ],
            [
              121.34543266272534,
              23.687423667155215
            ],
            [
              121.3453776366145,
              23.687256224900793
            ],
            [
              121.34530432742771,
              23.687055310391163
            ],
            [
              121.34525844322999,
              23.686904604198823
            ],
            [
              121.34517636717747,
              23.686829382911714
            ],
            [
              121.34513061530183,
              23.686728945880976
            ],
            [
              121.34512098941413,
              23.686527889327259
            ],
            [
              121.3450201684506,
              23.686243253458098
            ],
            [
              121.34491038245865,
              23.686008906981691
            ],
            [
              121.34480982629283,
              23.685824809374978
            ],
            [
              121.34470023891687,
              23.685665866552071
            ],
            [
              121.34457254482952,
              23.685540476939938
            ],
            [
              121.34449910601975,
              23.685289292760388
            ],
            [
              121.34455298734113,
              23.685021068826504
            ],
            [
              121.34461605376686,
              23.684786337438965
            ],
            [
              121.34462438182373,
              23.684493080063735
            ],
            [
              121.34459647428073,
              23.684258551077043
            ],
            [
              121.34456883056671,
              23.684124560530236
            ],
            [
              121.34445948659602,
              23.68405777773263
            ],
            [
              121.34435025255073,
              23.684032885879411
            ],
            [
              121.34430454622681,
              23.683949204959358
            ],
            [
              121.34428600020894,
              23.683815194128261
            ],
            [
              121.34428564887153,
              23.68368114284775
            ],
            [
              121.34431265535025,
              23.683572165510263
            ],
            [
              121.34446708996714,
              23.683488039569667
            ],
            [
              121.34464872836195,
              23.683370339926856
            ],
            [
              121.34478435222405,
              23.683051664412723
            ],
            [
              121.34491962347079,
              23.682598937484137
            ],
            [
              121.34496425167467,
              23.682272086153624
            ],
            [
              121.34489980125657,
              23.681978990752381
            ],
            [
              121.34481737667507,
              23.681769717883185
            ],
            [
              121.34467120620567,
              23.681535452059222
            ],
            [
              121.34458902400452,
              23.681418339329607
            ],
            [
              121.34451618078457,
              23.681393366600474
            ],
            [
              121.34442481379791,
              23.681242761182705
            ],
            [
              121.3443059140715,
              23.681000056086415
            ],
            [
              121.34414174866239,
              23.680841234036066
            ],
            [
              121.34380480427549,
              23.680707930176556
            ],
            [
              121.34329538771479,
              23.680717438307273
            ],
            [
              121.34267741753325,
              23.680961776181142
            ],
            [
              121.34196934584854,
              23.681541440867385
            ],
            [
              121.34154286771727,
              23.681961294752242
            ],
            [
              121.34151601170871,
              23.682128919116863
            ],
            [
              121.34137106585027,
              23.682363829847993
            ],
            [
              121.34087156592102,
              23.682691681982671
            ],
            [
              121.34023577790879,
              23.683086858021181
            ],
            [
              121.33983660283417,
              23.683515025498057
            ],
            [
              121.33932806226093,
              23.683868027289265
            ],
            [
              121.33925573795371,
              23.684044129119322
            ],
            [
              121.33922008417386,
              23.684329067931362
            ],
            [
              121.33915735440225,
              23.684697848581088
            ],
            [
              121.33909417008839,
              23.68489068681869
            ],
            [
              121.33887635102352,
              23.685092241717598
            ],
            [
              121.33861304410298,
              23.685293895773416
            ],
            [
              121.33844970039932,
              23.685453439681083
            ],
            [
              121.33826775142398,
              23.685453837201447
            ],
            [
              121.33806788787595,
              23.685563190938364
            ],
            [
              121.33789514396257,
              23.685605459206478
            ],
            [
              121.33763164066865,
              23.685731707731634
            ],
            [
              121.33732243430933,
              23.685774272807418
            ],
            [
              121.33708630856458,
              23.685933973798953
            ],
            [
              121.33664130491601,
              23.686236558968755
            ],
            [
              121.336396144364,
              23.686421413319955
            ],
            [
              121.33624193697798,
              23.686597691578424
            ],
            [
              121.33617827571217,
              23.686606208042338
            ],
            [
              121.33597830148898,
              23.686673668060639
            ],
            [
              121.33592414484235,
              23.686841350655278
            ],
            [
              121.3358062837269,
              23.68700079312422
            ],
            [
              121.33571524389741,
              23.686975855743441
            ],
            [
              121.33561508513797,
              23.686942559815837
            ],
            [
              121.33542407928523,
              23.68695973015291
            ],
            [
              121.33519646932943,
              23.686893196930029
            ],
            [
              121.33511435622144,
              23.686801213824499
            ],
            [
              121.33490487768387,
              23.686709506162995
            ],
            [
              121.33474086574721,
              23.686609321688124
            ],
            [
              121.33447671727205,
              23.686484218572904
            ],
            [
              121.33420327991709,
              23.68628373073312
            ],
            [
              121.33408460738566,
              23.68612479989762
            ],
            [
              121.33406585835122,
              23.685907005649327
            ],
            [
              121.33401983828213,
              23.685697648470189
            ],
            [
              121.33362841298602,
              23.685606331358933
            ],
            [
              121.33311878501399,
              23.68554040232209
            ],
            [
              121.3328911998837,
              23.685482243871029
            ],
            [
              121.33278183937345,
              23.685407074572332
            ],
            [
              121.33269972888236,
              23.685315090139373
            ],
            [
              121.3324538858235,
              23.68523183548238
            ],
            [
              121.3322446659179,
              23.685240662721576
            ],
            [
              121.3321265686775,
              23.685307942104973
            ],
            [
              121.33188121287016,
              23.6854173854578
            ],
            [
              121.33138123344992,
              23.685569264759298
            ],
            [
              121.3310541259803,
              23.685729151271772
            ],
            [
              121.33087236643111,
              23.685804944037944
            ],
            [
              121.33078168702164,
              23.685922433378561
            ],
            [
              121.33069107073207,
              23.686065057309005
            ],
            [
              121.3305364132603,
              23.686065387475104
            ],
            [
              121.3303269390177,
              23.685973673563463
            ],
            [
              121.33019925819021,
              23.685848271952619
            ],
            [
              121.3298350011724,
              23.685706617745357
            ],
            [
              121.32954367178988,
              23.685623455331235
            ],
            [
              121.32925248978081,
              23.685598939876403
            ],
            [
              121.32901616549366,
              23.685683224728997
            ],
            [
              121.32890739442807,
              23.685842642725685
            ],
            [
              121.32888056349516,
              23.686027021437855
            ],
            [
              121.32886280902298,
              23.686203002607634
            ],
            [
              121.32883574722685,
              23.686295220933854
            ],
            [
              121.32856296845388,
              23.686354447722032
            ],
            [
              121.32834479552098,
              23.686421936526411
            ],
            [
              121.32765319547991,
              23.686347996962173
            ],
            [
              121.32737991484791,
              23.686206144470329
            ],
            [
              121.32693382398031,
              23.686081412920366
            ],
            [
              121.32677866616969,
              23.685880662110229
            ],
            [
              121.32654133995521,
              23.685562788738441
            ],
            [
              121.32633986347628,
              23.685027004609005
            ],
            [
              121.32619253611566,
              23.684315162590678
            ],
            [
              121.3260099023079,
              23.684039064424539
            ],
            [
              121.32520819358967,
              23.683579945342402
            ],
            [
              121.32433464289615,
              23.683497994459394
            ],
            [
              121.32383517806619,
              23.683859305014852
            ],
            [
              121.32339003691513,
              23.684115772226651
            ],
            [
              121.32320898626031,
              23.684480604711908
            ],
            [
              121.32283741386237,
              23.685059479999481
            ],
            [
              121.32270222850146,
              23.685579214149971
            ],
            [
              121.32226692710938,
              23.686141464287481
            ],
            [
              121.3220450960256,
              23.686573406335665
            ],
            [
              121.32180020139066,
              23.68687553289875
            ],
            [
              121.3213914671195,
              23.687144486129352
            ],
            [
              121.32091867947278,
              23.687262762294967
            ],
            [
              121.32026322393729,
              23.687088175661657
            ],
            [
              121.32008117027371,
              23.687046660729983
            ],
            [
              121.31995402872019,
              23.687139084370799
            ],
            [
              121.31985424096507,
              23.687256586205589
            ],
            [
              121.31965417553353,
              23.687290512353247
            ],
            [
              121.31960844291103,
              23.687190067572661
            ],
            [
              121.31953529532201,
              23.687039409758448
            ],
            [
              121.31928048172702,
              23.68700642225922
            ],
            [
              121.31908057935183,
              23.687107373447198
            ],
            [
              121.31862649298371,
              23.687435060718077
            ],
            [
              121.31833610070834,
              23.687737275458037
            ],
            [
              121.31751846895624,
              23.688216515153456
            ],
            [
              121.31684633365293,
              23.688670318129791
            ],
            [
              121.31624598688835,
              23.688713436654087
            ],
            [
              121.31543613103575,
              23.688648062318006
            ],
            [
              121.31468072153424,
              23.688523925248433
            ]
          ],
          [
            [
              121.42901947957547,
              23.67788832854761
            ],
            [
              121.4300643374585,
              23.678421636182268
            ],
            [
              121.43039832822222,
              23.678554759776695
            ],
            [
              121.43064084741334,
              23.678534536611625
            ],
            [
              121.43105245095951,
              23.678293216685191
            ],
            [
              121.43126130277547,
              23.678178133291695
            ],
            [
              121.43148516888374,
              23.678018324058833
            ],
            [
              121.43169651081162,
              23.677738461858002
            ],
            [
              121.43175707365243,
              23.677713158465551
            ],
            [
              121.43184823452594,
              23.677771551763705
            ],
            [
              121.43199976549852,
              23.677745994650223
            ],
            [
              121.43235416450204,
              23.67763050383142
            ],
            [
              121.43224788810507,
              23.677586116678203
            ],
            [
              121.43213851522033,
              23.677522188953034
            ],
            [
              121.43205018464295,
              23.677402347786355
            ],
            [
              121.4321166464734,
              23.677326758593885
            ],
            [
              121.43224979957479,
              23.677245397828898
            ],
            [
              121.43229787471941,
              23.677111212452967
            ],
            [
              121.43211559032407,
              23.677005597146351
            ],
            [
              121.43212132421141,
              23.67690504273034
            ],
            [
              121.43216074348841,
              23.676904932766266
            ],
            [
              121.43233724811444,
              23.677097138902177
            ],
            [
              121.43247651131225,
              23.677029724560697
            ],
            [
              121.4326856909118,
              23.677015176767615
            ],
            [
              121.43281556272377,
              23.676858420873891
            ],
            [
              121.43255992514877,
              23.67657706877737
            ],
            [
              121.43219570677523,
              23.676471961452883
            ],
            [
              121.4320656784848,
              23.676581240796118
            ],
            [
              121.43208723478729,
              23.676681719098269
            ],
            [
              121.43200241450378,
              23.676707090265161
            ],
            [
              121.43185609565532,
              23.676472908566936
            ],
            [
              121.43173791161222,
              23.676495579859814
            ],
            [
              121.43168902874663,
              23.676384006717811
            ],
            [
              121.43208862327354,
              23.676181815816616
            ],
            [
              121.4321496077972,
              23.676284976871482
            ],
            [
              121.43221069345904,
              23.676418857692834
            ],
            [
              121.43231998275897,
              23.676457651013269
            ],
            [
              121.43252639580608,
              23.676524100451392
            ],
            [
              121.43260799054819,
              23.676440090593537
            ],
            [
              121.43267453433532,
              23.676389635539021
            ],
            [
              121.43275013799945,
              23.676327984211873
            ],
            [
              121.43281300555697,
              23.676082047985357
            ],
            [
              121.43287309824356,
              23.675914316037669
            ],
            [
              121.43263353376545,
              23.675909399784324
            ],
            [
              121.43264217992095,
              23.675772531662222
            ],
            [
              121.4329359653855,
              23.675668379754409
            ],
            [
              121.43297254529485,
              23.675726924940605
            ],
            [
              121.43311286523345,
              23.675980671503051
            ],
            [
              121.4332407713466,
              23.676147877889562
            ],
            [
              121.43353151570605,
              23.676040940623849
            ],
            [
              121.43351917487557,
              23.675976742279019
            ],
            [
              121.43391840563568,
              23.675665631089977
            ],
            [
              121.43386599113151,
              23.675403260895997
            ],
            [
              121.4342415522661,
              23.67527095014654
            ],
            [
              121.43435685022479,
              23.675292968793549
            ],
            [
              121.43445381644236,
              23.675273147755536
            ],
            [
              121.43478925563271,
              23.674928700419013
            ],
            [
              121.43458833582596,
              23.674689089043095
            ],
            [
              121.43426135264617,
              23.673922004007075
            ],
            [
              121.43410623165471,
              23.673777216540419
            ],
            [
              121.43405493364791,
              23.673852764102698
            ],
            [
              121.43382529915377,
              23.674099167937669
            ],
            [
              121.43353581345227,
              23.673667104416509
            ],
            [
              121.43361448419293,
              23.673616615025654
            ],
            [
              121.43370534808324,
              23.673585640605417
            ],
            [
              121.43371681320727,
              23.673384531605741
            ],
            [
              121.43404717217976,
              23.673338922671796
            ],
            [
              121.43422226291722,
              23.673103842322796
            ],
            [
              121.43416693669371,
              23.672877785853572
            ],
            [
              121.4340434829836,
              23.672221839029511
            ],
            [
              121.4339419746415,
              23.671783663933933
            ],
            [
              121.43349077627163,
              23.671963662044718
            ],
            [
              121.43342665011959,
              23.671826997412726
            ],
            [
              121.43330201037134,
              23.671729600293272
            ],
            [
              121.43323474194065,
              23.671559431534838
            ],
            [
              121.4332616444524,
              23.671442061412986
            ],
            [
              121.43340072625433,
              23.671321584798669
            ],
            [
              121.43347920224353,
              23.671212448573687
            ],
            [
              121.43340600775817,
              23.671084187493012
            ],
            [
              121.43328173697897,
              23.671098498737713
            ],
            [
              121.43313601127154,
              23.671043051467297
            ],
            [
              121.43300473785668,
              23.670772523006288
            ],
            [
              121.43236895926198,
              23.671067535749405
            ],
            [
              121.43258340419104,
              23.671734401039366
            ],
            [
              121.43263572262561,
              23.671968844750833
            ],
            [
              121.43250527636135,
              23.671949659798511
            ],
            [
              121.43221912581804,
              23.671606951827329
            ],
            [
              121.43215778536427,
              23.671394875005767
            ],
            [
              121.43200548151108,
              23.671183051803993
            ],
            [
              121.43120313320122,
              23.671539964338738
            ],
            [
              121.4313203061616,
              23.672134490955049
            ],
            [
              121.43136301279461,
              23.672212568662534
            ],
            [
              121.43133284716028,
              23.672260129154484
            ],
            [
              121.43126041472782,
              23.672363662012238
            ],
            [
              121.43120906063119,
              23.672422452400102
            ],
            [
              121.43110931116843,
              23.672517683006127
            ],
            [
              121.43104561767332,
              23.672512274751739
            ],
            [
              121.43096643376013,
              23.672406371070441
            ],
            [
              121.43081463408321,
              23.672348145790792
            ],
            [
              121.43065393941608,
              23.672351385276162
            ],
            [
              121.43054792403088,
              23.672385192751385
            ],
            [
              121.43052420657716,
              23.672550030078785
            ],
            [
              121.43049146577891,
              23.672737234358934
            ],
            [
              121.43037946803152,
              23.672796192966516
            ],
            [
              121.43025686520198,
              23.672394379513552
            ],
            [
              121.42970841148126,
              23.672507611064585
            ],
            [
              121.42962637906639,
              23.672457569309426
            ],
            [
              121.42883276657581,
              23.67270832147474
            ],
            [
              121.42912925660063,
              23.673433611923262
            ],
            [
              121.42749459710873,
              23.673340385288736
            ],
            [
              121.42715078173286,
              23.672978277844674
            ],
            [
              121.42695393605965,
              23.673054224319916
            ],
            [
              121.42683483811608,
              23.672794827968776
            ],
            [
              121.4265318034404,
              23.67285151726411
            ],
            [
              121.42588921156565,
              23.672923103431472
            ],
            [
              121.42554088358386,
              23.673038562772394
            ],
            [
              121.42538339175748,
              23.6730948500078
            ],
            [
              121.42546304176807,
              23.673345977620421
            ],
            [
              121.42543278332347,
              23.673365609870725
            ],
            [
              121.42534456107643,
              23.673276484521054
            ],
            [
              121.42518692431933,
              23.673288088165776
            ],
            [
              121.42506307497467,
              23.673433650329958
            ],
            [
              121.42502390958677,
              23.673511954413769
            ],
            [
              121.42504000979851,
              23.673802354879321
            ],
            [
              121.42504058785437,
              23.673981088448059
            ],
            [
              121.42512807287457,
              23.6747795710736
            ],
            [
              121.42527537204614,
              23.675320957639464
            ],
            [
              121.42565913217985,
              23.67584493806287
            ],
            [
              121.42599660600297,
              23.676120491275508
            ],
            [
              121.42633417184577,
              23.676423970829166
            ],
            [
              121.42667720525345,
              23.676543114021307
            ],
            [
              121.42684118239039,
              23.6766152734127
            ],
            [
              121.42738159457231,
              23.676820445843543
            ],
            [
              121.42748490918858,
              23.67688718642059
            ],
            [
              121.42784033753371,
              23.677087282112655
            ],
            [
              121.42802877418443,
              23.677220812837874
            ],
            [
              121.42816227556651,
              23.677245578518427
            ],
            [
              121.42839830029662,
              23.677094118300559
            ],
            [
              121.42848583508142,
              23.676970995870445
            ],
            [
              121.42830627662765,
              23.676770415513143
            ],
            [
              121.4281846043997,
              23.676653456998782
            ],
            [
              121.42823604339841,
              23.676619801990704
            ],
            [
              121.42836379834711,
              23.676742329115054
            ],
            [
              121.42858576286584,
              23.676928828414631
            ],
            [
              121.42864945842081,
              23.676934237647714
            ],
            [
              121.42880691691138,
              23.67686677623529
            ],
            [
              121.42892782413954,
              23.676749146647044
            ],
            [
              121.42896383735147,
              23.676634544800461
            ],
            [
              121.42900026078649,
              23.676645614876556
            ],
            [
              121.42900039754856,
              23.676687505520054
            ],
            [
              121.4289431585981,
              23.676802166148573
            ],
            [
              121.4288857463615,
              23.676863765274685
            ],
            [
              121.42864969528465,
              23.677006848096923
            ],
            [
              121.42866807103093,
              23.677062651944144
            ],
            [
              121.42872001120487,
              23.677182595799856
            ],
            [
              121.42869316731453,
              23.677319514088531
            ],
            [
              121.42880262041652,
              23.677408578659197
            ],
            [
              121.42879401574689,
              23.677559410144461
            ],
            [
              121.42879454433069,
              23.677721387283331
            ],
            [
              121.42901947957547,
              23.67788832854761
            ]
          ]
        ]
      },
      "properties" : {
        "FID" : 0,
        "id" : 0,
        "area" : 0,
        "id_2" : 0,
        "area_2" : 0,
        "layer" : "Mataian_landslide_area",
        "path" : "D:\\Landslide_20250725\\Mataian_landslide_area.shp"
      }
    }
  ]
}