{
"type": "FeatureCollection",
"name": "moving_all_20250923_1355",
"crs": { "type": "name", "properties": { "name": "urn:ogc:def:crs:OGC:1.3:CRS84" } },
"features": [
{ "type": "Feature", "properties": { "gridid": "286855", "time_bucket": null, "people_move_all": 0.0 }, "geometry": { "type": "Polygon", "coordinates": [ [ [ 121.413342530557685, 23.639222115852686 ], [ 121.410892171691216, 23.639228626753216 ], [ 121.410899218432121, 23.641486068252483 ], [ 121.41334961931895, 23.641479556656115 ], [ 121.413342530557685, 23.639222115852686 ] ] ] } },
{ "type": "Feature", "properties": { "gridid": "295969", "time_bucket": "2025-09-23T13:55:00", "people_move_all": 10.05 }, "geometry": { "type": "Polygon", "coordinates": [ [ [ 121.425696578319958, 23.670793042434564 ], [ 121.423245635155325, 23.670799756918147 ], [ 121.423252904633458, 23.673057185666522 ], [ 121.425703889891267, 23.67305047046607 ], [ 121.425696578319958, 23.670793042434564 ] ] ] } },
{ "type": "Feature", "properties": { "gridid": "295327", "time_bucket": "2025-09-23T13:55:00", "people_move_all": 3.35 }, "geometry": { "type": "Polygon", "coordinates": [ [ [ 121.437943759212658, 23.668501463473177 ], [ 121.435492862729191, 23.668508371056927 ], [ 121.43550034174352, 23.670765796839326 ], [ 121.43795128031465, 23.670758888518048 ], [ 121.437943759212658, 23.668501463473177 ] ] ] } },
{ "type": "Feature", "properties": { "gridid": "292734", "time_bucket": "2025-09-23T13:55:00", "people_move_all": 3.35 }, "geometry": { "type": "Polygon", "coordinates": [ [ [ 121.450167311399156, 23.659436652334048 ], [ 121.447716587936355, 23.65944375070066 ], [ 121.447724273567687, 23.661701175392981 ], [ 121.450175039096862, 23.66169407626824 ], [ 121.450167311399156, 23.659436652334048 ] ] ] } },
{ "type": "Feature", "properties": { "gridid": "294674", "time_bucket": "2025-09-23T13:55:00", "people_move_all": 29.050424802833746 }, "geometry": { "type": "Polygon", "coordinates": [ [ [ 121.423231098632996, 23.666284897415174 ], [ 121.420780238736256, 23.666291571705663 ], [ 121.420787464325571, 23.668549002485904 ], [ 121.423238366305156, 23.668542327482733 ], [ 121.423231098632996, 23.666284897415174 ] ] ] } },
{ "type": "Feature", "properties": { "gridid": "294028", "time_bucket": "2025-09-23T13:55:00", "people_move_all": 3.35 }, "geometry": { "type": "Polygon", "coordinates": [ [ [ 121.430576280566058, 23.664007213487704 ], [ 121.428125465471012, 23.664014003331268 ], [ 121.428132816395276, 23.666271432620629 ], [ 121.43058367356771, 23.666264642051999 ], [ 121.430576280566058, 23.664007213487704 ] ] ] } },
{ "type": "Feature", "properties": { "gridid": "288808", "time_bucket": null, "people_move_all": 0.0 }, "geometry": { "type": "Polygon", "coordinates": [ [ [ 121.413363800278091, 23.645994436295727 ], [ 121.410913315334795, 23.646000949283867 ], [ 121.410920364703898, 23.648258388806351 ], [ 121.413370891683257, 23.648251875122298 ], [ 121.413363800278091, 23.645994436295727 ] ] ] } },
{ "type": "Feature", "properties": { "gridid": "292083", "time_bucket": "2025-09-23T13:55:00", "people_move_all": 6.7 }, "geometry": { "type": "Polygon", "coordinates": [ [ [ 121.450159584847341, 23.657179227683802 ], [ 121.447708903445687, 23.657186325292315 ], [ 121.447716588122091, 23.659443750644257 ], [ 121.450167311584892, 23.659436652277645 ], [ 121.450159584847341, 23.657179227683802 ] ] ] } },
{ "type": "Feature", "properties": { "gridid": "285530", "time_bucket": null, "people_move_all": 0.0 }, "geometry": { "type": "Polygon", "coordinates": [ [ [ 121.415778629978163, 23.634700684088795 ], [ 121.413328356017871, 23.634707232299448 ], [ 121.413335443016905, 23.636964674420526 ], [ 121.415785758987084, 23.636958125509945 ], [ 121.415778629978163, 23.634700684088795 ] ] ] } },
{ "type": "Feature", "properties": { "gridid": "282873", "time_bucket": null, "people_move_all": 0.0 }, "geometry": { "type": "Polygon", "coordinates": [ [ [ 121.405949693475691, 23.625696861360645 ], [ 121.403499584010959, 23.625703252030693 ], [ 121.403506499529655, 23.62796069954452 ], [ 121.40595665098364, 23.627954308191182 ], [ 121.405949693475691, 23.625696861360645 ] ] ] } },
{ "type": "Feature", "properties": { "gridid": "276914", "time_bucket": "2025-09-23T13:55:00", "people_move_all": 3.35 }, "geometry": { "type": "Polygon", "coordinates": [ [ [ 121.393638447499754, 23.605411346416179 ], [ 121.391188711459165, 23.605417537696088 ], [ 121.391195409528962, 23.607674994487915 ], [ 121.393645187512163, 23.607668802545589 ], [ 121.393638447499754, 23.605411346416179 ] ] ] } },
{ "type": "Feature", "properties": { "gridid": "291425", "time_bucket": null, "people_move_all": 0.0 }, "geometry": { "type": "Polygon", "coordinates": [ [ [ 121.432997363781581, 23.654970666915137 ], [ 121.430546717862057, 23.65497749259724 ], [ 121.43055410719019, 23.657234923799429 ], [ 121.433004795166127, 23.65722809738822 ], [ 121.432997363781581, 23.654970666915137 ] ] ] } },
{ "type": "Feature", "properties": { "gridid": "291423", "time_bucket": null, "people_move_all": 0.0 }, "geometry": { "type": "Polygon", "coordinates": [ [ [ 121.428096070753682, 23.654984279528751 ], [ 121.425645423002948, 23.654991027733651 ], [ 121.425652728218026, 23.657248460381656 ], [ 121.42810341802533, 23.657241711455914 ], [ 121.428096070753682, 23.654984279528751 ] ] ] } },
{ "type": "Feature", "properties": { "gridid": "290767", "time_bucket": null, "people_move_all": 0.0 }, "geometry": { "type": "Polygon", "coordinates": [ [ [ 121.425638118662761, 23.652733594467914 ], [ 121.423187512055677, 23.652740303217453 ], [ 121.423194774311597, 23.654997737241434 ], [ 121.425645422970064, 23.654991027775218 ], [ 121.425638118662761, 23.652733594467914 ] ] ] } },
{ "type": "Feature", "properties": { "gridid": "291434", "time_bucket": null, "people_move_all": 0.0 }, "geometry": { "type": "Polygon", "coordinates": [ [ [ 121.455053134279666, 23.65490749255774 ], [ 121.452602496859186, 23.654914666884292 ], [ 121.452610264692467, 23.657172091375518 ], [ 121.455060944168736, 23.657164916282611 ], [ 121.455053134279666, 23.65490749255774 ] ] ] } },
{ "type": "Feature", "properties": { "gridid": "288170", "time_bucket": null, "people_move_all": 0.0 }, "geometry": { "type": "Polygon", "coordinates": [ [ [ 121.432960219981467, 23.643683504692167 ], [ 121.430509784265638, 23.643690326729068 ], [ 121.430517169003394, 23.645947761227561 ], [ 121.432967646749518, 23.645940938461671 ], [ 121.432960219981467, 23.643683504692167 ] ] ] } },
{ "type": "Feature", "properties": { "gridid": "284864", "time_bucket": null, "people_move_all": 0.0 }, "geometry": { "type": "Polygon", "coordinates": [ [ [ 121.410871037300723, 23.632456298311734 ], [ 121.408420803588385, 23.632462768427224 ], [ 121.408427805696888, 23.634720212594477 ], [ 121.410878081414026, 23.634713741787351 ], [ 121.410871037300723, 23.632456298311734 ] ] ] } },
{ "type": "Feature", "properties": { "gridid": "285528", "time_bucket": null, "people_move_all": 0.0 }, "geometry": { "type": "Polygon", "coordinates": [ [ [ 121.410878080866539, 23.634713741794755 ], [ 121.408427805149401, 23.634720212601874 ], [ 121.408434808128462, 23.636977656110414 ], [ 121.410885125855614, 23.636971184611632 ], [ 121.410878080866539, 23.634713741794755 ] ] ] } },
{ "type": "Feature", "properties": { "gridid": "294025", "time_bucket": "2025-09-23T13:55:00", "people_move_all": 46.653565091099658 }, "geometry": { "type": "Polygon", "coordinates": [ [ [ 121.423223832044357, 23.664027466742262 ], [ 121.420773014225205, 23.664034140320105 ], [ 121.420780238916862, 23.666291571759839 ], [ 121.423231098813631, 23.666284897469346 ], [ 121.423223832044357, 23.664027466742262 ] ] ] } },
{ "type": "Feature", "properties": { "gridid": "294027", "time_bucket": "2025-09-23T13:55:00", "people_move_all": 3.35 }, "geometry": { "type": "Polygon", "coordinates": [ [ [ 121.428125465061385, 23.664014003303802 ], [ 121.425674649053093, 23.66402075439218 ], [ 121.425681957899897, 23.666278184402469 ], [ 121.428132815985649, 23.66627143259316 ], [ 121.428125465061385, 23.664014003303802 ] ] ] } },
{ "type": "Feature", "properties": { "gridid": "291421", "time_bucket": null, "people_move_all": 0.0 }, "geometry": { "type": "Polygon", "coordinates": [ [ [ 121.423194774715455, 23.654997737250756 ], [ 121.420744125154442, 23.655004407978232 ], [ 121.420751346256196, 23.657261842055483 ], [ 121.423202037873907, 23.65725517061545 ], [ 121.423194774715455, 23.654997737250756 ] ] ] } },
{ "type": "Feature", "properties": { "gridid": "279588", "time_bucket": null, "people_move_all": 0.0 }, "geometry": { "type": "Polygon", "coordinates": [ [ [ 121.427963975879351, 23.614350392093414 ], [ 121.425514084253379, 23.614357127327391 ], [ 121.425521373139375, 23.616614571835591 ], [ 121.427971306727912, 23.616607835881208 ], [ 121.427963975879351, 23.614350392093414 ] ] ] } },
{ "type": "Feature", "properties": { "gridid": "299140", "time_bucket": null, "people_move_all": 0.0 }, "geometry": { "type": "Polygon", "coordinates": [ [ [ 121.440440048192102, 23.682039053012716 ], [ 121.437988900039073, 23.682046003810093 ], [ 121.437996426748427, 23.684303424895667 ], [ 121.440447617020396, 23.684296473356468 ], [ 121.440440048192102, 23.682039053012716 ] ] ] } },
{ "type": "Feature", "properties": { "gridid": "301050", "time_bucket": "2025-09-23T13:55:00", "people_move_all": 3.35 }, "geometry": { "type": "Polygon", "coordinates": [ [ [ 121.484585532904447, 23.688679522801966 ], [ 121.482134276102698, 23.688687174222974 ], [ 121.482142564028905, 23.690944579340741 ], [ 121.484593862963948, 23.690936927103312 ], [ 121.484585532904447, 23.688679522801966 ] ] ] } },
{ "type": "Feature", "properties": { "gridid": "291422", "time_bucket": null, "people_move_all": 0.0 }, "geometry": { "type": "Polygon", "coordinates": [ [ [ 121.425645423235864, 23.654991027738717 ], [ 121.423194774577368, 23.654997737204933 ], [ 121.42320203773582, 23.657255170569623 ], [ 121.425652728450927, 23.657248460386704 ], [ 121.425645423235864, 23.654991027738717 ] ] ] } },
{ "type": "Feature", "properties": { "gridid": "294024", "time_bucket": null, "people_move_all": 0.0 }, "geometry": { "type": "Polygon", "coordinates": [ [ [ 121.420773014531932, 23.664034140264636 ], [ 121.418322195815207, 23.66404077508713 ], [ 121.418329378429235, 23.666298207235386 ], [ 121.420780239223618, 23.666291571704381 ], [ 121.420773014531932, 23.664034140264636 ] ] ] } },
{ "type": "Feature", "properties": { "gridid": "294675", "time_bucket": "2025-09-23T13:55:00", "people_move_all": 21.099445225816535 }, "geometry": { "type": "Polygon", "coordinates": [ [ [ 121.42568195814016, 23.666278184392823 ], [ 121.423231099146292, 23.666284897442758 ], [ 121.423238366818438, 23.66854232751032 ], [ 121.425689267895066, 23.668535613743572 ], [ 121.42568195814016, 23.666278184392823 ] ] ] } },
{ "type": "Feature", "properties": { "gridid": "270911", "time_bucket": null, "people_move_all": 0.0 }, "geometry": { "type": "Polygon", "coordinates": [ [ [ 121.386229745720158, 23.585112651774288 ], [ 121.383780384446027, 23.585118721259519 ], [ 121.383786949331906, 23.587376185932886 ], [ 121.386236352501882, 23.587370115797832 ], [ 121.386229745720158, 23.585112651774288 ] ] ] } },
{ "type": "Feature", "properties": { "gridid": "276247", "time_bucket": "2025-09-23T13:55:00", "people_move_all": 3.35 }, "geometry": { "type": "Polygon", "coordinates": [ [ [ 121.39363170794897, 23.60315388961893 ], [ 121.391182013845764, 23.603160080236439 ], [ 121.39118871108235, 23.605417537686208 ], [ 121.393638447122925, 23.605411346406296 ], [ 121.39363170794897, 23.60315388961893 ] ] ] } },
{ "type": "Feature", "properties": { "gridid": "291433", "time_bucket": "2025-09-23T13:55:00", "people_move_all": 6.7 }, "geometry": { "type": "Polygon", "coordinates": [ [ [ 121.452602496790192, 23.654914666844604 ], [ 121.450151858404453, 23.654921802433133 ], [ 121.450159584181918, 23.657179227686576 ], [ 121.452610264623488, 23.657172091335834 ], [ 121.452602496790192, 23.654914666844604 ] ] ] } },
{ "type": "Feature", "properties": { "gridid": "295321", "time_bucket": "2025-09-23T13:55:00", "people_move_all": 12.635309715586178 }, "geometry": { "type": "Polygon", "coordinates": [ [ [ 121.423238367224258, 23.66854232748808 ], [ 121.420787465244686, 23.668549002491265 ], [ 121.420794691731729, 23.67080643261195 ], [ 121.423245635799361, 23.670799756896066 ], [ 121.423238367224258, 23.66854232748808 ] ] ] } },
{ "type": "Feature", "properties": { "gridid": "301685", "time_bucket": null, "people_move_all": 0.0 }, "geometry": { "type": "Polygon", "coordinates": [ [ [ 121.501752926295893, 23.690882275020552 ], [ 121.499301634711756, 23.690890198880595 ], [ 121.499310218635145, 23.693147597535667 ], [ 121.501761552357223, 23.693139672830203 ], [ 121.501752926295893, 23.690882275020552 ] ] ] } },
{ "type": "Feature", "properties": { "gridid": "294676", "time_bucket": "2025-09-23T13:55:00", "people_move_all": 10.05 }, "geometry": { "type": "Polygon", "coordinates": [ [ [ 121.428132816644762, 23.666271432572582 ], [ 121.425681958558982, 23.666278184381905 ], [ 121.425689268313917, 23.668535613732647 ], [ 121.428140168482358, 23.668528861202375 ], [ 121.428132816644762, 23.666271432572582 ] ] ] } },
{ "type": "Feature", "properties": { "gridid": "300421", "time_bucket": null, "people_move_all": 0.0 }, "geometry": { "type": "Polygon", "coordinates": [ [ [ 121.484577204356299, 23.686422117880362 ], [ 121.482125989682601, 23.686429768484992 ], [ 121.4821342765797, 23.688687174263364 ], [ 121.484585533381448, 23.688679522842346 ], [ 121.484577204356299, 23.686422117880362 ] ] ] } },
{ "type": "Feature", "properties": { "gridid": "297866", "time_bucket": null, "people_move_all": 0.0 }, "geometry": { "type": "Polygon", "coordinates": [ [ [ 121.413463159613556, 23.677598519931358 ], [ 121.411012085689805, 23.677605042664396 ], [ 121.4110191473318, 23.679862472956223 ], [ 121.4134702633648, 23.679855949526942 ], [ 121.413463159613556, 23.677598519931358 ] ] ] } },
{ "type": "Feature", "properties": { "gridid": "277580", "time_bucket": "2025-09-23T13:55:00", "people_move_all": 7.128 }, "geometry": { "type": "Polygon", "coordinates": [ [ [ 121.393645187053096, 23.607668802513441 ], [ 121.391195409069908, 23.607674994455763 ], [ 121.391202107972958, 23.609932450589604 ], [ 121.393651927903974, 23.609926257984846 ], [ 121.393645187053096, 23.607668802513441 ] ] ] } },
{ "type": "Feature", "properties": { "gridid": "297240", "time_bucket": "2025-09-23T13:55:00", "people_move_all": 3.35 }, "geometry": { "type": "Polygon", "coordinates": [ [ [ 121.430613254495455, 23.675294349621495 ], [ 121.428162228961142, 23.675301143090646 ], [ 121.42816958445276, 23.677558569081672 ], [ 121.430620652090596, 23.677551774887334 ], [ 121.430613254495455, 23.675294349621495 ] ] ] } },
{ "type": "Feature", "properties": { "gridid": "306634", "time_bucket": null, "people_move_all": 0.0 }, "geometry": { "type": "Polygon", "coordinates": [ [ [ 121.509176844760788, 23.708917414102395 ], [ 121.506725219157261, 23.708925461234646 ], [ 121.506733938149438, 23.711182852051806 ], [ 121.509185605932515, 23.711174804061489 ], [ 121.509176844760788, 23.708917414102395 ] ] ] } },
{ "type": "Feature", "properties": { "gridid": "290773", "time_bucket": null, "people_move_all": 0.0 }, "geometry": { "type": "Polygon", "coordinates": [ [ [ 121.440341738746909, 23.652692528551999 ], [ 121.437891137664337, 23.652699469707951 ], [ 121.437898652227602, 23.654956899369818 ], [ 121.440349295361145, 23.654949957472365 ], [ 121.440341738746909, 23.652692528551999 ] ] ] } },
{ "type": "Feature", "properties": { "gridid": "294672", "time_bucket": null, "people_move_all": 0.0 }, "geometry": { "type": "Polygon", "coordinates": [ [ [ 121.41832937861092, 23.666298207266131 ], [ 121.415878516924124, 23.666304804037598 ], [ 121.415885658347591, 23.668562236230777 ], [ 121.418336562117361, 23.668555638754913 ], [ 121.41832937861092, 23.666298207266131 ] ] ] } },
{ "type": "Feature", "properties": { "gridid": "297871", "time_bucket": "2025-09-23T13:55:00", "people_move_all": 3.35 }, "geometry": { "type": "Polygon", "coordinates": [ [ [ 121.425718516108986, 23.677565324547238 ], [ 121.423267446649035, 23.677572041181499 ], [ 121.423274718836581, 23.679829467950736 ], [ 121.42572583040544, 23.679822750599538 ], [ 121.425718516108986, 23.677565324547238 ] ] ] } },
{ "type": "Feature", "properties": { "gridid": "298514", "time_bucket": null, "people_move_all": 0.0 }, "geometry": { "type": "Polygon", "coordinates": [ [ [ 121.452687995944174, 23.679746299975164 ], [ 121.450236894656697, 23.679753443949433 ], [ 121.450244630999123, 23.682010861944637 ], [ 121.45269577439997, 23.68200371720787 ], [ 121.452687995944174, 23.679746299975164 ] ] ] } },
{ "type": "Feature", "properties": { "gridid": "292084", "time_bucket": "2025-09-23T13:55:00", "people_move_all": 10.05 }, "geometry": { "type": "Polygon", "coordinates": [ [ [ 121.452610265336745, 23.657172091392781 ], [ 121.450159584895175, 23.657179227743526 ], [ 121.45016731163274, 23.659436652337373 ], [ 121.452618034135369, 23.659429515224385 ], [ 121.452610265336745, 23.657172091392781 ] ] ] } },
{ "type": "Feature", "properties": { "gridid": "293383", "time_bucket": "2025-09-23T13:55:00", "people_move_all": 3.35 }, "geometry": { "type": "Polygon", "coordinates": [ [ [ 121.445273506977585, 23.661708235780875 ], [ 121.442822739543629, 23.661715257404417 ], [ 121.442830341986564, 23.663972682940958 ], [ 121.445281151492281, 23.663965660567541 ], [ 121.445273506977585, 23.661708235780875 ] ] ] } },
{ "type": "Feature", "properties": { "gridid": "295968", "time_bucket": "2025-09-23T13:55:00", "people_move_all": 11.991500904159132 }, "geometry": { "type": "Polygon", "coordinates": [ [ [ 121.423245635818105, 23.670799756861015 ], [ 121.420794691750487, 23.670806432576903 ], [ 121.420801919135286, 23.673063862037999 ], [ 121.423252905296209, 23.67305718560938 ], [ 121.423245635818105, 23.670799756861015 ] ] ] } },
{ "type": "Feature", "properties": { "gridid": "271580", "time_bucket": "2025-09-23T13:55:00", "people_move_all": 3.35 }, "geometry": { "type": "Polygon", "coordinates": [ [ [ 121.391135156532357, 23.587357859616123 ], [ 121.388685755012148, 23.587364006982099 ], [ 121.388692404517144, 23.589621469694166 ], [ 121.391141847938329, 23.589615321670081 ], [ 121.391135156532357, 23.587357859616123 ] ] ] } },
{ "type": "Feature", "properties": { "gridid": "293380", "time_bucket": null, "people_move_all": 0.0 }, "geometry": { "type": "Polygon", "coordinates": [ [ [ 121.437921201494348, 23.66172918439149 ], [ 121.435470431242408, 23.66173608976278 ], [ 121.435477907469689, 23.663993517524112 ], [ 121.437928719793575, 23.663986611415361 ], [ 121.437921201494348, 23.66172918439149 ] ] ] } },
{ "type": "Feature", "properties": { "gridid": "294026", "time_bucket": "2025-09-23T13:55:00", "people_move_all": 20.957431847497766 }, "geometry": { "type": "Polygon", "coordinates": [ [ [ 121.425674649554139, 23.664020754321971 ], [ 121.423223832637817, 23.664027466655124 ], [ 121.423231099407104, 23.666284897382205 ], [ 121.425681958400972, 23.666278184332267 ], [ 121.425674649554139, 23.664020754321971 ] ] ] } },
{ "type": "Feature", "properties": { "gridid": "292722", "time_bucket": null, "people_move_all": 0.0 }, "geometry": { "type": "Polygon", "coordinates": [ [ [ 121.420758567357069, 23.659519275414755 ], [ 121.418307832779973, 23.659525908820278 ], [ 121.418315013609345, 23.66178334228734 ], [ 121.420765790253625, 23.661776708173342 ], [ 121.420758567357069, 23.659519275414755 ] ] ] } },
{ "type": "Feature", "properties": { "gridid": "292079", "time_bucket": null, "people_move_all": 0.0 }, "geometry": { "type": "Polygon", "coordinates": [ [ [ 121.440356852863971, 23.657207385668904 ], [ 121.4379061676742, 23.65721432830788 ], [ 121.437913684105325, 23.659471756650849 ], [ 121.440364411356498, 23.659464813270322 ], [ 121.440356852863971, 23.657207385668904 ] ] ] } },
{ "type": "Feature", "properties": { "gridid": "293374", "time_bucket": null, "people_move_all": 0.0 }, "geometry": { "type": "Polygon", "coordinates": [ [ [ 121.423216566458237, 23.661770035269367 ], [ 121.420765790711471, 23.661776708134589 ], [ 121.420773014505571, 23.664034140233774 ], [ 121.423223832324723, 23.664027466655927 ], [ 121.423216566458237, 23.661770035269367 ] ] ] } },
{ "type": "Feature", "properties": { "gridid": "290771", "time_bucket": "2025-09-23T13:55:00", "people_move_all": 3.35 }, "geometry": { "type": "Polygon", "coordinates": [ [ [ 121.435440535729157, 23.652706372048911 ], [ 121.432989932784167, 23.652713235736293 ], [ 121.432997363245264, 23.654970666868756 ], [ 121.435448008241366, 23.654963802448147 ], [ 121.435440535729157, 23.652706372048911 ] ] ] } },
{ "type": "Feature", "properties": { "gridid": "293375", "time_bucket": null, "people_move_all": 0.0 }, "geometry": { "type": "Polygon", "coordinates": [ [ [ 121.425667340970719, 23.661763323651147 ], [ 121.423216566126698, 23.661770035267512 ], [ 121.423223831993127, 23.664027466654062 ], [ 121.425674648909492, 23.66402075432093 ], [ 121.425667340970719, 23.661763323651147 ] ] ] } },
{ "type": "Feature", "properties": { "gridid": "283536", "time_bucket": "2025-09-23T13:55:00", "people_move_all": 5.8635014836795252 }, "geometry": { "type": "Polygon", "coordinates": [ [ [ 121.405956651039048, 23.627954308147732 ], [ 121.403506499585063, 23.627960699501081 ], [ 121.403513415963701, 23.630218146356388 ], [ 121.405963609412154, 23.630211754319724 ], [ 121.405956651039048, 23.627954308147732 ] ] ] } },
{ "type": "Feature", "properties": { "gridid": "270912", "time_bucket": "2025-09-23T13:55:00", "people_move_all": 6.7 }, "geometry": { "type": "Polygon", "coordinates": [ [ [ 121.388679106361153, 23.585106543594563 ], [ 121.386229745909233, 23.585112651691151 ], [ 121.386236352690986, 23.587370115714691 ], [ 121.388685755038694, 23.587364006964155 ], [ 121.388679106361153, 23.585106543594563 ] ] ] } },
{ "type": "Feature", "properties": { "gridid": "292724", "time_bucket": null, "people_move_all": 0.0 }, "geometry": { "type": "Polygon", "coordinates": [ [ [ 121.42566003438985, 23.659505892380324 ], [ 121.423209301612886, 23.659512603279953 ], [ 121.423216566576599, 23.661770035325933 ], [ 121.425667341420663, 23.661763323709561 ], [ 121.42566003438985, 23.659505892380324 ] ] ] } },
{ "type": "Feature", "properties": { "gridid": "292071", "time_bucket": null, "people_move_all": 0.0 }, "geometry": { "type": "Polygon", "coordinates": [ [ [ 121.420751345773496, 23.657261842039823 ], [ 121.418300653258399, 23.65726847473691 ], [ 121.418307833195541, 23.659525908863305 ], [ 121.420758567772623, 23.659519275457768 ], [ 121.420751345773496, 23.657261842039823 ] ] ] } },
{ "type": "Feature", "properties": { "gridid": "289459", "time_bucket": "2025-09-23T13:55:00", "people_move_all": 3.35 }, "geometry": { "type": "Polygon", "coordinates": [ [ [ 121.41582141739535, 23.648245322762492 ], [ 121.413370891297419, 23.648251875173095 ], [ 121.413377983584013, 23.650509313340617 ], [ 121.415828551723152, 23.650502760229944 ], [ 121.41582141739535, 23.648245322762492 ] ] ] } },
{ "type": "Feature", "properties": { "gridid": "299129", "time_bucket": "2025-09-23T13:55:00", "people_move_all": 3.35 }, "geometry": { "type": "Polygon", "coordinates": [ [ [ 121.413477367845644, 23.682113378393794 ], [ 121.411026209698178, 23.682119902519332 ], [ 121.411033273094532, 23.684377331491721 ], [ 121.413484473361692, 23.684370806669897 ], [ 121.413477367845644, 23.682113378393794 ] ] ] } },
{ "type": "Feature", "properties": { "gridid": "284199", "time_bucket": null, "people_move_all": 0.0 }, "geometry": { "type": "Polygon", "coordinates": [ [ [ 121.408413802172547, 23.630205323630737 ], [ 121.405963609589307, 23.630211754361031 ], [ 121.405970568827655, 23.632469199874429 ], [ 121.408420803410522, 23.632462768456655 ], [ 121.408413802172547, 23.630205323630737 ] ] ] } },
{ "type": "Feature", "properties": { "gridid": "292085", "time_bucket": "2025-09-23T13:55:00", "people_move_all": 10.05 }, "geometry": { "type": "Polygon", "coordinates": [ [ [ 121.455060944823572, 23.657164916303849 ], [ 121.452610265347303, 23.657172091396767 ], [ 121.452618034145956, 23.659429515228368 ], [ 121.4550687556832, 23.659422339369069 ], [ 121.455060944823572, 23.657164916303849 ] ] ] } },
{ "type": "Feature", "properties": { "gridid": "280897", "time_bucket": "2025-09-23T13:55:00", "people_move_all": 3.35 }, "geometry": { "type": "Polygon", "coordinates": [ [ [ 121.398578873043306, 23.618943566793462 ], [ 121.396128886951658, 23.618949839394592 ], [ 121.396135673969752, 23.621207290908576 ], [ 121.39858570203522, 23.621201017636626 ], [ 121.398578873043306, 23.618943566793462 ] ] ] } },
{ "type": "Feature", "properties": { "gridid": "296605", "time_bucket": "2025-09-23T13:55:00", "people_move_all": 6.7 }, "geometry": { "type": "Polygon", "coordinates": [ [ [ 121.428154874410339, 23.673043716479025 ], [ 121.425703890060831, 23.673050470451276 ], [ 121.425711202540455, 23.675307897823096 ], [ 121.428162228988342, 23.675301143129822 ], [ 121.428154874410339, 23.673043716479025 ] ] ] } },
{ "type": "Feature", "properties": { "gridid": "298502", "time_bucket": null, "people_move_all": 0.0 }, "geometry": { "type": "Polygon", "coordinates": [ [ [ 121.423274718219218, 23.679829467952846 ], [ 121.420823605747074, 23.679836146519769 ], [ 121.420830836723695, 23.682093573342016 ], [ 121.423281991310049, 23.682086894062277 ], [ 121.423274718219218, 23.679829467952846 ] ] ] } },
{ "type": "Feature", "properties": { "gridid": "273580", "time_bucket": null, "people_move_all": 0.0 }, "geometry": { "type": "Polygon", "coordinates": [ [ [ 121.393604759771577, 23.594124055830044 ], [ 121.391155233365765, 23.594130243798197 ], [ 121.391161927270176, 23.596387703879216 ], [ 121.393611495592509, 23.596381515248758 ], [ 121.393604759771577, 23.594124055830044 ] ] ] } },
{ "type": "Feature", "properties": { "gridid": "280899", "time_bucket": null, "people_move_all": 0.0 }, "geometry": { "type": "Polygon", "coordinates": [ [ [ 121.403478843217783, 23.61893090549534 ], [ 121.401028858829818, 23.618937255442642 ], [ 121.401035729795424, 23.621194705610847 ], [ 121.403485756157053, 23.621188354984454 ], [ 121.403478843217783, 23.61893090549534 ] ] ] } },
{ "type": "Feature", "properties": { "gridid": "295973", "time_bucket": "2025-09-23T13:55:00", "people_move_all": 3.35 }, "geometry": { "type": "Polygon", "coordinates": [ [ [ 121.435500342301651, 23.670765796849718 ], [ 121.433049402801373, 23.670772666403579 ], [ 121.433056840651929, 23.673030092259665 ], [ 121.435507822245143, 23.673023221972382 ], [ 121.435500342301651, 23.670765796849718 ] ] ] } },
{ "type": "Feature", "properties": { "gridid": "295975", "time_bucket": null, "people_move_all": 0.0 }, "geometry": { "type": "Polygon", "coordinates": [ [ [ 121.440402218276972, 23.670751941419901 ], [ 121.437951280640235, 23.670758888508544 ], [ 121.437958802676604, 23.673016312893651 ], [ 121.440409782406135, 23.673009365063312 ], [ 121.440402218276972, 23.670751941419901 ] ] ] } },
{ "type": "Feature", "properties": { "gridid": "292721", "time_bucket": null, "people_move_all": 0.0 }, "geometry": { "type": "Polygon", "coordinates": [ [ [ 121.418307832836788, 23.659525908835114 ], [ 121.415857097367507, 23.659532503493512 ], [ 121.415864236129579, 23.661789937664899 ], [ 121.418315013666145, 23.661783342302172 ], [ 121.418307832836788, 23.659525908835114 ] ] ] } },
{ "type": "Feature", "properties": { "gridid": "284203", "time_bucket": null, "people_move_all": 0.0 }, "geometry": { "type": "Polygon", "coordinates": [ [ [ 121.418214563416981, 23.630179213735278 ], [ 121.41576437434685, 23.630185799239523 ], [ 121.41577150158335, 23.63244324197818 ], [ 121.418221732652825, 23.632436655769915 ], [ 121.418214563416981, 23.630179213735278 ] ] ] } },
{ "type": "Feature", "properties": { "gridid": "293377", "time_bucket": "2025-09-23T13:55:00", "people_move_all": 3.35 }, "geometry": { "type": "Polygon", "coordinates": [ [ [ 121.430568887987931, 23.661749784220991 ], [ 121.428118114965031, 23.661756573339499 ], [ 121.428125464976048, 23.664014003288379 ], [ 121.430576280071094, 23.664007213444819 ], [ 121.430568887987931, 23.661749784220991 ] ] ] } },
{ "type": "Feature", "properties": { "gridid": "293384", "time_bucket": "2025-09-23T13:55:00", "people_move_all": 3.35 }, "geometry": { "type": "Polygon", "coordinates": [ [ [ 121.447724273466818, 23.661701175381548 ], [ 121.445273506982645, 23.661708235755718 ], [ 121.445281151497326, 23.663965660542381 ], [ 121.447731960053162, 23.663958599414194 ], [ 121.447724273466818, 23.661701175381548 ] ] ] } },
{ "type": "Feature", "properties": { "gridid": "292073", "time_bucket": null, "people_move_all": 0.0 }, "geometry": { "type": "Polygon", "coordinates": [ [ [ 121.425652727811581, 23.657248460409509 ], [ 121.423202037096488, 23.657255170592411 ], [ 121.423209301157527, 23.659512603297777 ], [ 121.425660033934477, 23.659505892398151 ], [ 121.425652727811581, 23.657248460409509 ] ] ] } },
{ "type": "Feature", "properties": { "gridid": "292723", "time_bucket": "2025-09-23T13:55:00", "people_move_all": 3.35 }, "geometry": { "type": "Polygon", "coordinates": [ [ [ 121.423209301874735, 23.659512603296488 ], [ 121.420758568195097, 23.659519275449103 ], [ 121.420765791091711, 23.661776708207693 ], [ 121.423216566838477, 23.661770035342467 ], [ 121.423209301874735, 23.659512603296488 ] ] ] } },
{ "type": "Feature", "properties": { "gridid": "290765", "time_bucket": "2025-09-23T13:55:00", "people_move_all": 3.35 }, "geometry": { "type": "Polygon", "coordinates": [ [ [ 121.42073690461406, 23.652746973190006 ], [ 121.41828629620727, 23.652753604470277 ], [ 121.418293474360183, 23.655011039915191 ], [ 121.420744124818526, 23.655004407926523 ], [ 121.42073690461406, 23.652746973190006 ] ] ] } },
{ "type": "Feature", "properties": { "gridid": "291419", "time_bucket": null, "people_move_all": 0.0 }, "geometry": { "type": "Polygon", "coordinates": [ [ [ 121.418293474666896, 23.655011039881163 ], [ 121.415842823316481, 23.655017633130981 ], [ 121.415849960304669, 23.657275068620933 ], [ 121.418300653711896, 23.657268474666832 ], [ 121.418293474666896, 23.655011039881163 ] ] ] } },
{ "type": "Feature", "properties": { "gridid": "297869", "time_bucket": "2025-09-23T13:55:00", "people_move_all": 11.991500904159132 }, "geometry": { "type": "Polygon", "coordinates": [ [ [ 121.420816376118552, 23.677578719014594 ], [ 121.418365304857389, 23.677585358088535 ], [ 121.418372492826933, 23.679842786279227 ], [ 121.420823606197132, 23.67983614649663 ], [ 121.420816376118552, 23.677578719014594 ] ] ] } },
{ "type": "Feature", "properties": { "gridid": "288835", "time_bucket": null, "people_move_all": 0.0 }, "geometry": { "type": "Polygon", "coordinates": [ [ [ 121.479526542988864, 23.645803948802392 ], [ 121.47707608367601, 23.645811507275202 ], [ 121.477084267994101, 23.648068926555784 ], [ 121.479534769341058, 23.648061367275353 ], [ 121.479526542988864, 23.645803948802392 ] ] ] } },
{ "type": "Feature", "properties": { "gridid": "282872", "time_bucket": "2025-09-23T13:55:00", "people_move_all": 6.7 }, "geometry": { "type": "Polygon", "coordinates": [ [ [ 121.40349958390027, 23.625703252062728 ], [ 121.401049473575668, 23.625709604047358 ], [ 121.401056347105055, 23.627967052240358 ], [ 121.403506499418995, 23.627960699576558 ], [ 121.40349958390027, 23.625703252062728 ] ] ] } },
{ "type": "Feature", "properties": { "gridid": "294030", "time_bucket": "2025-09-23T13:55:00", "people_move_all": 3.35 }, "geometry": { "type": "Polygon", "coordinates": [ [ [ 121.435477907567616, 23.663993517461826 ], [ 121.433027094314781, 23.664000384815576 ], [ 121.433034529393751, 23.666257812650656 ], [ 121.435485384723847, 23.666250944563565 ], [ 121.435477907567616, 23.663993517461826 ] ] ] } },
{ "type": "Feature", "properties": { "gridid": "299768", "time_bucket": null, "people_move_all": 0.0 }, "geometry": { "type": "Polygon", "coordinates": [ [ [ 121.43064285088542, 23.684324046788728 ], [ 121.428191656905611, 23.684330843158794 ], [ 121.428199016052375, 23.686588266510299 ], [ 121.430650252156639, 23.68658146941495 ], [ 121.43064285088542, 23.684324046788728 ] ] ] } },
{ "type": "Feature", "properties": { "gridid": "293378", "time_bucket": "2025-09-23T13:55:00", "people_move_all": 3.35 }, "geometry": { "type": "Polygon", "coordinates": [ [ [ 121.433019660492647, 23.661742956309052 ], [ 121.430568888388166, 23.66174978417855 ], [ 121.430576280471357, 23.664007213402392 ], [ 121.433027094647898, 23.664000384803703 ], [ 121.433019660492647, 23.661742956309052 ] ] ] } },
{ "type": "Feature", "properties": { "gridid": "291418", "time_bucket": null, "people_move_all": 0.0 }, "geometry": { "type": "Polygon", "coordinates": [ [ [ 121.415842823138746, 23.655017633199495 ], [ 121.413392170901488, 23.655024187710403 ], [ 121.41339926583278, 23.657281623900506 ], [ 121.415849960126948, 23.657275068689462 ], [ 121.415842823138746, 23.655017633199495 ] ] ] } },
{ "type": "Feature", "properties": { "gridid": "299128", "time_bucket": null, "people_move_all": 0.0 }, "geometry": { "type": "Polygon", "coordinates": [ [ [ 121.41102621034409, 23.682119902541015 ], [ 121.408575051319417, 23.682126387877879 ], [ 121.408582072596005, 23.684383817542418 ], [ 121.411033273740458, 23.684377331513407 ], [ 121.41102621034409, 23.682119902541015 ] ] ] } },
{ "type": "Feature", "properties": { "gridid": "299760", "time_bucket": "2025-09-23T13:55:00", "people_move_all": 6.7 }, "geometry": { "type": "Polygon", "coordinates": [ [ [ 121.411033272966648, 23.684377331524317 ], [ 121.40858207182221, 23.684383817553311 ], [ 121.408589093970804, 23.686641246558086 ], [ 121.411040337240266, 23.686634759836927 ], [ 121.411033272966648, 23.684377331524317 ] ] ] } },
{ "type": "Feature", "properties": { "gridid": "277582", "time_bucket": null, "people_move_all": 0.0 }, "geometry": { "type": "Polygon", "coordinates": [ [ [ 121.398544741264274, 23.607656302627511 ], [ 121.396094964963254, 23.607662571874872 ], [ 121.396101747761904, 23.609920026679703 ], [ 121.398551566010596, 23.609913756761635 ], [ 121.398544741264274, 23.607656302627511 ] ] ] } },
{ "type": "Feature", "properties": { "gridid": "289473", "time_bucket": null, "people_move_all": 0.0 }, "geometry": { "type": "Polygon", "coordinates": [ [ [ 121.450128687665924, 23.648149522782937 ], [ 121.447678174456556, 23.648156617359305 ], [ 121.447685855313964, 23.650414045349258 ], [ 121.45013641056353, 23.650406950014894 ], [ 121.450128687665924, 23.648149522782937 ] ] ] } },
{ "type": "Feature", "properties": { "gridid": "302925", "time_bucket": null, "people_move_all": 0.0 }, "geometry": { "type": "Polygon", "coordinates": [ [ [ 121.484610526564367, 23.695451733766813 ], [ 121.482159143347047, 23.69545938763715 ], [ 121.482167434361116, 23.697716790772787 ], [ 121.484618859727405, 23.697709136085951 ], [ 121.484610526564367, 23.695451733766813 ] ] ] } },
{ "type": "Feature", "properties": { "gridid": "280238", "time_bucket": null, "people_move_all": 0.0 }, "geometry": { "type": "Polygon", "coordinates": [ [ [ 121.401021988073509, 23.616679804702194 ], [ 121.398572044799565, 23.616686115301494 ], [ 121.398578872942224, 23.618943566802951 ], [ 121.401028858184645, 23.618937255528714 ], [ 121.401021988073509, 23.616679804702194 ] ] ] } },
{ "type": "Feature", "properties": { "gridid": "293379", "time_bucket": null, "people_move_all": 0.0 }, "geometry": { "type": "Polygon", "coordinates": [ [ [ 121.435470431994773, 23.661736089699215 ], [ 121.433019660813954, 23.661742956319653 ], [ 121.433027094969219, 23.664000384814305 ], [ 121.435477908222055, 23.66399351746055 ], [ 121.435470431994773, 23.661736089699215 ] ] ] } },
{ "type": "Feature", "properties": { "gridid": "295330", "time_bucket": null, "people_move_all": 0.0 }, "geometry": { "type": "Polygon", "coordinates": [ [ [ 121.445296443672063, 23.668480508144054 ], [ 121.442845550007192, 23.668487532017298 ], [ 121.44285315528424, 23.67074495557468 ], [ 121.445304091036519, 23.670737930951486 ], [ 121.445296443672063, 23.668480508144054 ] ] ] } },
{ "type": "Feature", "properties": { "gridid": "274907", "time_bucket": null, "people_move_all": 0.0 }, "geometry": { "type": "Polygon", "coordinates": [ [ [ 121.378920558096439, 23.598675530283142 ], [ 121.376470942932556, 23.598681487758824 ], [ 121.376477386939897, 23.600938950411603 ], [ 121.37892704403113, 23.600932992298372 ], [ 121.378920558096439, 23.598675530283142 ] ] ] } },
{ "type": "Feature", "properties": { "gridid": "297870", "time_bucket": "2025-09-23T13:55:00", "people_move_all": 3.35 }, "geometry": { "type": "Polygon", "coordinates": [ [ [ 121.423267446615057, 23.677572041179868 ], [ 121.420816376251878, 23.677578719033999 ], [ 121.420823606330487, 23.679836146516031 ], [ 121.423274718802631, 23.679829467949105 ], [ 121.423267446615057, 23.677572041179868 ] ] ] } },
{ "type": "Feature", "properties": { "gridid": "294677", "time_bucket": null, "people_move_all": 0.0 }, "geometry": { "type": "Polygon", "coordinates": [ [ [ 121.430583673146756, 23.666264641954442 ], [ 121.428132815974323, 23.666271432523068 ], [ 121.428140167811918, 23.668528861152858 ], [ 121.430591067066985, 23.668522069859137 ], [ 121.430583673146756, 23.666264641954442 ] ] ] } },
{ "type": "Feature", "properties": { "gridid": "292072", "time_bucket": null, "people_move_all": 0.0 }, "geometry": { "type": "Polygon", "coordinates": [ [ [ 121.423202037293834, 23.657255170523619 ], [ 121.420751345676109, 23.657261841963642 ], [ 121.42075856767525, 23.659519275381591 ], [ 121.423209301354873, 23.659512603228986 ], [ 121.423202037293834, 23.657255170523619 ] ] ] } },
{ "type": "Feature", "properties": { "gridid": "297238", "time_bucket": "2025-09-23T13:55:00", "people_move_all": 3.35 }, "geometry": { "type": "Polygon", "coordinates": [ [ [ 121.425711202510058, 23.675307897776342 ], [ 121.423260175153771, 23.675314613693686 ], [ 121.423267446438118, 23.67757204112268 ], [ 121.425718515898069, 23.677565324488423 ], [ 121.425711202510058, 23.675307897776342 ] ] ] } },
{ "type": "Feature", "properties": { "gridid": "292081", "time_bucket": "2025-09-23T13:55:00", "people_move_all": 3.35 }, "geometry": { "type": "Polygon", "coordinates": [ [ [ 121.445258220860808, 23.657193384172146 ], [ 121.442807537554643, 23.65720040429602 ], [ 121.442815138108557, 23.659457831151745 ], [ 121.445265863475996, 23.659450810278059 ], [ 121.445258220860808, 23.657193384172146 ] ] ] } },
{ "type": "Feature", "properties": { "gridid": "284865", "time_bucket": null, "people_move_all": 0.0 }, "geometry": { "type": "Polygon", "coordinates": [ [ [ 121.413321269860504, 23.632449789509767 ], [ 121.410871037023881, 23.632456298322904 ], [ 121.410878081137156, 23.634713741798514 ], [ 121.413328355978507, 23.63470723228961 ], [ 121.413321269860504, 23.632449789509767 ] ] ] } },
{ "type": "Feature", "properties": { "gridid": "278917", "time_bucket": null, "people_move_all": 0.0 }, "geometry": { "type": "Polygon", "coordinates": [ [ [ 121.408357823738413, 23.612145741350673 ], [ 121.405907966964293, 23.612152166581961 ], [ 121.405914919282665, 23.614409617362771 ], [ 121.408364818014675, 23.614403191444186 ], [ 121.408357823738413, 23.612145741350673 ] ] ] } },
{ "type": "Feature", "properties": { "gridid": "294670", "time_bucket": null, "people_move_all": 0.0 }, "geometry": { "type": "Polygon", "coordinates": [ [ [ 121.413427654578555, 23.6663113620255 ], [ 121.410976791122593, 23.666317881277703 ], [ 121.410983848379914, 23.668575314867269 ], [ 121.413434753918978, 23.668568794918944 ], [ 121.413427654578555, 23.6663113620255 ] ] ] } },
{ "type": "Feature", "properties": { "gridid": "304786", "time_bucket": "2025-09-23T13:55:00", "people_move_all": 10.05 }, "geometry": { "type": "Polygon", "coordinates": [ [ [ 121.499344565610429, 23.702177185546887 ], [ 121.496893062217936, 23.70218507481059 ], [ 121.496901609307471, 23.7044424710021 ], [ 121.499353154864167, 23.704434580896972 ], [ 121.499344565610429, 23.702177185546887 ] ] ] } },
{ "type": "Feature", "properties": { "gridid": "286203", "time_bucket": "2025-09-23T13:55:00", "people_move_all": 3.35 }, "geometry": { "type": "Polygon", "coordinates": [ [ [ 121.432937945332313, 23.636911199398533 ], [ 121.430487635675988, 23.636918019248615 ], [ 121.430495017660377, 23.639175455724299 ], [ 121.432945369331321, 23.639168635145307 ], [ 121.432937945332313, 23.636911199398533 ] ] ] } },
{ "type": "Feature", "properties": { "gridid": "278249", "time_bucket": null, "people_move_all": 0.0 }, "geometry": { "type": "Polygon", "coordinates": [ [ [ 121.398551565814927, 23.609913756820671 ], [ 121.396101747566235, 23.609920026738738 ], [ 121.39610853120864, 23.612177480885499 ], [ 121.398558391410262, 23.612171210296694 ], [ 121.398551565814927, 23.609913756820671 ] ] ] } },
{ "type": "Feature", "properties": { "gridid": "281556", "time_bucket": null, "people_move_all": 0.0 }, "geometry": { "type": "Polygon", "coordinates": [ [ [ 121.403485755776018, 23.621188354984451 ], [ 121.401035729414389, 23.621194705610836 ], [ 121.401042601234536, 23.623452155120688 ], [ 121.40349266957503, 23.623445803815187 ], [ 121.403485755776018, 23.621188354984451 ] ] ] } },
{ "type": "Feature", "properties": { "gridid": "298500", "time_bucket": "2025-09-23T13:55:00", "people_move_all": 15.545098039215686 }, "geometry": { "type": "Polygon", "coordinates": [ [ [ 121.418372493228929, 23.679842786328507 ], [ 121.415921378965891, 23.67984938732673 ], [ 121.415928525713923, 23.6821068155622 ], [ 121.418379682091313, 23.682100213859432 ], [ 121.418372493228929, 23.679842786328507 ] ] ] } },
{ "type": "Feature", "properties": { "gridid": "298497", "time_bucket": "2025-09-23T13:55:00", "people_move_all": 3.35 }, "geometry": { "type": "Polygon", "coordinates": [ [ [ 121.411019147724133, 23.679862472957737 ], [ 121.408568030813996, 23.679868957602473 ], [ 121.408575051218605, 23.682126387926733 ], [ 121.411026210243278, 23.682119902589875 ], [ 121.411019147724133, 23.679862472957737 ] ] ] } },
{ "type": "Feature", "properties": { "gridid": "294681", "time_bucket": null, "people_move_all": 0.0 }, "geometry": { "type": "Polygon", "coordinates": [ [ [ 121.440387093129019, 23.666237092102854 ], [ 121.437936239662164, 23.666244037708186 ], [ 121.437943759829849, 23.668501463412767 ], [ 121.440394655378995, 23.668494517065781 ], [ 121.440387093129019, 23.666237092102854 ] ] ] } },
{ "type": "Feature", "properties": { "gridid": "292080", "time_bucket": "2025-09-23T13:55:00", "people_move_all": 3.35 }, "geometry": { "type": "Polygon", "coordinates": [ [ [ 121.442807537363677, 23.657200404269478 ], [ 121.440356853113116, 23.657207385650928 ], [ 121.440364411605643, 23.659464813252342 ], [ 121.442815137917592, 23.659457831125206 ], [ 121.442807537363677, 23.657200404269478 ] ] ] } },
{ "type": "Feature", "properties": { "gridid": "285529", "time_bucket": null, "people_move_all": 0.0 }, "geometry": { "type": "Polygon", "coordinates": [ [ [ 121.413328356423634, 23.634707232290729 ], [ 121.410878081582311, 23.634713741799644 ], [ 121.410885126571387, 23.636971184616517 ], [ 121.413335443422696, 23.636964674411807 ], [ 121.413328356423634, 23.634707232290729 ] ] ] } },
{ "type": "Feature", "properties": { "gridid": "297242", "time_bucket": "2025-09-23T13:55:00", "people_move_all": 3.35 }, "geometry": { "type": "Polygon", "coordinates": [ [ [ 121.435515302470549, 23.675280646375047 ], [ 121.433064278779156, 23.675287517395763 ], [ 121.433071718477777, 23.677544941932279 ], [ 121.43552278427255, 23.677538070178091 ], [ 121.435515302470549, 23.675280646375047 ] ] ] } },
{ "type": "Feature", "properties": { "gridid": "295972", "time_bucket": "2025-09-23T13:55:00", "people_move_all": 6.7 }, "geometry": { "type": "Polygon", "coordinates": [ [ [ 121.433049402810099, 23.670772666367778 ], [ 121.430598462385888, 23.670779497154165 ], [ 121.430605858143423, 23.673036923739534 ], [ 121.433056840660655, 23.673030092223865 ], [ 121.433049402810099, 23.670772666367778 ] ] ] } },
{ "type": "Feature", "properties": { "gridid": "288174", "time_bucket": null, "people_move_all": 0.0 }, "geometry": { "type": "Polygon", "coordinates": [ [ [ 121.442761954059307, 23.643655829331237 ], [ 121.440311522067176, 23.643662806239089 ], [ 121.440319074925668, 23.645920237796798 ], [ 121.442769548947851, 23.645913260143409 ], [ 121.442761954059307, 23.643655829331237 ] ] ] } },
{ "type": "Feature", "properties": { "gridid": "300425", "time_bucket": null, "people_move_all": 0.0 }, "geometry": { "type": "Polygon", "coordinates": [ [ [ 121.494382052016263, 23.686391127539615 ], [ 121.491930841511049, 23.686398933324444 ], [ 121.491939296919881, 23.688656335812432 ], [ 121.494390549552833, 23.688648529194658 ], [ 121.494382052016263, 23.686391127539615 ] ] ] } },
{ "type": "Feature", "properties": { "gridid": "297239", "time_bucket": "2025-09-23T13:55:00", "people_move_all": 20.1 }, "geometry": { "type": "Polygon", "coordinates": [ [ [ 121.428162229004045, 23.675301143147866 ], [ 121.42571120255613, 23.67530789784114 ], [ 121.425718515944155, 23.677565324553221 ], [ 121.428169584495663, 23.677558569138895 ], [ 121.428162229004045, 23.675301143147866 ] ] ] } },
{ "type": "Feature", "properties": { "gridid": "294685", "time_bucket": null, "people_move_all": 0.0 }, "geometry": { "type": "Polygon", "coordinates": [ [ [ 121.450190497069997, 23.666208922084845 ], [ 121.44773964739241, 23.666216022725916 ], [ 121.447747335888991, 23.668473445439076 ], [ 121.450198227648627, 23.668466344039807 ], [ 121.450190497069997, 23.666208922084845 ] ] ] } },
{ "type": "Feature", "properties": { "gridid": "279576", "time_bucket": null, "people_move_all": 0.0 }, "geometry": { "type": "Polygon", "coordinates": [ [ [ 121.398565217923974, 23.614428663107038 ], [ 121.396115315764234, 23.614434934366599 ], [ 121.396122101094349, 23.616692387197066 ], [ 121.398572045217477, 23.616686115266734 ], [ 121.398565217923974, 23.614428663107038 ] ] ] } },
{ "type": "Feature", "properties": { "gridid": "296604", "time_bucket": "2025-09-23T13:55:00", "people_move_all": 18.209449622107851 }, "geometry": { "type": "Polygon", "coordinates": [ [ [ 121.42570388991372, 23.673050470405443 ], [ 121.423252904655868, 23.673057185605892 ], [ 121.423260175037058, 23.675314613694603 ], [ 121.425711202393344, 23.675307897777266 ], [ 121.42570388991372, 23.673050470405443 ] ] ] } },
{ "type": "Feature", "properties": { "gridid": "290772", "time_bucket": null, "people_move_all": 0.0 }, "geometry": { "type": "Polygon", "coordinates": [ [ [ 121.437891138239337, 23.652699469649402 ], [ 121.435440536222927, 23.652706372071108 ], [ 121.435448008735165, 23.654963802470345 ], [ 121.437898652802602, 23.654956899311276 ], [ 121.437891138239337, 23.652699469649402 ] ] ] } },
{ "type": "Feature", "properties": { "gridid": "276913", "time_bucket": null, "people_move_all": 0.0 }, "geometry": { "type": "Polygon", "coordinates": [ [ [ 121.391188711887679, 23.60541753771021 ], [ 121.388738975013894, 23.605423690341674 ], [ 121.388745631141035, 23.607681147791791 ], [ 121.39119540995749, 23.607674994502045 ], [ 121.391188711887679, 23.60541753771021 ] ] ] } },
{ "type": "Feature", "properties": { "gridid": "286202", "time_bucket": null, "people_move_all": 0.0 }, "geometry": { "type": "Polygon", "coordinates": [ [ [ 121.430487635798471, 23.636918019187831 ], [ 121.428037325224523, 23.636924800332444 ], [ 121.428044665194207, 23.639182237532918 ], [ 121.43049501778286, 23.639175455663523 ], [ 121.430487635798471, 23.636918019187831 ] ] ] } },
{ "type": "Feature", "properties": { "gridid": "296606", "time_bucket": "2025-09-23T13:55:00", "people_move_all": 8.8450980392156868 }, "geometry": { "type": "Polygon", "coordinates": [ [ [ 121.430605857904396, 23.673036923754712 ], [ 121.428154874468433, 23.673043716498697 ], [ 121.428162229046436, 23.675301143149493 ], [ 121.430613254580749, 23.675294349680343 ], [ 121.430605857904396, 23.673036923754712 ] ] ] } },
{ "type": "Feature", "properties": { "gridid": "289462", "time_bucket": null, "people_move_all": 0.0 }, "geometry": { "type": "Polygon", "coordinates": [ [ [ 121.423172989995862, 23.648225433132257 ], [ 121.420722466573565, 23.648232101722197 ], [ 121.420729684983613, 23.650489537777084 ], [ 121.423180250446933, 23.650482868474658 ], [ 121.423172989995862, 23.648225433132257 ] ] ] } },
{ "type": "Feature", "properties": { "gridid": "284212", "time_bucket": null, "people_move_all": 0.0 }, "geometry": { "type": "Polygon", "coordinates": [ [ [ 121.440266224316218, 23.630118203068154 ], [ 121.437816043456095, 23.630125136810467 ], [ 121.437823548684406, 23.632382573063992 ], [ 121.440273771543275, 23.632375638580424 ], [ 121.440266224316218, 23.630118203068154 ] ] ] } },
{ "type": "Feature", "properties": { "gridid": "297237", "time_bucket": "2025-09-23T13:55:00", "people_move_all": 6.7 }, "geometry": { "type": "Polygon", "coordinates": [ [ [ 121.423260175013482, 23.675314613706899 ], [ 121.420809146754053, 23.675321290848252 ], [ 121.420816375934649, 23.677578718990013 ], [ 121.423267446297828, 23.677572041135896 ], [ 121.423260175013482, 23.675314613706899 ] ] ] } },
{ "type": "Feature", "properties": { "gridid": "292076", "time_bucket": null, "people_move_all": 0.0 }, "geometry": { "type": "Polygon", "coordinates": [ [ [ 121.433004794349387, 23.657228097379758 ], [ 121.430554106373435, 23.657234923790963 ], [ 121.430561496619802, 23.659492354333754 ], [ 121.433012226657397, 23.659485527193414 ], [ 121.433004794349387, 23.657228097379758 ] ] ] } },
{ "type": "Feature", "properties": { "gridid": "288163", "time_bucket": null, "people_move_all": 0.0 }, "geometry": { "type": "Polygon", "coordinates": [ [ [ 121.415807151245971, 23.64373044580455 ], [ 121.41335670921481, 23.643736996815072 ], [ 121.413363799738619, 23.64599443630064 ], [ 121.415814283800557, 23.645987884590092 ], [ 121.415807151245971, 23.64373044580455 ] ] ] } },
{ "type": "Feature", "properties": { "gridid": "283537", "time_bucket": "2025-09-23T13:55:00", "people_move_all": 7.128 }, "geometry": { "type": "Polygon", "coordinates": [ [ [ 121.40840680160926, 23.62794787814569 ], [ 121.405956651020432, 23.627954308188528 ], [ 121.405963609393567, 23.630211754360513 ], [ 121.408413801976806, 23.630205323630218 ], [ 121.40840680160926, 23.62794787814569 ] ] ] } },
{ "type": "Feature", "properties": { "gridid": "295323", "time_bucket": "2025-09-23T13:55:00", "people_move_all": 21.481294933069158 }, "geometry": { "type": "Polygon", "coordinates": [ [ [ 121.428140168230712, 23.668528861241384 ], [ 121.425689268062243, 23.668535613771656 ], [ 121.425696578725336, 23.670793042462812 ], [ 121.42814752098171, 23.670786289211563 ], [ 121.428140168230712, 23.668528861241384 ] ] ] } },
{ "type": "Feature", "properties": { "gridid": "270910", "time_bucket": null, "people_move_all": 0.0 }, "geometry": { "type": "Polygon", "coordinates": [ [ [ 121.383780385076591, 23.585118721256112 ], [ 121.381331022985464, 23.585124752129953 ], [ 121.381337545975441, 23.587382217449001 ], [ 121.38378694996247, 23.587376185929479 ], [ 121.383780385076591, 23.585118721256112 ] ] ] } },
{ "type": "Feature", "properties": { "gridid": "292726", "time_bucket": null, "people_move_all": 0.0 }, "geometry": { "type": "Polygon", "coordinates": [ [ [ 121.430561497412327, 23.659492354354267 ], [ 121.428110766456385, 23.659499142747769 ], [ 121.428118115554199, 23.661756573356129 ], [ 121.430568888577099, 23.661749784237607 ], [ 121.430561497412327, 23.659492354354267 ] ] ] } },
{ "type": "Feature", "properties": { "gridid": "286196", "time_bucket": null, "people_move_all": 0.0 }, "geometry": { "type": "Polygon", "coordinates": [ [ [ 121.415785758541247, 23.636958125567723 ], [ 121.413335442571068, 23.636964674478296 ], [ 121.413342530451189, 23.639222115940569 ], [ 121.415792888436485, 23.639215566330044 ], [ 121.415785758541247, 23.636958125567723 ] ] ] } },
{ "type": "Feature", "properties": { "gridid": "293382", "time_bucket": null, "people_move_all": 0.0 }, "geometry": { "type": "Polygon", "coordinates": [ [ [ 121.442822739485749, 23.661715257382312 ], [ 121.440371971107226, 23.66172224025517 ], [ 121.440379531478342, 23.663979666537447 ], [ 121.442830341928683, 23.663972682918853 ], [ 121.442822739485749, 23.661715257382312 ] ] ] } },
{ "type": "Feature", "properties": { "gridid": "301019", "time_bucket": null, "people_move_all": 0.0 }, "geometry": { "type": "Polygon", "coordinates": [ [ [ 121.408596117723349, 23.68889867494644 ], [ 121.406144831451499, 23.688905123558637 ], [ 121.406151813208879, 23.691162551931818 ], [ 121.408603141616254, 23.691156102631545 ], [ 121.408596117723349, 23.68889867494644 ] ] ] } },
{ "type": "Feature", "properties": { "gridid": "298498", "time_bucket": null, "people_move_all": 0.0 }, "geometry": { "type": "Polygon", "coordinates": [ [ [ 121.413470263228319, 23.679855949512572 ], [ 121.411019147195319, 23.679862472941849 ], [ 121.411026209714464, 23.68211990257398 ], [ 121.41347736786193, 23.682113378448442 ], [ 121.413470263228319, 23.679855949512572 ] ] ] } },
{ "type": "Feature", "properties": { "gridid": "286210", "time_bucket": null, "people_move_all": 0.0 }, "geometry": { "type": "Polygon", "coordinates": [ [ [ 121.450090086997108, 23.636862376732111 ], [ 121.447639783910574, 23.636869467518849 ], [ 121.447647459995821, 23.639126898805255 ], [ 121.450097805096462, 23.639119807260641 ], [ 121.450090086997108, 23.636862376732111 ] ] ] } },
{ "type": "Feature", "properties": { "gridid": "296626", "time_bucket": null, "people_move_all": 0.0 }, "geometry": { "type": "Polygon", "coordinates": [ [ [ 121.479625326244147, 23.672892926909327 ], [ 121.477174362177038, 23.672900495075368 ], [ 121.47718255870744, 23.675157906436443 ], [ 121.479633564871378, 23.675150337462444 ], [ 121.479625326244147, 23.672892926909327 ] ] ] } },
{ "type": "Feature", "properties": { "gridid": "291420", "time_bucket": "2025-09-23T13:55:00", "people_move_all": 13.4 }, "geometry": { "type": "Polygon", "coordinates": [ [ [ 121.420744125192485, 23.655004407964913 ], [ 121.418293474734142, 23.655011039953585 ], [ 121.41830065377917, 23.657268474739261 ], [ 121.420751346294267, 23.657261842042164 ], [ 121.420744125192485, 23.655004407964913 ] ] ] } },
{ "type": "Feature", "properties": { "gridid": "297243", "time_bucket": null, "people_move_all": 0.0 }, "geometry": { "type": "Polygon", "coordinates": [ [ [ 121.437966325954207, 23.67527373655496 ], [ 121.435515303192133, 23.675280646351389 ], [ 121.435522784994163, 23.677538070154441 ], [ 121.43797384985956, 23.677531159620397 ], [ 121.437966325954207, 23.67527373655496 ] ] ] } },
{ "type": "Feature", "properties": { "gridid": "271575", "time_bucket": null, "people_move_all": 0.0 }, "geometry": { "type": "Polygon", "coordinates": [ [ [ 121.378888141327735, 23.587388210335519 ], [ 121.376438735722232, 23.587394164623813 ], [ 121.376445175721628, 23.589651630564408 ], [ 121.378894623228376, 23.589645675638678 ], [ 121.378888141327735, 23.587388210335519 ] ] ] } },
{ "type": "Feature", "properties": { "gridid": "287520", "time_bucket": "2025-09-23T13:55:00", "people_move_all": 3.35 }, "geometry": { "type": "Polygon", "coordinates": [ [ [ 121.435403186955142, 23.641419210236286 ], [ 121.432952794187372, 23.641426070257914 ], [ 121.432960220032356, 23.643683504686543 ], [ 121.43541065482512, 23.643676643931816 ], [ 121.435403186955142, 23.641419210236286 ] ] ] } },
{ "type": "Feature", "properties": { "gridid": "290122", "time_bucket": null, "people_move_all": 0.0 }, "geometry": { "type": "Polygon", "coordinates": [ [ [ 121.447685854707487, 23.650414045320098 ], [ 121.445235298503235, 23.650421101924575 ], [ 121.445242938269757, 23.652678530008991 ], [ 121.447693536519509, 23.652671472650624 ], [ 121.447685854707487, 23.650414045320098 ] ] ] } },
{ "type": "Feature", "properties": { "gridid": "282214", "time_bucket": "2025-09-23T13:55:00", "people_move_all": 3.35 }, "geometry": { "type": "Polygon", "coordinates": [ [ [ 121.40349266933687, 23.62344580387358 ], [ 121.401042600996348, 23.623452155179084 ], [ 121.40104947367108, 23.625709604030533 ], [ 121.403499583995696, 23.625703252045891 ], [ 121.40349266933687, 23.62344580387358 ] ] ] } },
{ "type": "Feature", "properties": { "gridid": "287512", "time_bucket": null, "people_move_all": 0.0 }, "geometry": { "type": "Polygon", "coordinates": [ [ [ 121.415800019675174, 23.641473006425588 ], [ 121.413349619669546, 23.641479556736108 ], [ 121.413356709312083, 23.643736996880623 ], [ 121.41580715134323, 23.643730445870101 ], [ 121.415800019675174, 23.641473006425588 ] ] ] } },
{ "type": "Feature", "properties": { "gridid": "280896", "time_bucket": null, "people_move_all": 0.0 }, "geometry": { "type": "Polygon", "coordinates": [ [ [ 121.39612888745225, 23.618949839395658 ], [ 121.393678900516576, 23.618956073323627 ], [ 121.393685645560822, 23.621213525504302 ], [ 121.396135674470344, 23.621207290909641 ], [ 121.39612888745225, 23.618949839395658 ] ] ] } },
{ "type": "Feature", "properties": { "gridid": "298495", "time_bucket": null, "people_move_all": 0.0 }, "geometry": { "type": "Polygon", "coordinates": [ [ [ 121.406116912708015, 23.679875403454385 ], [ 121.403665794059307, 23.679881810529849 ], [ 121.403672730234632, 23.682139242225929 ], [ 121.406123890998018, 23.682132834466621 ], [ 121.406116912708015, 23.679875403454385 ] ] ] } },
{ "type": "Feature", "properties": { "gridid": "278246", "time_bucket": null, "people_move_all": 0.0 }, "geometry": { "type": "Polygon", "coordinates": [ [ [ 121.391202108002247, 23.60993245060887 ], [ 121.388752287237907, 23.609938604556913 ], [ 121.388758945021195, 23.612196060691058 ], [ 121.391208807738622, 23.612189906084691 ], [ 121.391202108002247, 23.60993245060887 ] ] ] } },
{ "type": "Feature", "properties": { "gridid": "294682", "time_bucket": null, "people_move_all": 0.0 }, "geometry": { "type": "Polygon", "coordinates": [ [ [ 121.442837945618123, 23.666230107795194 ], [ 121.440387093090777, 23.666237092159548 ], [ 121.440394655340754, 23.668494517122486 ], [ 121.442845549950405, 23.668487532012342 ], [ 121.442837945618123, 23.666230107795194 ] ] ] } },
{ "type": "Feature", "properties": { "gridid": "274910", "time_bucket": null, "people_move_all": 0.0 }, "geometry": { "type": "Polygon", "coordinates": [ [ [ 121.386269398987395, 23.598657425994382 ], [ 121.383819786259934, 23.598663499378855 ], [ 121.38382635604907, 23.600920960106588 ], [ 121.386276010703668, 23.600914886072168 ], [ 121.386269398987395, 23.598657425994382 ] ] ] } },
{ "type": "Feature", "properties": { "gridid": "295307", "time_bucket": null, "people_move_all": 0.0 }, "geometry": { "type": "Polygon", "coordinates": [ [ [ 121.388925658890045, 23.668632250049853 ], [ 121.386474744818202, 23.668638382357162 ], [ 121.386481382065469, 23.670895822021095 ], [ 121.388932338226269, 23.670889689059035 ], [ 121.388925658890045, 23.668632250049853 ] ] ] } },
{ "type": "Feature", "properties": { "gridid": "285526", "time_bucket": "2025-09-23T13:55:00", "people_move_all": 3.35 }, "geometry": { "type": "Polygon", "coordinates": [ [ [ 121.405977528744572, 23.634726644709101 ], [ 121.403527251291507, 23.634733038112479 ], [ 121.403534170250367, 23.636990482991926 ], [ 121.405984489713575, 23.636984088905166 ], [ 121.405977528744572, 23.634726644709101 ] ] ] } },
{ "type": "Feature", "properties": { "gridid": "297241", "time_bucket": null, "people_move_all": 0.0 }, "geometry": { "type": "Polygon", "coordinates": [ [ [ 121.433064278984276, 23.675287517397223 ], [ 121.430613254368808, 23.675294349642186 ], [ 121.430620651963977, 23.677551774908032 ], [ 121.433071718682911, 23.677544941933736 ], [ 121.433064278984276, 23.675287517397223 ] ] ] } },
{ "type": "Feature", "properties": { "gridid": "293385", "time_bucket": null, "people_move_all": 0.0 }, "geometry": { "type": "Polygon", "coordinates": [ [ [ 121.450175038953503, 23.661694076284306 ], [ 121.447724273424328, 23.661701175409046 ], [ 121.447731960010671, 23.663958599441695 ], [ 121.450182767611437, 23.663951499558802 ], [ 121.450175038953503, 23.661694076284306 ] ] ] } },
{ "type": "Feature", "properties": { "gridid": "288811", "time_bucket": null, "people_move_all": 0.0 }, "geometry": { "type": "Polygon", "coordinates": [ [ [ 121.420715248894268, 23.645974665065388 ], [ 121.418264766610733, 23.645981294220597 ], [ 121.418271942087813, 23.64823873164293 ], [ 121.420722466407213, 23.648232101779382 ], [ 121.420715248894268, 23.645974665065388 ] ] ] } },
{ "type": "Feature", "properties": { "gridid": "301052", "time_bucket": "2025-09-23T13:55:00", "people_move_all": 3.35 }, "geometry": { "type": "Polygon", "coordinates": [ [ [ 121.489488043734269, 23.68866410362326 ], [ 121.487036789006439, 23.688671832642793 ], [ 121.487045161199163, 23.690929236123583 ], [ 121.489496458060088, 23.690921506279356 ], [ 121.489488043734269, 23.68866410362326 ] ] ] } },
{ "type": "Feature", "properties": { "gridid": "301020", "time_bucket": null, "people_move_all": 0.0 }, "geometry": { "type": "Polygon", "coordinates": [ [ [ 121.411047403219527, 23.688892187490936 ], [ 121.408596117819854, 23.688898674904301 ], [ 121.408603141712746, 23.691156102589403 ], [ 121.411054469247887, 23.691149614483823 ], [ 121.411047403219527, 23.688892187490936 ] ] ] } },
{ "type": "Feature", "properties": { "gridid": "295322", "time_bucket": "2025-09-23T13:55:00", "people_move_all": 33.106832021581397 }, "geometry": { "type": "Polygon", "coordinates": [ [ [ 121.425689267728771, 23.668535613763691 ], [ 121.423238366652143, 23.668542327530439 ], [ 121.423245635227232, 23.670799756938429 ], [ 121.425696578391864, 23.670793042454843 ], [ 121.425689267728771, 23.668535613763691 ] ] ] } },
{ "type": "Feature", "properties": { "gridid": "290109", "time_bucket": null, "people_move_all": 0.0 }, "geometry": { "type": "Polygon", "coordinates": [ [ [ 121.415828551973917, 23.65050276024148 ], [ 121.413377983834764, 23.650509313352167 ], [ 121.413385077002857, 23.652766750860593 ], [ 121.415835687188448, 23.652760197049812 ], [ 121.415828551973917, 23.65050276024148 ] ] ] } },
{ "type": "Feature", "properties": { "gridid": "295333", "time_bucket": null, "people_move_all": 0.0 }, "geometry": { "type": "Polygon", "coordinates": [ [ [ 121.452649119108258, 23.668459203933825 ], [ 121.450198228309063, 23.668466344096018 ], [ 121.450205959848176, 23.670723765391145 ], [ 121.452656892734552, 23.670716624466575 ], [ 121.452649119108258, 23.668459203933825 ] ] ] } },
{ "type": "Feature", "properties": { "gridid": "291426", "time_bucket": null, "people_move_all": 0.0 }, "geometry": { "type": "Polygon", "coordinates": [ [ [ 121.435448008291701, 23.654963802511467 ], [ 121.432997363295598, 23.654970666932076 ], [ 121.43300479468013, 23.657228097405152 ], [ 121.435455481732561, 23.657221232251302 ], [ 121.435448008291701, 23.654963802511467 ] ] ] } },
{ "type": "Feature", "properties": { "gridid": "301051", "time_bucket": null, "people_move_all": 0.0 }, "geometry": { "type": "Polygon", "coordinates": [ [ [ 121.487036789320655, 23.688671832611558 ], [ 121.484585533553258, 23.688679522831869 ], [ 121.484593863612773, 23.690936927133219 ], [ 121.487045161513365, 23.690929236092352 ], [ 121.487036789320655, 23.688671832611558 ] ] ] } },
{ "type": "Feature", "properties": { "gridid": "297877", "time_bucket": null, "people_move_all": 0.0 }, "geometry": { "type": "Polygon", "coordinates": [ [ [ 121.440424913018319, 23.677524210395553 ], [ 121.437973849087498, 23.677531159709357 ], [ 121.437981373927443, 23.679788582114888 ], [ 121.440432479966731, 23.67978163205931 ], [ 121.440424913018319, 23.677524210395553 ] ] ] } },
{ "type": "Feature", "properties": { "gridid": "286868", "time_bucket": null, "people_move_all": 0.0 }, "geometry": { "type": "Polygon", "coordinates": [ [ [ 121.445197114496779, 23.639133951637699 ], [ 121.442746767492821, 23.639140965763872 ], [ 121.442754360493453, 23.641398397894474 ], [ 121.445204749516918, 23.641391383018675 ], [ 121.445197114496779, 23.639133951637699 ] ] ] } },
{ "type": "Feature", "properties": { "gridid": "292082", "time_bucket": null, "people_move_all": 0.0 }, "geometry": { "type": "Polygon", "coordinates": [ [ [ 121.447708903355363, 23.657186325276932 ], [ 121.445258220998838, 23.657193384143149 ], [ 121.44526586361404, 23.659450810249059 ], [ 121.447716588031767, 23.659443750628874 ], [ 121.447708903355363, 23.657186325276932 ] ] ] } },
{ "type": "Feature", "properties": { "gridid": "288810", "time_bucket": "2025-09-23T13:55:00", "people_move_all": 3.35 }, "geometry": { "type": "Polygon", "coordinates": [ [ [ 121.418264767358082, 23.645981294173392 ], [ 121.415814284182758, 23.64598788460631 ], [ 121.415821417623917, 23.648245322732834 ], [ 121.41827194283519, 23.648238731595725 ], [ 121.418264767358082, 23.645981294173392 ] ] ] } },
{ "type": "Feature", "properties": { "gridid": "297873", "time_bucket": null, "people_move_all": 0.0 }, "geometry": { "type": "Polygon", "coordinates": [ [ [ 121.430620652089061, 23.677551774888279 ], [ 121.42816958445124, 23.677558569082628 ], [ 121.428176940856545, 23.67981599441385 ], [ 121.430628050603133, 23.679809199494294 ], [ 121.430620652089061, 23.677551774888279 ] ] ] } },
{ "type": "Feature", "properties": { "gridid": "292735", "time_bucket": "2025-09-23T13:55:00", "people_move_all": 17.202842033646711 }, "geometry": { "type": "Polygon", "coordinates": [ [ [ 121.452618033885912, 23.659429515140964 ], [ 121.450167311383282, 23.659436652253952 ], [ 121.450175039080989, 23.661694076188141 ], [ 121.452625803649909, 23.661686938312886 ], [ 121.452618033885912, 23.659429515140964 ] ] ] } },
{ "type": "Feature", "properties": { "gridid": "293373", "time_bucket": null, "people_move_all": 0.0 }, "geometry": { "type": "Polygon", "coordinates": [ [ [ 121.420765790943221, 23.661776708189681 ], [ 121.418315014298912, 23.661783342303693 ], [ 121.418322196020569, 23.664040775111371 ], [ 121.420773014737293, 23.664034140288873 ], [ 121.420765790943221, 23.661776708189681 ] ] ] } },
{ "type": "Feature", "properties": { "gridid": "294673", "time_bucket": null, "people_move_all": 0.0 }, "geometry": { "type": "Polygon", "coordinates": [ [ [ 121.420780239123246, 23.666291571739606 ], [ 121.418329378328849, 23.666298207270614 ], [ 121.418336561835275, 23.668555638759397 ], [ 121.420787464712561, 23.668549002519846 ], [ 121.420780239123246, 23.666291571739606 ] ] ] } },
{ "type": "Feature", "properties": { "gridid": "298522", "time_bucket": null, "people_move_all": 0.0 }, "geometry": { "type": "Polygon", "coordinates": [ [ [ 121.472296771554554, 23.679687751958038 ], [ 121.469845678141894, 23.679695206199039 ], [ 121.469853751389081, 23.681952617978389 ], [ 121.4723048869145, 23.681945162941787 ], [ 121.472296771554554, 23.679687751958038 ] ] ] } },
{ "type": "Feature", "properties": { "gridid": "296603", "time_bucket": "2025-09-23T13:55:00", "people_move_all": 3.35 }, "geometry": { "type": "Polygon", "coordinates": [ [ [ 121.423252904414497, 23.673057185633958 ], [ 121.420801918253588, 23.673063862062559 ], [ 121.420809146536243, 23.675321290864009 ], [ 121.423260174795672, 23.675314613722666 ], [ 121.423252904414497, 23.673057185633958 ] ] ] } },
{ "type": "Feature", "properties": { "gridid": "298501", "time_bucket": "2025-09-23T13:55:00", "people_move_all": 3.35 }, "geometry": { "type": "Polygon", "coordinates": [ [ [ 121.420823605725374, 23.679836146489631 ], [ 121.418372492355161, 23.679842786272221 ], [ 121.418379681217516, 23.682100213803142 ], [ 121.420830836701981, 23.682093573311871 ], [ 121.420823605725374, 23.679836146489631 ] ] ] } },
{ "type": "Feature", "properties": { "gridid": "292730", "time_bucket": null, "people_move_all": 0.0 }, "geometry": { "type": "Polygon", "coordinates": [ [ [ 121.440364411426373, 23.659464813327372 ], [ 121.4379136841752, 23.659471756707898 ], [ 121.437921201540334, 23.661729184391341 ], [ 121.44037197085818, 23.661722240269242 ], [ 121.440364411426373, 23.659464813327372 ] ] ] } },
{ "type": "Feature", "properties": { "gridid": "290766", "time_bucket": null, "people_move_all": 0.0 }, "geometry": { "type": "Polygon", "coordinates": [ [ [ 121.423187512139691, 23.652740303177911 ], [ 121.420736904630147, 23.652746973192848 ], [ 121.420744124834599, 23.655004407929361 ], [ 121.423194774395611, 23.654997737201889 ], [ 121.423187512139691, 23.652740303177911 ] ] ] } },
{ "type": "Feature", "properties": { "gridid": "281557", "time_bucket": null, "people_move_all": 0.0 }, "geometry": { "type": "Polygon", "coordinates": [ [ [ 121.405935781356732, 23.621181965686482 ], [ 121.403485755854845, 23.621188354990004 ], [ 121.403492669653872, 23.623445803820747 ], [ 121.405942737134552, 23.623439413833967 ], [ 121.405935781356732, 23.621181965686482 ] ] ] } },
{ "type": "Feature", "properties": { "gridid": "272909", "time_bucket": "2025-09-23T13:55:00", "people_move_all": 3.35 }, "geometry": { "type": "Polygon", "coordinates": [ [ [ 121.386249569342169, 23.591885041884272 ], [ 121.383800082364829, 23.591891113319043 ], [ 121.383806649702095, 23.594148576019808 ], [ 121.386256178590898, 23.594142503935156 ], [ 121.386249569342169, 23.591885041884272 ] ] ] } },
{ "type": "Feature", "properties": { "gridid": "293369", "time_bucket": null, "people_move_all": 0.0 }, "geometry": { "type": "Polygon", "coordinates": [ [ [ 121.410962678857246, 23.661803012091951 ], [ 121.408511898675187, 23.661809491200529 ], [ 121.408518912106416, 23.664066926800793 ], [ 121.41096973436116, 23.664060447000274 ], [ 121.410962678857246, 23.661803012091951 ] ] ] } },
{ "type": "Feature", "properties": { "gridid": "295326", "time_bucket": null, "people_move_all": 0.0 }, "geometry": { "type": "Polygon", "coordinates": [ [ [ 121.435492862721048, 23.668508370987077 ], [ 121.433041965308462, 23.668515239807544 ], [ 121.433049402235099, 23.670772666323344 ], [ 121.435500341735377, 23.670765796769484 ], [ 121.435492862721048, 23.668508370987077 ] ] ] } },
{ "type": "Feature", "properties": { "gridid": "295990", "time_bucket": null, "people_move_all": 0.0 }, "geometry": { "type": "Polygon", "coordinates": [ [ [ 121.477166167263562, 23.67064308306394 ], [ 121.474715244270001, 23.670650611655706 ], [ 121.47472339769061, 23.672908024480776 ], [ 121.477174362775841, 23.67290049508523 ], [ 121.477166167263562, 23.67064308306394 ] ] ] } },
{ "type": "Feature", "properties": { "gridid": "303551", "time_bucket": null, "people_move_all": 0.0 }, "geometry": { "type": "Polygon", "coordinates": [ [ [ 121.49442455072969, 23.697678129206569 ], [ 121.491973129533505, 23.697685939156408 ], [ 121.49198159019339, 23.699943338340308 ], [ 121.494433053543489, 23.69993552755739 ], [ 121.49442455072969, 23.697678129206569 ] ] ] } },
{ "type": "Feature", "properties": { "gridid": "278911", "time_bucket": null, "people_move_all": 0.0 }, "geometry": { "type": "Polygon", "coordinates": [ [ [ 121.393658670167568, 23.612183712808005 ], [ 121.391208808283523, 23.61218990607524 ], [ 121.391215508853307, 23.614447360892985 ], [ 121.393665412695611, 23.614441166963264 ], [ 121.393658670167568, 23.612183712808005 ] ] ] } },
{ "type": "Feature", "properties": { "gridid": "277581", "time_bucket": null, "people_move_all": 0.0 }, "geometry": { "type": "Polygon", "coordinates": [ [ [ 121.39609496465998, 23.607662571919427 ], [ 121.393645187515261, 23.607668802514297 ], [ 121.39365192836614, 23.609926257985705 ], [ 121.396101747458601, 23.609920026724261 ], [ 121.39609496465998, 23.607662571919427 ] ] ] } },
{ "type": "Feature", "properties": { "gridid": "294037", "time_bucket": null, "people_move_all": 0.0 }, "geometry": { "type": "Polygon", "coordinates": [ [ [ 121.452633573991918, 23.663944360837377 ], [ 121.45018276735145, 23.663951499474912 ], [ 121.450190496969697, 23.666208922089663 ], [ 121.452641345686914, 23.666201782689814 ], [ 121.452633573991918, 23.663944360837377 ] ] ] } },
{ "type": "Feature", "properties": { "gridid": "294029", "time_bucket": "2025-09-23T13:55:00", "people_move_all": 3.35 }, "geometry": { "type": "Polygon", "coordinates": [ [ [ 121.433027094068123, 23.664000384873734 ], [ 121.430576279891582, 23.664007213472409 ], [ 121.430583672893235, 23.666264642036701 ], [ 121.433034529147093, 23.666257812708814 ], [ 121.433027094068123, 23.664000384873734 ] ] ] } },
{ "type": "Feature", "properties": { "gridid": "289460", "time_bucket": "2025-09-23T13:55:00", "people_move_all": 3.35 }, "geometry": { "type": "Polygon", "coordinates": [ [ [ 121.418271942931426, 23.64823873165032 ], [ 121.415821417720153, 23.648245322787432 ], [ 121.415828552047984, 23.650502760254884 ], [ 121.418279119300408, 23.650496168413557 ], [ 121.418271942931426, 23.64823873165032 ] ] ] } },
{ "type": "Feature", "properties": { "gridid": "295962", "time_bucket": null, "people_move_all": 0.0 }, "geometry": { "type": "Polygon", "coordinates": [ [ [ 121.408539957752694, 23.670839229663788 ], [ 121.40608900837681, 23.670845672772213 ], [ 121.406095983200473, 23.673103106422744 ], [ 121.408546974670074, 23.673096662626431 ], [ 121.408539957752694, 23.670839229663788 ] ] ] } },
{ "type": "Feature", "properties": { "gridid": "271577", "time_bucket": null, "people_move_all": 0.0 }, "geometry": { "type": "Polygon", "coordinates": [ [ [ 121.383786949617331, 23.587376185861487 ], [ 121.381337545630288, 23.587382217381005 ], [ 121.381344069432117, 23.589639682042584 ], [ 121.383793515320278, 23.589633649877364 ], [ 121.383786949617331, 23.587376185861487 ] ] ] } },
{ "type": "Feature", "properties": { "gridid": "301055", "time_bucket": null, "people_move_all": 0.0 }, "geometry": { "type": "Polygon", "coordinates": [ [ [ 121.496841801959661, 23.688640683770995 ], [ 121.494390550381993, 23.688648529187809 ], [ 121.494399048973861, 23.690905930182105 ], [ 121.496850342684425, 23.690898083928179 ], [ 121.496841801959661, 23.688640683770995 ] ] ] } },
{ "type": "Feature", "properties": { "gridid": "295995", "time_bucket": null, "people_move_all": 0.0 }, "geometry": { "type": "Polygon", "coordinates": [ [ [ 121.489420766463596, 23.670604858583673 ], [ 121.486969848612517, 23.670612581006647 ], [ 121.486978212490754, 23.672869989771428 ], [ 121.489429172433091, 23.672862266523989 ], [ 121.489420766463596, 23.670604858583673 ] ] ] } },
{ "type": "Feature", "properties": { "gridid": "296608", "time_bucket": "2025-09-23T13:55:00", "people_move_all": 6.7 }, "geometry": { "type": "Polygon", "coordinates": [ [ [ 121.435507821884798, 23.673023221912381 ], [ 121.433056840291556, 23.67303009219966 ], [ 121.43306427906613, 23.675287517395986 ], [ 121.435515302757494, 23.675280646375256 ], [ 121.435507821884798, 23.673023221912381 ] ] ] } },
{ "type": "Feature", "properties": { "gridid": "273579", "time_bucket": null, "people_move_all": 0.0 }, "geometry": { "type": "Polygon", "coordinates": [ [ [ 121.391155233146307, 23.594130243813819 ], [ 121.388705705907597, 23.594136393154184 ], [ 121.388712357895429, 23.596393853893371 ], [ 121.391161927050717, 23.596387703894841 ], [ 121.391155233146307, 23.594130243813819 ] ] ] } },
{ "type": "Feature", "properties": { "gridid": "284200", "time_bucket": null, "people_move_all": 0.0 }, "geometry": { "type": "Polygon", "coordinates": [ [ [ 121.410863993737522, 23.63019885422873 ], [ 121.408413802024739, 23.630205323652596 ], [ 121.408420803262715, 23.632462768478504 ], [ 121.410871036975053, 23.632456298363028 ], [ 121.410863993737522, 23.63019885422873 ] ] ] } },
{ "type": "Feature", "properties": { "gridid": "282212", "time_bucket": null, "people_move_all": 0.0 }, "geometry": { "type": "Polygon", "coordinates": [ [ [ 121.398592532173012, 23.623458467779916 ], [ 121.396142462128552, 23.623464741722717 ], [ 121.396149250834867, 23.625722191920037 ], [ 121.398599362863564, 23.625715917306369 ], [ 121.398592532173012, 23.623458467779916 ] ] ] } },
{ "type": "Feature", "properties": { "gridid": "286869", "time_bucket": null, "people_move_all": 0.0 }, "geometry": { "type": "Polygon", "coordinates": [ [ [ 121.447647460012547, 23.639126898758942 ], [ 121.445197113957633, 23.63913395159436 ], [ 121.445204748977744, 23.641391382975321 ], [ 121.447655137052081, 23.641384329386149 ], [ 121.447647460012547, 23.639126898758942 ] ] ] } },
{ "type": "Feature", "properties": { "gridid": "290801", "time_bucket": null, "people_move_all": 0.0 }, "geometry": { "type": "Polygon", "coordinates": [ [ [ 121.508958168913736, 23.652482450277173 ], [ 121.506507596099482, 23.652490475967003 ], [ 121.506516288061832, 23.654747883302832 ], [ 121.508966902924897, 23.654739856755651 ], [ 121.508958168913736, 23.652482450277173 ] ] ] } },
{ "type": "Feature", "properties": { "gridid": "280898", "time_bucket": null, "people_move_all": 0.0 }, "geometry": { "type": "Polygon", "coordinates": [ [ [ 121.401028858631832, 23.61893725549335 ], [ 121.398578873389411, 23.618943566767591 ], [ 121.398585702381311, 23.621201017610758 ], [ 121.401035729597439, 23.621194705661559 ], [ 121.401028858631832, 23.61893725549335 ] ] ] } },
{ "type": "Feature", "properties": { "gridid": "295320", "time_bucket": null, "people_move_all": 0.0 }, "geometry": { "type": "Polygon", "coordinates": [ [ [ 121.420787464717165, 23.668549002514567 ], [ 121.418336561839865, 23.668555638754118 ], [ 121.418343746238776, 23.670813069583374 ], [ 121.420794691204193, 23.670806432635263 ], [ 121.420787464717165, 23.668549002514567 ] ] ] } },
{ "type": "Feature", "properties": { "gridid": "290774", "time_bucket": null, "people_move_all": 0.0 }, "geometry": { "type": "Polygon", "coordinates": [ [ [ 121.442792339251909, 23.652685548656681 ], [ 121.440341739108362, 23.652692528546844 ], [ 121.440349295722612, 23.654949957467213 ], [ 121.442799937917059, 23.654942976831421 ], [ 121.442792339251909, 23.652685548656681 ] ] ] } },
{ "type": "Feature", "properties": { "gridid": "288172", "time_bucket": null, "people_move_all": 0.0 }, "geometry": { "type": "Polygon", "coordinates": [ [ [ 121.437861089025546, 23.6436697444075 ], [ 121.435410655161107, 23.643676643879999 ], [ 121.43541812395938, 23.645934076916369 ], [ 121.437868599853985, 23.645927176706607 ], [ 121.437861089025546, 23.6436697444075 ] ] ] } },
{ "type": "Feature", "properties": { "gridid": "275578", "time_bucket": "2025-09-23T13:55:00", "people_move_all": 3.35 }, "geometry": { "type": "Polygon", "coordinates": [ [ [ 121.388725665163449, 23.600908773403653 ], [ 121.386276011331489, 23.600914886078371 ], [ 121.386282623870414, 23.603172345498365 ], [ 121.388732319634684, 23.603166232169539 ], [ 121.388725665163449, 23.600908773403653 ] ] ] } },
{ "type": "Feature", "properties": { "gridid": "295974", "time_bucket": "2025-09-23T13:55:00", "people_move_all": 3.35 }, "geometry": { "type": "Polygon", "coordinates": [ [ [ 121.437951280790585, 23.670758888533758 ], [ 121.435500342219456, 23.670765796855047 ], [ 121.435507822162947, 23.673023221977708 ], [ 121.437958802826955, 23.673016312918865 ], [ 121.437951280790585, 23.670758888533758 ] ] ] } },
{ "type": "Feature", "properties": { "gridid": "302309", "time_bucket": null, "people_move_all": 0.0 }, "geometry": { "type": "Polygon", "coordinates": [ [ [ 121.501761552830601, 23.693139672827765 ], [ 121.499310219108509, 23.693147597533237 ], [ 121.499318804097811, 23.695404995527412 ], [ 121.501770179963088, 23.695397069976487 ], [ 121.501761552830601, 23.693139672827765 ] ] ] } },
{ "type": "Feature", "properties": { "gridid": "290777", "time_bucket": "2025-09-23T13:55:00", "people_move_all": 5.4950980392156863 }, "geometry": { "type": "Polygon", "coordinates": [ [ [ 121.450144133751465, 23.652664376583349 ], [ 121.447693536456441, 23.652671472675731 ], [ 121.447701219223191, 23.654928899346782 ], [ 121.450151858568915, 23.654921802496343 ], [ 121.450144133751465, 23.652664376583349 ] ] ] } },
{ "type": "Feature", "properties": { "gridid": "289472", "time_bucket": null, "people_move_all": 0.0 }, "geometry": { "type": "Polygon", "coordinates": [ [ [ 121.447678174163343, 23.648156617267837 ], [ 121.445227659999404, 23.648163673118461 ], [ 121.445235298816485, 23.650421101862275 ], [ 121.447685855020737, 23.650414045257797 ], [ 121.447678174163343, 23.648156617267837 ] ] ] } },
{ "type": "Feature", "properties": { "gridid": "294036", "time_bucket": null, "people_move_all": 0.0 }, "geometry": { "type": "Polygon", "coordinates": [ [ [ 121.450182767510455, 23.663951499534576 ], [ 121.447731959909689, 23.663958599417469 ], [ 121.447739647451115, 23.666216022790387 ], [ 121.450190497128702, 23.666208922149327 ], [ 121.450182767510455, 23.663951499534576 ] ] ] } },
{ "type": "Feature", "properties": { "gridid": "300401", "time_bucket": "2025-09-23T13:55:00", "people_move_all": 3.35 }, "geometry": { "type": "Polygon", "coordinates": [ [ [ 121.435552721437944, 23.686567758788541 ], [ 121.433101487177296, 23.686574633476855 ], [ 121.433108931497301, 23.688832054713604 ], [ 121.435560207887519, 23.688825179291705 ], [ 121.435552721437944, 23.686567758788541 ] ] ] } },
{ "type": "Feature", "properties": { "gridid": "298496", "time_bucket": "2025-09-23T13:55:00", "people_move_all": 3.35 }, "geometry": { "type": "Polygon", "coordinates": [ [ [ 121.408568030217367, 23.679868957605027 ], [ 121.406116912435323, 23.679875403465143 ], [ 121.406123890725326, 23.682132834477379 ], [ 121.408575050621977, 23.682126387929269 ], [ 121.408568030217367, 23.679868957605027 ] ] ] } },
{ "type": "Feature", "properties": { "gridid": "295337", "time_bucket": "2025-09-23T13:55:00", "people_move_all": 3.35 }, "geometry": { "type": "Polygon", "coordinates": [ [ [ 121.46245267198708, 23.668430255649593 ], [ 121.460001785081985, 23.668437550862869 ], [ 121.460009684969464, 23.670694969083691 ], [ 121.462460613961454, 23.670687673091496 ], [ 121.46245267198708, 23.668430255649593 ] ] ] } },
{ "type": "Feature", "properties": { "gridid": "293376", "time_bucket": null, "people_move_all": 0.0 }, "geometry": { "type": "Polygon", "coordinates": [ [ [ 121.428118115480615, 23.661756573335008 ], [ 121.425667341544553, 23.661763323702491 ], [ 121.425674649483312, 23.664020754372281 ], [ 121.428125465491632, 23.664014003283899 ], [ 121.428118115480615, 23.661756573335008 ] ] ] } },
{ "type": "Feature", "properties": { "gridid": "279575", "time_bucket": "2025-09-23T13:55:00", "people_move_all": 6.7 }, "geometry": { "type": "Polygon", "coordinates": [ [ [ 121.396115315327606, 23.614434934405132 ], [ 121.393665412323969, 23.614441166999786 ], [ 121.393672155690695, 23.616698620496898 ], [ 121.396122100657749, 23.616692387235599 ], [ 121.396115315327606, 23.614434934405132 ] ] ] } },
{ "type": "Feature", "properties": { "gridid": "278912", "time_bucket": null, "people_move_all": 0.0 }, "geometry": { "type": "Polygon", "coordinates": [ [ [ 121.396108530769169, 23.612177480909878 ], [ 121.39365866972372, 23.612183712837918 ], [ 121.393665412251764, 23.614441166993178 ], [ 121.3961153152554, 23.614434934398524 ], [ 121.396108530769169, 23.612177480909878 ] ] ] } },
{ "type": "Feature", "properties": { "gridid": "292736", "time_bucket": "2025-09-23T13:55:00", "people_move_all": 6.7 }, "geometry": { "type": "Polygon", "coordinates": [ [ [ 121.455068755370078, 23.65942233934998 ], [ 121.452618033832806, 23.659429515209276 ], [ 121.452625803596803, 23.661686938381202 ], [ 121.455076567200294, 23.661679761755504 ], [ 121.455068755370078, 23.65942233934998 ] ] ] } },
{ "type": "Feature", "properties": { "gridid": "288192", "time_bucket": null, "people_move_all": 0.0 }, "geometry": { "type": "Polygon", "coordinates": [ [ [ 121.486869562899827, 23.643523624322707 ], [ 121.484419148698535, 23.643531298137685 ], [ 121.484427458085875, 23.645788715642716 ], [ 121.486877914315798, 23.645781041007737 ], [ 121.486869562899827, 23.643523624322707 ] ] ] } },
{ "type": "Feature", "properties": { "gridid": "294678", "time_bucket": null, "people_move_all": 0.0 }, "geometry": { "type": "Polygon", "coordinates": [ [ [ 121.433034529646179, 23.666257812638392 ], [ 121.43058367339232, 23.66626464196629 ], [ 121.430591067312548, 23.668522069870985 ], [ 121.433041965648968, 23.668515239813857 ], [ 121.433034529646179, 23.666257812638392 ] ] ] } },
{ "type": "Feature", "properties": { "gridid": "293389", "time_bucket": null, "people_move_all": 0.0 }, "geometry": { "type": "Polygon", "coordinates": [ [ [ 121.459978091874433, 23.661665292216341 ], [ 121.457527330217573, 23.66167254634275 ], [ 121.457535185089881, 23.663929967317966 ], [ 121.459985988818062, 23.663922712416849 ], [ 121.459978091874433, 23.661665292216341 ] ] ] } },
{ "type": "Feature", "properties": { "gridid": "272245", "time_bucket": null, "people_move_all": 0.0 }, "geometry": { "type": "Polygon", "coordinates": [ [ [ 121.391141848067775, 23.589615321715339 ], [ 121.388692404646605, 23.589621469739424 ], [ 121.38869905497917, 23.591878931793918 ], [ 121.391148540306489, 23.591872783111704 ], [ 121.391141848067775, 23.589615321715339 ] ] ] } },
{ "type": "Feature", "properties": { "gridid": "294023", "time_bucket": null, "people_move_all": 0.0 }, "geometry": { "type": "Polygon", "coordinates": [ [ [ 121.418322196016959, 23.664040775089113 ], [ 121.415871376407893, 23.664047371156201 ], [ 121.415878516944161, 23.666304804008835 ], [ 121.418329378630972, 23.666298207237368 ], [ 121.418322196016959, 23.664040775089113 ] ] ] } },
{ "type": "Feature", "properties": { "gridid": "304172", "time_bucket": null, "people_move_all": 0.0 }, "geometry": { "type": "Polygon", "coordinates": [ [ [ 121.499335977062756, 23.69991978953756 ], [ 121.496884515829223, 23.69992767795987 ], [ 121.496893061857747, 23.702185074812441 ], [ 121.49934456525024, 23.702177185548742 ], [ 121.499335977062756, 23.69991978953756 ] ] ] } },
{ "type": "Feature", "properties": { "gridid": "293386", "time_bucket": null, "people_move_all": 0.0 }, "geometry": { "type": "Polygon", "coordinates": [ [ [ 121.452625803437627, 23.661686938389167 ], [ 121.450175038868707, 23.661694076264411 ], [ 121.450182767526627, 23.663951499538911 ], [ 121.452633574167095, 23.663944360901368 ], [ 121.452625803437627, 23.661686938389167 ] ] ] } },
{ "type": "Feature", "properties": { "gridid": "305404", "time_bucket": "2025-09-23T13:55:00", "people_move_all": 17.420056497175139 }, "geometry": { "type": "Polygon", "coordinates": [ [ [ 121.499353154160687, 23.704434580856208 ], [ 121.496901608603977, 23.704442470961325 ], [ 121.496910156754581, 23.706699866491718 ], [ 121.499361744480723, 23.706691975545155 ], [ 121.499353154160687, 23.704434580856208 ] ] ] } },
{ "type": "Feature", "properties": { "gridid": "280236", "time_bucket": null, "people_move_all": 0.0 }, "geometry": { "type": "Polygon", "coordinates": [ [ [ 121.396122100888633, 23.616692387200391 ], [ 121.393672155921578, 23.616698620461694 ], [ 121.393678900127043, 23.618956073300609 ], [ 121.396128887062716, 23.618949839372643 ], [ 121.396122100888633, 23.616692387200391 ] ] ] } },
{ "type": "Feature", "properties": { "gridid": "296609", "time_bucket": null, "people_move_all": 0.0 }, "geometry": { "type": "Polygon", "coordinates": [ [ [ 121.437958802371114, 23.673016312894354 ], [ 121.43550782170712, 23.673023221953191 ], [ 121.43551530257983, 23.675280646416073 ], [ 121.437966325341918, 23.675273736619648 ], [ 121.437958802371114, 23.673016312894354 ] ] ] } },
{ "type": "Feature", "properties": { "gridid": "305403", "time_bucket": "2025-09-23T13:55:00", "people_move_all": 13.378294573643412 }, "geometry": { "type": "Polygon", "coordinates": [ [ [ 121.496901608775957, 23.704442470950486 ], [ 121.49445006215818, 23.704450322227665 ], [ 121.494458568139265, 23.706707718595371 ], [ 121.496910156926575, 23.706699866480886 ], [ 121.496901608775957, 23.704442470950486 ] ] ] } },
{ "type": "Feature", "properties": { "gridid": "291436", "time_bucket": null, "people_move_all": 0.0 }, "geometry": { "type": "Polygon", "coordinates": [ [ [ 121.459954406250873, 23.654893027690296 ], [ 121.457503770776569, 23.654900279492736 ], [ 121.457511622721313, 23.657157702447115 ], [ 121.459962300251263, 23.657150449870048 ], [ 121.459954406250873, 23.654893027690296 ] ] ] } },
{ "type": "Feature", "properties": { "gridid": "292729", "time_bucket": null, "people_move_all": 0.0 }, "geometry": { "type": "Polygon", "coordinates": [ [ [ 121.437913684926727, 23.659471756630946 ], [ 121.435462956741503, 23.659478661264814 ], [ 121.435470432039907, 23.661736089685693 ], [ 121.437921202291861, 23.661729184314389 ], [ 121.437913684926727, 23.659471756630946 ] ] ] } },
{ "type": "Feature", "properties": { "gridid": "272908", "time_bucket": null, "people_move_all": 0.0 }, "geometry": { "type": "Polygon", "coordinates": [ [ [ 121.383800081706511, 23.591891113272268 ], [ 121.381350593912032, 23.59189714608322 ], [ 121.381357119337693, 23.594154609429737 ], [ 121.383806649043748, 23.594148575973033 ], [ 121.383800081706511, 23.591891113272268 ] ] ] } },
{ "type": "Feature", "properties": { "gridid": "297231", "time_bucket": null, "people_move_all": 0.0 }, "geometry": { "type": "Polygon", "coordinates": [ [ [ 121.408553991979872, 23.675354094934384 ], [ 121.406102958411367, 23.675360539418602 ], [ 121.406109934968057, 23.677617971750088 ], [ 121.408561010640724, 23.67761152657793 ], [ 121.408553991979872, 23.675354094934384 ] ] ] } },
{ "type": "Feature", "properties": { "gridid": "290764", "time_bucket": null, "people_move_all": 0.0 }, "geometry": { "type": "Polygon", "coordinates": [ [ [ 121.418286296085853, 23.652753604504195 ], [ 121.415835686787048, 23.652760197049751 ], [ 121.415842822888351, 23.65501763319892 ], [ 121.418293474238766, 23.655011039949109 ], [ 121.418286296085853, 23.652753604504195 ] ] ] } },
{ "type": "Feature", "properties": { "gridid": "295339", "time_bucket": "2025-09-23T13:55:00", "people_move_all": 3.35 }, "geometry": { "type": "Polygon", "coordinates": [ [ [ 121.467354442911045, 23.668415548970078 ], [ 121.464903557984371, 23.668422921708519 ], [ 121.464911542045584, 23.670680338367362 ], [ 121.467362469059026, 23.670672964841721 ], [ 121.467354442911045, 23.668415548970078 ] ] ] } },
{ "type": "Feature", "properties": { "gridid": "290123", "time_bucket": null, "people_move_all": 0.0 }, "geometry": { "type": "Polygon", "coordinates": [ [ [ 121.450136410207392, 23.650406949933135 ], [ 121.447685854957811, 23.6504140452675 ], [ 121.447693536769833, 23.652671472598023 ], [ 121.4501441340649, 23.652664376505641 ], [ 121.450136410207392, 23.650406949933135 ] ] ] } },
{ "type": "Feature", "properties": { "gridid": "273577", "time_bucket": null, "people_move_all": 0.0 }, "geometry": { "type": "Polygon", "coordinates": [ [ [ 121.386256177888001, 23.594142503887632 ], [ 121.383806648999169, 23.59414857597227 ], [ 121.383813217153659, 23.596406038015402 ], [ 121.386262787959197, 23.596399965280863 ], [ 121.386256177888001, 23.594142503887632 ] ] ] } },
{ "type": "Feature", "properties": { "gridid": "295319", "time_bucket": "2025-09-23T13:55:00", "people_move_all": 3.35 }, "geometry": { "type": "Polygon", "coordinates": [ [ [ 121.418336562207486, 23.668555638743165 ], [ 121.415885658437688, 23.668562236219032 ], [ 121.415892800748423, 23.670819667752713 ], [ 121.418343746606368, 23.670813069572425 ], [ 121.418336562207486, 23.668555638743165 ] ] ] } },
{ "type": "Feature", "properties": { "gridid": "283534", "time_bucket": null, "people_move_all": 0.0 }, "geometry": { "type": "Polygon", "coordinates": [ [ [ 121.401056346890925, 23.627967052158112 ], [ 121.398606193722287, 23.627973366132309 ], [ 121.398613026111761, 23.63023081434185 ], [ 121.40106322127501, 23.630224499692602 ], [ 121.401056346890925, 23.627967052158112 ] ] ] } },
{ "type": "Feature", "properties": { "gridid": "297874", "time_bucket": null, "people_move_all": 0.0 }, "geometry": { "type": "Polygon", "coordinates": [ [ [ 121.433071718575277, 23.677544941961948 ], [ 121.430620651856344, 23.677551774936241 ], [ 121.430628050370416, 23.679809199542255 ], [ 121.43307915919803, 23.679802365838611 ], [ 121.433071718575277, 23.677544941961948 ] ] ] } },
{ "type": "Feature", "properties": { "gridid": "272913", "time_bucket": null, "people_move_all": 0.0 }, "geometry": { "type": "Polygon", "coordinates": [ [ [ 121.396047508858985, 23.591860369853233 ], [ 121.393598025202522, 23.591866595782705 ], [ 121.393604760185369, 23.594124055859133 ], [ 121.396054285753095, 23.59411782926324 ], [ 121.396047508858985, 23.591860369853233 ] ] ] } },
{ "type": "Feature", "properties": { "gridid": "288818", "time_bucket": null, "people_move_all": 0.0 }, "geometry": { "type": "Polygon", "coordinates": [ [ [ 121.437868599575111, 23.645927176767966 ], [ 121.435418123680535, 23.645934076977721 ], [ 121.435425593407189, 23.648191509354884 ], [ 121.437876111337147, 23.648184608407838 ], [ 121.437868599575111, 23.645927176767966 ] ] ] } },
{ "type": "Feature", "properties": { "gridid": "288824", "time_bucket": "2025-09-23T13:55:00", "people_move_all": 3.35 }, "geometry": { "type": "Polygon", "coordinates": [ [ [ 121.45257143562965, 23.645884962352003 ], [ 121.450120965415024, 23.645892094891938 ], [ 121.450128687352873, 23.648149522783299 ], [ 121.452579199602425, 23.648142389481258 ], [ 121.45257143562965, 23.645884962352003 ] ] ] } },
{ "type": "Feature", "properties": { "gridid": "271579", "time_bucket": null, "people_move_all": 0.0 }, "geometry": { "type": "Polygon", "coordinates": [ [ [ 121.388685754896613, 23.587364006995823 ], [ 121.386236352548892, 23.58737011574636 ], [ 121.386242960152899, 23.589627579112403 ], [ 121.388692404401624, 23.589621469707893 ], [ 121.388685754896613, 23.587364006995823 ] ] ] } },
{ "type": "Feature", "properties": { "gridid": "288177", "time_bucket": null, "people_move_all": 0.0 }, "geometry": { "type": "Polygon", "coordinates": [ [ [ 121.450113244590682, 23.643634666282583 ], [ 121.447662815446122, 23.643641759343019 ], [ 121.447670494394458, 23.645899188651697 ], [ 121.450120965568786, 23.645892094833307 ], [ 121.450113244590682, 23.643634666282583 ] ] ] } },
{ "type": "Feature", "properties": { "gridid": "296607", "time_bucket": null, "people_move_all": 0.0 }, "geometry": { "type": "Polygon", "coordinates": [ [ [ 121.433056840395906, 23.673030092232494 ], [ 121.430605857878703, 23.673036923748157 ], [ 121.430613254555013, 23.675294349673784 ], [ 121.433064279170466, 23.675287517428814 ], [ 121.433056840395906, 23.673030092232494 ] ] ] } },
{ "type": "Feature", "properties": { "gridid": "298505", "time_bucket": null, "people_move_all": 0.0 }, "geometry": { "type": "Polygon", "coordinates": [ [ [ 121.430628050685286, 23.679809199555088 ], [ 121.428176940938698, 23.679815994474648 ], [ 121.428184298257733, 23.682073419146008 ], [ 121.430635450118331, 23.682066623501214 ], [ 121.430628050685286, 23.679809199555088 ] ] ] } },
{ "type": "Feature", "properties": { "gridid": "294017", "time_bucket": "2025-09-23T13:55:00", "people_move_all": 8.7861054766734288 }, "geometry": { "type": "Polygon", "coordinates": [ [ [ 121.403617264872935, 23.664079770180024 ], [ 121.401166440019523, 23.664086133713479 ], [ 121.401173328087964, 23.666343570705457 ], [ 121.403624195019532, 23.666337206492461 ], [ 121.403617264872935, 23.664079770180024 ] ] ] } },
{ "type": "Feature", "properties": { "gridid": "294679", "time_bucket": null, "people_move_all": 0.0 }, "geometry": { "type": "Polygon", "coordinates": [ [ [ 121.435485385143025, 23.666250944624444 ], [ 121.433034529812943, 23.666257812711546 ], [ 121.433041965815704, 23.668515239887007 ], [ 121.435492863228276, 23.66850837106654 ], [ 121.435485385143025, 23.666250944624444 ] ] ] } },
{ "type": "Feature", "properties": { "gridid": "293387", "time_bucket": "2025-09-23T13:55:00", "people_move_all": 3.35 }, "geometry": { "type": "Polygon", "coordinates": [ [ [ 121.455076566919132, 23.661679761696124 ], [ 121.452625803315669, 23.661686938321822 ], [ 121.452633574045137, 23.66394436083403 ], [ 121.455084379720063, 23.663937183441906 ], [ 121.455076566919132, 23.661679761696124 ] ] ] } },
{ "type": "Feature", "properties": { "gridid": "272247", "time_bucket": null, "people_move_all": 0.0 }, "geometry": { "type": "Polygon", "coordinates": [ [ [ 121.396040732326327, 23.589602909758135 ], [ 121.393591290575884, 23.589609135021192 ], [ 121.393598024720674, 23.591866595755285 ], [ 121.396047508377166, 23.59186036982582 ], [ 121.396040732326327, 23.589602909758135 ] ] ] } },
{ "type": "Feature", "properties": { "gridid": "287519", "time_bucket": "2025-09-23T13:55:00", "people_move_all": 3.35 }, "geometry": { "type": "Polygon", "coordinates": [ [ [ 121.432952794429156, 23.641426070227602 ], [ 121.430502400738391, 23.641432891535548 ], [ 121.430509784558296, 23.64369032669315 ], [ 121.432960220274126, 23.643683504656241 ], [ 121.432952794429156, 23.641426070227602 ] ] ] } },
{ "type": "Feature", "properties": { "gridid": "294686", "time_bucket": null, "people_move_all": 0.0 }, "geometry": { "type": "Polygon", "coordinates": [ [ [ 121.452641345548784, 23.666201782685597 ], [ 121.450190496831581, 23.666208922085442 ], [ 121.450198227410212, 23.668466344040407 ], [ 121.452649118209408, 23.668459203878218 ], [ 121.452641345548784, 23.666201782685597 ] ] ] } },
{ "type": "Feature", "properties": { "gridid": "276248", "time_bucket": null, "people_move_all": 0.0 }, "geometry": { "type": "Polygon", "coordinates": [ [ [ 121.396081401561119, 23.603147660329025 ], [ 121.393631708296255, 23.603153889590811 ], [ 121.393638447470238, 23.605411346378176 ], [ 121.396088182672415, 23.605405116449855 ], [ 121.396081401561119, 23.603147660329025 ] ] ] } },
{ "type": "Feature", "properties": { "gridid": "274913", "time_bucket": null, "people_move_all": 0.0 }, "geometry": { "type": "Polygon", "coordinates": [ [ [ 121.393618232855118, 23.59863897402446 ], [ 121.391168622611048, 23.598645163317254 ], [ 121.391175318181439, 23.600902622082739 ], [ 121.393624970352462, 23.600896432127591 ], [ 121.393618232855118, 23.59863897402446 ] ] ] } },
{ "type": "Feature", "properties": { "gridid": "299126", "time_bucket": "2025-09-23T13:55:00", "people_move_all": 3.35 }, "geometry": { "type": "Polygon", "coordinates": [ [ [ 121.406123891333323, 23.682132834441777 ], [ 121.403672730569923, 23.682139242201089 ], [ 121.403679667606752, 23.684396673237504 ], [ 121.406130870490045, 23.684390264794324 ], [ 121.406123891333323, 23.682132834441777 ] ] ] } },
{ "type": "Feature", "properties": { "gridid": "290769", "time_bucket": null, "people_move_all": 0.0 }, "geometry": { "type": "Polygon", "coordinates": [ [ [ 121.430539328701116, 23.652720060754216 ], [ 121.428088723914627, 23.65272684697279 ], [ 121.42809607027327, 23.654984279559283 ], [ 121.430546717111014, 23.65497749261576 ], [ 121.430539328701116, 23.652720060754216 ] ] ] } },
{ "type": "Feature", "properties": { "gridid": "280235", "time_bucket": null, "people_move_all": 0.0 }, "geometry": { "type": "Polygon", "coordinates": [ [ [ 121.393672156292354, 23.616698620402623 ], [ 121.391222210486575, 23.616704814994851 ], [ 121.391228912723321, 23.618962268496293 ], [ 121.39367890049779, 23.618956073241538 ], [ 121.393672156292354, 23.616698620402623 ] ] ] } },
{ "type": "Feature", "properties": { "gridid": "272910", "time_bucket": null, "people_move_all": 0.0 }, "geometry": { "type": "Polygon", "coordinates": [ [ [ 121.388699054975248, 23.59187893179838 ], [ 121.386249568820304, 23.591885041856891 ], [ 121.386256178069033, 23.594142503907776 ], [ 121.388705706135397, 23.594136393195242 ], [ 121.388699054975248, 23.59187893179838 ] ] ] } },
{ "type": "Feature", "properties": { "gridid": "276246", "time_bucket": null, "people_move_all": 0.0 }, "geometry": { "type": "Polygon", "coordinates": [ [ [ 121.39118201433422, 23.603160080210916 ], [ 121.388732319397903, 23.603166232184108 ], [ 121.388738974697034, 23.605423690292131 ], [ 121.391188711570834, 23.605417537660674 ], [ 121.39118201433422, 23.603160080210916 ] ] ] } },
{ "type": "Feature", "properties": { "gridid": "288809", "time_bucket": null, "people_move_all": 0.0 }, "geometry": { "type": "Polygon", "coordinates": [ [ [ 121.415814283819387, 23.645987884583512 ], [ 121.413363799757448, 23.645994436294067 ], [ 121.413370891162614, 23.648251875120632 ], [ 121.415821417260545, 23.648245322710032 ], [ 121.415814283819387, 23.645987884583512 ] ] ] } },
{ "type": "Feature", "properties": { "gridid": "280250", "time_bucket": "2025-09-23T13:55:00", "people_move_all": 3.35 }, "geometry": { "type": "Polygon", "coordinates": [ [ [ 121.430421238966289, 23.616601061289046 ], [ 121.42797130628955, 23.616607835911726 ], [ 121.427978638049879, 23.61886527904101 ], [ 121.430428612694314, 23.618858503693765 ], [ 121.430421238966289, 23.616601061289046 ] ] ] } },
{ "type": "Feature", "properties": { "gridid": "281555", "time_bucket": null, "people_move_all": 0.0 }, "geometry": { "type": "Polygon", "coordinates": [ [ [ 121.401035729192742, 23.621194705684523 ], [ 121.3985857019766, 23.621201017633719 ], [ 121.398592531817783, 23.623458467818551 ], [ 121.40104260101289, 23.623452155194379 ], [ 121.401035729192742, 23.621194705684523 ] ] ] } },
{ "type": "Feature", "properties": { "gridid": "290770", "time_bucket": null, "people_move_all": 0.0 }, "geometry": { "type": "Polygon", "coordinates": [ [ [ 121.432989933216419, 23.652713235750515 ], [ 121.430539329348065, 23.65272006070353 ], [ 121.430546717757991, 23.654977492565077 ], [ 121.432997363677515, 23.654970666882971 ], [ 121.432989933216419, 23.652713235750515 ] ] ] } },
{ "type": "Feature", "properties": { "gridid": "291446", "time_bucket": null, "people_move_all": 0.0 }, "geometry": { "type": "Polygon", "coordinates": [ [ [ 121.484460705952486, 23.654818379079106 ], [ 121.482010080522514, 23.654826018257186 ], [ 121.482018353020081, 23.657083433279091 ], [ 121.484469020504918, 23.657075793285017 ], [ 121.484460705952486, 23.654818379079106 ] ] ] } },
{ "type": "Feature", "properties": { "gridid": "287513", "time_bucket": null, "people_move_all": 0.0 }, "geometry": { "type": "Polygon", "coordinates": [ [ [ 121.418250419219177, 23.641466417319585 ], [ 121.415800020100022, 23.641473006344199 ], [ 121.415807151768064, 23.643730445788712 ], [ 121.418257592912724, 23.643723856059957 ], [ 121.418250419219177, 23.641466417319585 ] ] ] } },
{ "type": "Feature", "properties": { "gridid": "297875", "time_bucket": null, "people_move_all": 0.0 }, "geometry": { "type": "Polygon", "coordinates": [ [ [ 121.435522785058865, 23.677538070237713 ], [ 121.433071719264078, 23.677544941991911 ], [ 121.43307915988683, 23.679802365868571 ], [ 121.435530267790256, 23.679795493380876 ], [ 121.435522785058865, 23.677538070237713 ] ] ] } },
{ "type": "Feature", "properties": { "gridid": "287521", "time_bucket": null, "people_move_all": 0.0 }, "geometry": { "type": "Polygon", "coordinates": [ [ [ 121.437853579478528, 23.641412311447052 ], [ 121.435403187639011, 23.64141921018232 ], [ 121.435410655508988, 23.64367664387785 ], [ 121.437861089373428, 23.643669744405351 ], [ 121.437853579478528, 23.641412311447052 ] ] ] } },
{ "type": "Feature", "properties": { "gridid": "290125", "time_bucket": null, "people_move_all": 0.0 }, "geometry": { "type": "Polygon", "coordinates": [ [ [ 121.455037517199528, 23.650392643065526 ], [ 121.452586963874936, 23.650399815859458 ], [ 121.4525947297778, 23.652657241669793 ], [ 121.455045325147751, 23.652650068109565 ], [ 121.455037517199528, 23.650392643065526 ] ] ] } },
{ "type": "Feature", "properties": { "gridid": "274242", "time_bucket": null, "people_move_all": 0.0 }, "geometry": { "type": "Polygon", "coordinates": [ [ [ 121.383813217806036, 23.596406037983101 ], [ 121.381363646183189, 23.596412072085581 ], [ 121.38137017323298, 23.59866953411683 ], [ 121.383819786777821, 23.598663499368556 ], [ 121.383813217806036, 23.596406037983101 ] ] ] } },
{ "type": "Feature", "properties": { "gridid": "292719", "time_bucket": "2025-09-23T13:55:00", "people_move_all": 3.35 }, "geometry": { "type": "Polygon", "coordinates": [ [ [ 121.413406361788518, 23.65953905938213 ], [ 121.410955624550482, 23.659545576546098 ], [ 121.4109626791778, 23.661803012113733 ], [ 121.413413458483262, 23.661796494253707 ], [ 121.413406361788518, 23.65953905938213 ] ] ] } },
{ "type": "Feature", "properties": { "gridid": "295971", "time_bucket": "2025-09-23T13:55:00", "people_move_all": 3.35 }, "geometry": { "type": "Polygon", "coordinates": [ [ [ 121.43059846231597, 23.670779497187944 ], [ 121.428147520973056, 23.670786289206788 ], [ 121.428154874637528, 23.673043716517295 ], [ 121.430605858073505, 23.673036923773306 ], [ 121.43059846231597, 23.670779497187944 ] ] ] } },
{ "type": "Feature", "properties": { "gridid": "273578", "time_bucket": null, "people_move_all": 0.0 }, "geometry": { "type": "Polygon", "coordinates": [ [ [ 121.388705706518437, 23.594136393199673 ], [ 121.386256178452086, 23.594142503912213 ], [ 121.386262788523254, 23.596399965305441 ], [ 121.388712358506268, 23.59639385393886 ], [ 121.388705706518437, 23.594136393199673 ] ] ] } },
{ "type": "Feature", "properties": { "gridid": "297253", "time_bucket": null, "people_move_all": 0.0 }, "geometry": { "type": "Polygon", "coordinates": [ [ [ 121.462476500649103, 23.675202505969683 ], [ 121.460025487467604, 23.675209803519792 ], [ 121.460033390299614, 23.677467219760501 ], [ 121.462484445583698, 23.677459921431399 ], [ 121.462476500649103, 23.675202505969683 ] ] ] } },
{ "type": "Feature", "properties": { "gridid": "282210", "time_bucket": null, "people_move_all": 0.0 }, "geometry": { "type": "Polygon", "coordinates": [ [ [ 121.393692390998837, 23.62347097699465 ], [ 121.391242319271285, 23.623477173574521 ], [ 121.391249024008971, 23.62573462510116 ], [ 121.393699137720873, 23.6257284278587 ], [ 121.393692390998837, 23.62347097699465 ] ] ] } },
{ "type": "Feature", "properties": { "gridid": "288173", "time_bucket": null, "people_move_all": 0.0 }, "geometry": { "type": "Polygon", "coordinates": [ [ [ 121.440311521543734, 23.643662806218334 ], [ 121.43786108861282, 23.643669744408527 ], [ 121.437868599441245, 23.645927176707634 ], [ 121.440319074402225, 23.645920237776039 ], [ 121.440311521543734, 23.643662806218334 ] ] ] } },
{ "type": "Feature", "properties": { "gridid": "291432", "time_bucket": "2025-09-23T13:55:00", "people_move_all": 8.8450980392156868 }, "geometry": { "type": "Polygon", "coordinates": [ [ [ 121.450151858298142, 23.65492180243357 ], [ 121.447701218952389, 23.654928899283998 ], [ 121.447708902673938, 23.657186325295516 ], [ 121.450159584075578, 23.65717922768701 ], [ 121.450151858298142, 23.65492180243357 ] ] ] } },
{ "type": "Feature", "properties": { "gridid": "292733", "time_bucket": "2025-09-23T13:55:00", "people_move_all": 3.35 }, "geometry": { "type": "Polygon", "coordinates": [ [ [ 121.44771658790981, 23.659443750629229 ], [ 121.445265863492054, 23.659450810249417 ], [ 121.445273507056967, 23.66170823569572 ], [ 121.447724273541141, 23.66170117532155 ], [ 121.44771658790981, 23.659443750629229 ] ] ] } },
{ "type": "Feature", "properties": { "gridid": "295976", "time_bucket": null, "people_move_all": 0.0 }, "geometry": { "type": "Polygon", "coordinates": [ [ [ 121.442853154760812, 23.670744955508141 ], [ 121.440402218063682, 23.670751941364085 ], [ 121.440409782192845, 23.673009365007495 ], [ 121.442860760982683, 23.673002378405712 ], [ 121.442853154760812, 23.670744955508141 ] ] ] } },
{ "type": "Feature", "properties": { "gridid": "302933", "time_bucket": null, "people_move_all": 0.0 }, "geometry": { "type": "Polygon", "coordinates": [ [ [ 121.504221554758089, 23.695389105553165 ], [ 121.501770179964026, 23.695397069915323 ], [ 121.501778808167757, 23.697654466403069 ], [ 121.504230225110149, 23.697646501191294 ], [ 121.504221554758089, 23.695389105553165 ] ] ] } },
{ "type": "Feature", "properties": { "gridid": "295980", "time_bucket": null, "people_move_all": 0.0 }, "geometry": { "type": "Polygon", "coordinates": [ [ [ 121.452656892670277, 23.670716624482068 ], [ 121.450205959783872, 23.670723765406635 ], [ 121.450213692283512, 23.67298118604187 ], [ 121.45266466726234, 23.672974044354913 ], [ 121.452656892670277, 23.670716624482068 ] ] ] } },
{ "type": "Feature", "properties": { "gridid": "288161", "time_bucket": null, "people_move_all": 0.0 }, "geometry": { "type": "Polygon", "coordinates": [ [ [ 121.410906266155507, 23.643743509126971 ], [ 121.408455822366989, 23.643749982700868 ], [ 121.408462828829045, 23.64600742357408 ], [ 121.410913314648454, 23.646000949308423 ], [ 121.410906266155507, 23.643743509126971 ] ] ] } },
{ "type": "Feature", "properties": { "gridid": "290781", "time_bucket": null, "people_move_all": 0.0 }, "geometry": { "type": "Polygon", "coordinates": [ [ [ 121.459946513714812, 23.652635604848285 ], [ 121.457495920290896, 23.652642855876138 ], [ 121.457503771259979, 23.654900279490153 ], [ 121.459954406734298, 23.654893027687706 ], [ 121.459946513714812, 23.652635604848285 ] ] ] } },
{ "type": "Feature", "properties": { "gridid": "297872", "time_bucket": null, "people_move_all": 0.0 }, "geometry": { "type": "Polygon", "coordinates": [ [ [ 121.428169584600298, 23.677558569116702 ], [ 121.425718516048775, 23.677565324531031 ], [ 121.425725830345243, 23.679822750583337 ], [ 121.428176941005589, 23.679815994447928 ], [ 121.428169584600298, 23.677558569116702 ] ] ] } },
{ "type": "Feature", "properties": { "gridid": "286856", "time_bucket": null, "people_move_all": 0.0 }, "geometry": { "type": "Polygon", "coordinates": [ [ [ 121.415792889106939, 23.639215566246655 ], [ 121.413342531121657, 23.639222115857191 ], [ 121.413349619882922, 23.641479556660606 ], [ 121.41580001988855, 23.64147300635009 ], [ 121.415792889106939, 23.639215566246655 ] ] ] } },
{ "type": "Feature", "properties": { "gridid": "275579", "time_bucket": null, "people_move_all": 0.0 }, "geometry": { "type": "Polygon", "coordinates": [ [ [ 121.391175317783393, 23.600902622111626 ], [ 121.388725664779287, 23.600908773426578 ], [ 121.388732319250494, 23.603166232192471 ], [ 121.391182014186853, 23.603160080219276 ], [ 121.391175317783393, 23.600902622111626 ] ] ] } },
{ "type": "Feature", "properties": { "gridid": "306633", "time_bucket": null, "people_move_all": 0.0 }, "geometry": { "type": "Polygon", "coordinates": [ [ [ 121.506725219391683, 23.708925461192365 ], [ 121.504273592705985, 23.708933469488667 ], [ 121.504282269518484, 23.711190861159753 ], [ 121.506733938383832, 23.711182852009529 ], [ 121.506725219391683, 23.708925461192365 ] ] ] } },
{ "type": "Feature", "properties": { "gridid": "284866", "time_bucket": "2025-09-23T13:55:00", "people_move_all": 3.35 }, "geometry": { "type": "Polygon", "coordinates": [ [ [ 121.415771501417652, 23.632443242009899 ], [ 121.413321269461989, 23.632449789520624 ], [ 121.413328355579992, 23.634707232300464 ], [ 121.415778629540313, 23.634700684089829 ], [ 121.415771501417652, 23.632443242009899 ] ] ] } },
{ "type": "Feature", "properties": { "gridid": "273584", "time_bucket": null, "people_move_all": 0.0 }, "geometry": { "type": "Polygon", "coordinates": [ [ [ 121.403402857246917, 23.594098917715911 ], [ 121.400953334224809, 23.59410526019467 ], [ 121.400960195794937, 23.596362717601654 ], [ 121.403409760733311, 23.596356374444053 ], [ 121.403402857246917, 23.594098917715911 ] ] ] } },
{ "type": "Feature", "properties": { "gridid": "306023", "time_bucket": null, "people_move_all": 0.0 }, "geometry": { "type": "Polygon", "coordinates": [ [ [ 121.506716501844238, 23.706668069689183 ], [ 121.504264917333003, 23.706676077131583 ], [ 121.504273593068547, 23.708933469463972 ], [ 121.506725219754244, 23.708925461167667 ], [ 121.506716501844238, 23.706668069689183 ] ] ] } },
{ "type": "Feature", "properties": { "gridid": "293381", "time_bucket": null, "people_move_all": 0.0 }, "geometry": { "type": "Polygon", "coordinates": [ [ [ 121.440371970991336, 23.661722240185856 ], [ 121.437921201673475, 23.661729184307958 ], [ 121.437928719972732, 23.663986611331826 ], [ 121.440379531362453, 23.663979666468126 ], [ 121.440371970991336, 23.661722240185856 ] ] ] } },
{ "type": "Feature", "properties": { "gridid": "286193", "time_bucket": null, "people_move_all": 0.0 }, "geometry": { "type": "Polygon", "coordinates": [ [ [ 121.408434808877843, 23.636977656085961 ], [ 121.405984490280062, 23.636984088878769 ], [ 121.405991452114478, 23.639241532416094 ], [ 121.408441812727588, 23.639235098935746 ], [ 121.408434808877843, 23.636977656085961 ] ] ] } },
{ "type": "Feature", "properties": { "gridid": "276912", "time_bucket": null, "people_move_all": 0.0 }, "geometry": { "type": "Polygon", "coordinates": [ [ [ 121.388738974273011, 23.60542369030637 ], [ 121.386289236571244, 23.605429804289308 ], [ 121.386295850755644, 23.607687262393569 ], [ 121.388745630400138, 23.607681147756484 ], [ 121.388738974273011, 23.60542369030637 ] ] ] } },
{ "type": "Feature", "properties": { "gridid": "294683", "time_bucket": "2025-09-23T13:55:00", "people_move_all": 3.35 }, "geometry": { "type": "Polygon", "coordinates": [ [ [ 121.445288797104652, 23.666223084689648 ], [ 121.442837945521987, 23.666230107812972 ], [ 121.442845549854255, 23.66848753203012 ], [ 121.445296443519112, 23.668480508156875 ], [ 121.445288797104652, 23.666223084689648 ] ] ] } },
{ "type": "Feature", "properties": { "gridid": "288813", "time_bucket": null, "people_move_all": 0.0 }, "geometry": { "type": "Polygon", "coordinates": [ [ [ 121.425616210958808, 23.645961290555633 ], [ 121.42316573047458, 23.645967997155292 ], [ 121.423172990023318, 23.648225433156835 ], [ 121.425623512543282, 23.648218725840568 ], [ 121.425616210958808, 23.645961290555633 ] ] ] } },
{ "type": "Feature", "properties": { "gridid": "271581", "time_bucket": "2025-09-23T13:55:00", "people_move_all": 3.35 }, "geometry": { "type": "Polygon", "coordinates": [ [ [ 121.393584557165582, 23.587351673638526 ], [ 121.391135156478043, 23.587357859619878 ], [ 121.391141847883986, 23.589615321673836 ], [ 121.393591290472401, 23.589609135030237 ], [ 121.393584557165582, 23.587351673638526 ] ] ] } },
{ "type": "Feature", "properties": { "gridid": "285531", "time_bucket": null, "people_move_all": 0.0 }, "geometry": { "type": "Polygon", "coordinates": [ [ [ 121.418228902530117, 23.634694097188969 ], [ 121.415778629456042, 23.634700684101283 ], [ 121.415785758464949, 23.636958125522426 ], [ 121.418236073548826, 23.63695153790604 ], [ 121.418228902530117, 23.634694097188969 ] ] ] } },
{ "type": "Feature", "properties": { "gridid": "298504", "time_bucket": null, "people_move_all": 0.0 }, "geometry": { "type": "Polygon", "coordinates": [ [ [ 121.428176941199169, 23.679815994485569 ], [ 121.425725830538823, 23.679822750620982 ], [ 121.425733145743834, 23.682080176013447 ], [ 121.428184298518232, 23.682073419156946 ], [ 121.428176941199169, 23.679815994485569 ] ] ] } },
{ "type": "Feature", "properties": { "gridid": "304789", "time_bucket": null, "people_move_all": 0.0 }, "geometry": { "type": "Polygon", "coordinates": [ [ [ 121.506699068757129, 23.702153284782849 ], [ 121.504247568579032, 23.702161290517537 ], [ 121.504256242160935, 23.704418684172364 ], [ 121.506707784502979, 23.704410677583834 ], [ 121.506699068757129, 23.702153284782849 ] ] ] } },
{ "type": "Feature", "properties": { "gridid": "300393", "time_bucket": null, "people_move_all": 0.0 }, "geometry": { "type": "Polygon", "coordinates": [ [ [ 121.415942821581694, 23.686621670007014 ], [ 121.413491580072147, 23.686628234322065 ], [ 121.413498687353282, 23.688885661278508 ], [ 121.415949970992926, 23.688879096262983 ], [ 121.415942821581694, 23.686621670007014 ] ] ] } },
{ "type": "Feature", "properties": { "gridid": "302304", "time_bucket": null, "people_move_all": 0.0 }, "geometry": { "type": "Polygon", "coordinates": [ [ [ 121.489504873827698, 23.693178908258265 ], [ 121.487053534828391, 23.693186638927212 ], [ 121.487061909100518, 23.695444041086525 ], [ 121.489513290243409, 23.695436309592829 ], [ 121.489504873827698, 23.693178908258265 ] ] ] } },
{ "type": "Feature", "properties": { "gridid": "288164", "time_bucket": null, "people_move_all": 0.0 }, "geometry": { "type": "Polygon", "coordinates": [ [ [ 121.418257592787356, 23.643723856096489 ], [ 121.41580715164271, 23.643730445825241 ], [ 121.415814284197282, 23.645987884610786 ], [ 121.418264767372648, 23.645981294177865 ], [ 121.418257592787356, 23.643723856096489 ] ] ] } },
{ "type": "Feature", "properties": { "gridid": "290111", "time_bucket": null, "people_move_all": 0.0 }, "geometry": { "type": "Polygon", "coordinates": [ [ [ 121.420729685038211, 23.650489537815115 ], [ 121.418279118677731, 23.650496168387011 ], [ 121.418286295938643, 23.652753604491107 ], [ 121.420736904345446, 23.652746973210842 ], [ 121.420729685038211, 23.650489537815115 ] ] ] } },
{ "type": "Feature", "properties": { "gridid": "286854", "time_bucket": "2025-09-23T13:55:00", "people_move_all": 3.35 }, "geometry": { "type": "Polygon", "coordinates": [ [ [ 121.410892172005873, 23.639228626760829 ], [ 121.408441812263462, 23.639235098951296 ], [ 121.40844881698392, 23.641492541142267 ], [ 121.410899218746749, 23.641486068260093 ], [ 121.410892172005873, 23.639228626760829 ] ] ] } },
{ "type": "Feature", "properties": { "gridid": "273575", "time_bucket": null, "people_move_all": 0.0 }, "geometry": { "type": "Polygon", "coordinates": [ [ [ 121.381357119619423, 23.594154609469818 ], [ 121.378907589101331, 23.59416060429853 ], [ 121.378914073422209, 23.596418067629067 ], [ 121.381363645857121, 23.596412072158724 ], [ 121.381357119619423, 23.594154609469818 ] ] ] } },
{ "type": "Feature", "properties": { "gridid": "287518", "time_bucket": null, "people_move_all": 0.0 }, "geometry": { "type": "Polygon", "coordinates": [ [ [ 121.430502400900622, 23.641432891521021 ], [ 121.428052006292063, 23.641439674115222 ], [ 121.428059348086833, 23.64369710999765 ], [ 121.430509784720527, 23.643690326678623 ], [ 121.430502400900622, 23.641432891521021 ] ] ] } },
{ "type": "Feature", "properties": { "gridid": "274911", "time_bucket": null, "people_move_all": 0.0 }, "geometry": { "type": "Polygon", "coordinates": [ [ [ 121.388719010612519, 23.598651314002311 ], [ 121.386269398707654, 23.598657426022942 ], [ 121.386276010423941, 23.600914886100725 ], [ 121.388725664255901, 23.600908773426021 ], [ 121.388719010612519, 23.598651314002311 ] ] ] } },
{ "type": "Feature", "properties": { "gridid": "299789", "time_bucket": null, "people_move_all": 0.0 }, "geometry": { "type": "Polygon", "coordinates": [ [ [ 121.482117703386635, 23.684172362047168 ], [ 121.479666529806806, 23.684179973044355 ], [ 121.47967477355192, 23.686437380295512 ], [ 121.482125989254669, 23.6864297684861 ], [ 121.482117703386635, 23.684172362047168 ] ] ] } },
{ "type": "Feature", "properties": { "gridid": "274903", "time_bucket": null, "people_move_all": 0.0 }, "geometry": { "type": "Polygon", "coordinates": [ [ [ 121.369122093539119, 23.598699128297454 ], [ 121.36667247519965, 23.598704931227395 ], [ 121.366678751497091, 23.600962396388994 ], [ 121.369128411764123, 23.600956592838045 ], [ 121.369122093539119, 23.598699128297454 ] ] ] } },
{ "type": "Feature", "properties": { "gridid": "294040", "time_bucket": "2025-09-23T13:55:00", "people_move_all": 3.35 }, "geometry": { "type": "Polygon", "coordinates": [ [ [ 121.459985988420826, 23.663922712458394 ], [ 121.457535184692645, 23.663929967359504 ], [ 121.457543040540941, 23.666187387674888 ], [ 121.459993886345629, 23.666180131999045 ], [ 121.459985988420826, 23.663922712458394 ] ] ] } },
{ "type": "Feature", "properties": { "gridid": "290118", "time_bucket": null, "people_move_all": 0.0 }, "geometry": { "type": "Polygon", "coordinates": [ [ [ 121.437883624682016, 23.650442039388903 ], [ 121.435433064711447, 23.650448941073275 ], [ 121.43544053629509, 23.652706372131863 ], [ 121.437891138311471, 23.652699469710154 ], [ 121.437883624682016, 23.650442039388903 ] ] ] } },
{ "type": "Feature", "properties": { "gridid": "295324", "time_bucket": "2025-09-23T13:55:00", "people_move_all": 11.624607119471397 }, "geometry": { "type": "Polygon", "coordinates": [ [ [ 121.430591067730063, 23.668522069921181 ], [ 121.428140168474997, 23.668528861214917 ], [ 121.428147521226023, 23.670786289185084 ], [ 121.430598462568938, 23.670779497166233 ], [ 121.430591067730063, 23.668522069921181 ] ] ] } },
{ "type": "Feature", "properties": { "gridid": "287509", "time_bucket": null, "people_move_all": 0.0 }, "geometry": { "type": "Polygon", "coordinates": [ [ [ 121.408448817027633, 23.641492541156182 ], [ 121.40599841439402, 23.641498975324104 ], [ 121.406005377959474, 23.643756417543809 ], [ 121.408455822618848, 23.643749982688298 ], [ 121.408448817027633, 23.641492541156182 ] ] ] } },
{ "type": "Feature", "properties": { "gridid": "299132", "time_bucket": null, "people_move_all": 0.0 }, "geometry": { "type": "Polygon", "coordinates": [ [ [ 121.420830837334705, 23.682093573364671 ], [ 121.41837968185024, 23.68210021385595 ], [ 121.418386871605506, 23.684357640727072 ], [ 121.420838069209495, 23.684350999527091 ], [ 121.420830837334705, 23.682093573364671 ] ] ] } },
{ "type": "Feature", "properties": { "gridid": "287510", "time_bucket": null, "people_move_all": 0.0 }, "geometry": { "type": "Polygon", "coordinates": [ [ [ 121.410899218579388, 23.641486068243886 ], [ 121.408448816816545, 23.641492541126063 ], [ 121.40845582240776, 23.643749982658179 ], [ 121.410906266196264, 23.643743509084281 ], [ 121.410899218579388, 23.641486068243886 ] ] ] } },
{ "type": "Feature", "properties": { "gridid": "286852", "time_bucket": null, "people_move_all": 0.0 }, "geometry": { "type": "Polygon", "coordinates": [ [ [ 121.405991451894494, 23.639241532483393 ], [ 121.403541090415899, 23.639247927253578 ], [ 121.403548011095239, 23.641505370815555 ], [ 121.405998414594421, 23.641498975361941 ], [ 121.405991451894494, 23.639241532483393 ] ] ] } },
{ "type": "Feature", "properties": { "gridid": "302307", "time_bucket": null, "people_move_all": 0.0 }, "geometry": { "type": "Polygon", "coordinates": [ [ [ 121.496858884037152, 23.693155483393653 ], [ 121.494407548188491, 23.693163330484712 ], [ 121.494416048891168, 23.695420730157366 ], [ 121.496867426883185, 23.695412882229142 ], [ 121.496858884037152, 23.693155483393653 ] ] ] } },
{ "type": "Feature", "properties": { "gridid": "293388", "time_bucket": "2025-09-23T13:55:00", "people_move_all": 3.35 }, "geometry": { "type": "Polygon", "coordinates": [ [ [ 121.457527329398104, 23.661672546405189 ], [ 121.455076566765328, 23.661679761781262 ], [ 121.45508437956623, 23.66393718352704 ], [ 121.457535184270398, 23.663929967380401 ], [ 121.457527329398104, 23.661672546405189 ] ] ] } },
{ "type": "Feature", "properties": { "gridid": "294032", "time_bucket": "2025-09-23T13:55:00", "people_move_all": 3.35 }, "geometry": { "type": "Polygon", "coordinates": [ [ [ 121.440379531558875, 23.66397966654435 ], [ 121.437928720169126, 23.663986611408049 ], [ 121.437936239402546, 23.666244037772305 ], [ 121.4403870928694, 23.666237092166977 ], [ 121.440379531558875, 23.66397966654435 ] ] ] } },
{ "type": "Feature", "properties": { "gridid": "272911", "time_bucket": "2025-09-23T13:55:00", "people_move_all": 3.35 }, "geometry": { "type": "Polygon", "coordinates": [ [ [ 121.391148540605741, 23.591872783114574 ], [ 121.388699055278394, 23.591878931796799 ], [ 121.388705706438571, 23.594136393193661 ], [ 121.391155233677281, 23.594130243853286 ], [ 121.391148540605741, 23.591872783114574 ] ] ] } },
{ "type": "Feature", "properties": { "gridid": "294688", "time_bucket": null, "people_move_all": 0.0 }, "geometry": { "type": "Polygon", "coordinates": [ [ [ 121.457543040498649, 23.666187387693391 ], [ 121.455092193717903, 23.666194604610631 ], [ 121.45510000846042, 23.668452025036771 ], [ 121.457550897323003, 23.668444807348912 ], [ 121.457543040498649, 23.666187387693391 ] ] ] } },
{ "type": "Feature", "properties": { "gridid": "295970", "time_bucket": "2025-09-23T13:55:00", "people_move_all": 12.796901013191079 }, "geometry": { "type": "Polygon", "coordinates": [ [ [ 121.428147520819223, 23.670786289210199 ], [ 121.425696578562849, 23.670793042461447 ], [ 121.425703890134159, 23.673050470492953 ], [ 121.428154874483695, 23.673043716520702 ], [ 121.428147520819223, 23.670786289210199 ] ] ] } },
{ "type": "Feature", "properties": { "gridid": "295329", "time_bucket": null, "people_move_all": 0.0 }, "geometry": { "type": "Polygon", "coordinates": [ [ [ 121.442845549188192, 23.668487531951662 ], [ 121.440394654578569, 23.668494517061795 ], [ 121.440402217768096, 23.670751941364991 ], [ 121.442853154465226, 23.670744955509047 ], [ 121.442845549188192, 23.668487531951662 ] ] ] } },
{ "type": "Feature", "properties": { "gridid": "301686", "time_bucket": null, "people_move_all": 0.0 }, "geometry": { "type": "Polygon", "coordinates": [ [ [ 121.504204216691406, 23.690874312342814 ], [ 121.501752926178312, 23.690882275005819 ], [ 121.501761552239671, 23.693139672815473 ], [ 121.504212884890634, 23.693131709302907 ], [ 121.504204216691406, 23.690874312342814 ] ] ] } },
{ "type": "Feature", "properties": { "gridid": "290115", "time_bucket": null, "people_move_all": 0.0 }, "geometry": { "type": "Polygon", "coordinates": [ [ [ 121.430531942135858, 23.650462628187547 ], [ 121.428081379395422, 23.650469413681211 ], [ 121.42808872484116, 23.652726846926992 ], [ 121.430539329627649, 23.6527200607084 ], [ 121.430531942135858, 23.650462628187547 ] ] ] } },
{ "type": "Feature", "properties": { "gridid": "288162", "time_bucket": null, "people_move_all": 0.0 }, "geometry": { "type": "Polygon", "coordinates": [ [ [ 121.413356709702043, 23.643736996814702 ], [ 121.410906266789581, 23.643743509106947 ], [ 121.410913315282556, 23.64600094928841 ], [ 121.413363800225852, 23.645994436300271 ], [ 121.413356709702043, 23.643736996814702 ] ] ] } },
{ "type": "Feature", "properties": { "gridid": "282215", "time_bucket": null, "people_move_all": 0.0 }, "geometry": { "type": "Polygon", "coordinates": [ [ [ 121.405942736914923, 23.623439413873559 ], [ 121.403492669434243, 23.623445803860328 ], [ 121.403499584093069, 23.625703252032643 ], [ 121.405949693557773, 23.625696861362592 ], [ 121.405942736914923, 23.623439413873559 ] ] ] } },
{ "type": "Feature", "properties": { "gridid": "287522", "time_bucket": null, "people_move_all": 0.0 }, "geometry": { "type": "Polygon", "coordinates": [ [ [ 121.440303969999363, 23.641405374059936 ], [ 121.437853579093328, 23.641412311508766 ], [ 121.437861088988228, 23.643669744467058 ], [ 121.440311521919114, 23.643662806276854 ], [ 121.440303969999363, 23.641405374059936 ] ] ] } },
{ "type": "Feature", "properties": { "gridid": "276240", "time_bucket": null, "people_move_all": 0.0 }, "geometry": { "type": "Polygon", "coordinates": [ [ [ 121.376483832591788, 23.603196412406838 ], [ 121.374034132766184, 23.603202332513018 ], [ 121.374040536439324, 23.605459794483764 ], [ 121.376490278202752, 23.605453873744139 ], [ 121.376483832591788, 23.603196412406838 ] ] ] } },
{ "type": "Feature", "properties": { "gridid": "288178", "time_bucket": null, "people_move_all": 0.0 }, "geometry": { "type": "Polygon", "coordinates": [ [ [ 121.452563672095977, 23.643627534503889 ], [ 121.450113243911076, 23.643634666281727 ], [ 121.450120964889166, 23.645892094832458 ], [ 121.452571435103792, 23.645884962292534 ], [ 121.452563672095977, 23.643627534503889 ] ] ] } },
{ "type": "Feature", "properties": { "gridid": "303556", "time_bucket": null, "people_move_all": 0.0 }, "geometry": { "type": "Polygon", "coordinates": [ [ [ 121.506681640680284, 23.697638497176555 ], [ 121.504230224814393, 23.697646501203646 ], [ 121.504238896242967, 23.699903896180722 ], [ 121.506690354262361, 23.69989589129985 ], [ 121.506681640680284, 23.697638497176555 ] ] ] } },
{ "type": "Feature", "properties": { "gridid": "292069", "time_bucket": null, "people_move_all": 0.0 }, "geometry": { "type": "Polygon", "coordinates": [ [ [ 121.41584995972508, 23.65727506867853 ], [ 121.413399265430911, 23.657281623889574 ], [ 121.413406361243901, 23.659539059420435 ], [ 121.415857097600167, 23.659532503509233 ], [ 121.41584995972508, 23.65727506867853 ] ] ] } },
{ "type": "Feature", "properties": { "gridid": "284862", "time_bucket": null, "people_move_all": 0.0 }, "geometry": { "type": "Polygon", "coordinates": [ [ [ 121.405970569173491, 23.632469199921957 ], [ 121.403520333725325, 23.632475592641978 ], [ 121.403527251824059, 23.634733038180098 ], [ 121.405977529277152, 23.634726644776713 ], [ 121.405970569173491, 23.632469199921957 ] ] ] } },
{ "type": "Feature", "properties": { "gridid": "287540", "time_bucket": null, "people_move_all": 0.0 }, "geometry": { "type": "Polygon", "coordinates": [ [ [ 121.484410840933862, 23.641273879950614 ], [ 121.481960467723297, 23.641281514233231 ], [ 121.481968734054362, 23.643538933213787 ], [ 121.484419149288442, 23.643531298115324 ], [ 121.484410840933862, 23.641273879950614 ] ] ] } },
{ "type": "Feature", "properties": { "gridid": "290133", "time_bucket": null, "people_move_all": 0.0 }, "geometry": { "type": "Polygon", "coordinates": [ [ [ 121.474641909065028, 23.650333866479052 ], [ 121.472191363649245, 23.65034134910881 ], [ 121.47219946591261, 23.652598768672892 ], [ 121.474650053373082, 23.652591285243727 ], [ 121.474641909065028, 23.650333866479052 ] ] ] } },
{ "type": "Feature", "properties": { "gridid": "297255", "time_bucket": null, "people_move_all": 0.0 }, "geometry": { "type": "Polygon", "coordinates": [ [ [ 121.46737852455712, 23.67518779457783 ], [ 121.464927513354496, 23.675195169677945 ], [ 121.464935500391633, 23.677452584356519 ], [ 121.467386553696699, 23.67744520846912 ], [ 121.46737852455712, 23.67518779457783 ] ] ] } },
{ "type": "Feature", "properties": { "gridid": "295316", "time_bucket": null, "people_move_all": 0.0 }, "geometry": { "type": "Polygon", "coordinates": [ [ [ 121.41098384766299, 23.668575314841529 ], [ 121.408532941247088, 23.66858179602599 ], [ 121.408539957292845, 23.670839229648109 ], [ 121.410990905797092, 23.670832747771644 ], [ 121.41098384766299, 23.668575314841529 ] ] ] } },
{ "type": "Feature", "properties": { "gridid": "298508", "time_bucket": null, "people_move_all": 0.0 }, "geometry": { "type": "Polygon", "coordinates": [ [ [ 121.437981374128142, 23.67978858207622 ], [ 121.435530267154192, 23.679795493347886 ], [ 121.435537750814987, 23.682052915831122 ], [ 121.437988899902749, 23.682046003821799 ], [ 121.437981374128142, 23.67978858207622 ] ] ] } },
{ "type": "Feature", "properties": { "gridid": "297249", "time_bucket": null, "people_move_all": 0.0 }, "geometry": { "type": "Polygon", "coordinates": [ [ [ 121.452672442802069, 23.675231463578594 ], [ 121.450221425725573, 23.675238606027968 ], [ 121.450229160146463, 23.677496025343274 ], [ 121.452680219325856, 23.677488882131463 ], [ 121.452672442802069, 23.675231463578594 ] ] ] } },
{ "type": "Feature", "properties": { "gridid": "298503", "time_bucket": null, "people_move_all": 0.0 }, "geometry": { "type": "Polygon", "coordinates": [ [ [ 121.425725830710476, 23.679822750618165 ], [ 121.423274719141602, 23.679829467969363 ], [ 121.423281992232461, 23.682086894078783 ], [ 121.425733145915459, 23.682080176010626 ], [ 121.425725830710476, 23.679822750618165 ] ] ] } },
{ "type": "Feature", "properties": { "gridid": "287539", "time_bucket": null, "people_move_all": 0.0 }, "geometry": { "type": "Polygon", "coordinates": [ [ [ 121.481960467459416, 23.641281514299937 ], [ 121.479510093221364, 23.641289109870101 ], [ 121.479518317528829, 23.643546529662359 ], [ 121.481968733790453, 23.643538933280496 ], [ 121.481960467459416, 23.641281514299937 ] ] ] } },
{ "type": "Feature", "properties": { "gridid": "297251", "time_bucket": null, "people_move_all": 0.0 }, "geometry": { "type": "Polygon", "coordinates": [ [ [ 121.457574473730745, 23.67521706226994 ], [ 121.455123458591288, 23.675224282269802 ], [ 121.455131277217902, 23.677481700056095 ], [ 121.457582334460085, 23.677474479285511 ], [ 121.457574473730745, 23.67521706226994 ] ] ] } },
{ "type": "Feature", "properties": { "gridid": "293367", "time_bucket": null, "people_move_all": 0.0 }, "geometry": { "type": "Polygon", "coordinates": [ [ [ 121.406061117798785, 23.661815931555676 ], [ 121.403610335879193, 23.661822333161208 ], [ 121.403617265164812, 23.664079770132929 ], [ 121.40606808915723, 23.664073367843731 ], [ 121.406061117798785, 23.661815931555676 ] ] ] } },
{ "type": "Feature", "properties": { "gridid": "282217", "time_bucket": null, "people_move_all": 0.0 }, "geometry": { "type": "Polygon", "coordinates": [ [ [ 121.41084286906333, 23.623426517879778 ], [ 121.408392803317923, 23.623432985228927 ], [ 121.408399801944739, 23.625690432030559 ], [ 121.410849909674056, 23.625683963989857 ], [ 121.41084286906333, 23.623426517879778 ] ] ] } },
{ "type": "Feature", "properties": { "gridid": "295328", "time_bucket": null, "people_move_all": 0.0 }, "geometry": { "type": "Polygon", "coordinates": [ [ [ 121.440394654701691, 23.668494517061372 ], [ 121.437943759152532, 23.66850146340834 ], [ 121.437951280254495, 23.670758888453211 ], [ 121.440402217891247, 23.670751941364568 ], [ 121.440394654701691, 23.668494517061372 ] ] ] } },
{ "type": "Feature", "properties": { "gridid": "274247", "time_bucket": null, "people_move_all": 0.0 }, "geometry": { "type": "Polygon", "coordinates": [ [ [ 121.396061062932105, 23.596375288043518 ], [ 121.393611495447942, 23.59638151530584 ], [ 121.393618232107045, 23.598638974066787 ], [ 121.396067841512888, 23.598632746138005 ], [ 121.396061062932105, 23.596375288043518 ] ] ] } },
{ "type": "Feature", "properties": { "gridid": "282881", "time_bucket": null, "people_move_all": 0.0 }, "geometry": { "type": "Polygon", "coordinates": [ [ [ 121.425550537986283, 23.625644343319397 ], [ 121.423100435588481, 23.625651043470725 ], [ 121.423107687019382, 23.627908485402372 ], [ 121.425557831405897, 23.62790178453465 ], [ 121.425550537986283, 23.625644343319397 ] ] ] } },
{ "type": "Feature", "properties": { "gridid": "287515", "time_bucket": null, "people_move_all": 0.0 }, "geometry": { "type": "Polygon", "coordinates": [ [ [ 121.42315121429948, 23.641453123213871 ], [ 121.420700816968875, 23.641459789666484 ], [ 121.420708032687841, 23.643717227698581 ], [ 121.423158472043781, 23.643710560533545 ], [ 121.42315121429948, 23.641453123213871 ] ] ] } },
{ "type": "Feature", "properties": { "gridid": "275590", "time_bucket": null, "people_move_all": 0.0 }, "geometry": { "type": "Polygon", "coordinates": [ [ [ 121.418121444432671, 23.600832407437512 ], [ 121.415671800879309, 23.600838983791554 ], [ 121.415678916601578, 23.603096435089409 ], [ 121.418128602086469, 23.603089858031638 ], [ 121.418121444432671, 23.600832407437512 ] ] ] } },
{ "type": "Feature", "properties": { "gridid": "292725", "time_bucket": null, "people_move_all": 0.0 }, "geometry": { "type": "Polygon", "coordinates": [ [ [ 121.428110765902389, 23.659499142766254 ], [ 121.425660034033328, 23.659505892412845 ], [ 121.425667341064127, 23.661763323742079 ], [ 121.428118115000203, 23.661756573374603 ], [ 121.428110765902389, 23.659499142766254 ] ] ] } },
{ "type": "Feature", "properties": { "gridid": "289474", "time_bucket": null, "people_move_all": 0.0 }, "geometry": { "type": "Polygon", "coordinates": [ [ [ 121.452579199165896, 23.648142389400149 ], [ 121.450128686916358, 23.648149522702184 ], [ 121.450136409813993, 23.65040694993414 ], [ 121.452586964103702, 23.650399815869971 ], [ 121.452579199165896, 23.648142389400149 ] ] ] } },
{ "type": "Feature", "properties": { "gridid": "292731", "time_bucket": null, "people_move_all": 0.0 }, "geometry": { "type": "Polygon", "coordinates": [ [ [ 121.442815137923418, 23.659457831125891 ], [ 121.440364411611498, 23.659464813253031 ], [ 121.440371971043319, 23.661722240194894 ], [ 121.4428227394218, 23.661715257322044 ], [ 121.442815137923418, 23.659457831125891 ] ] ] } },
{ "type": "Feature", "properties": { "gridid": "288814", "time_bucket": null, "people_move_all": 0.0 }, "geometry": { "type": "Polygon", "coordinates": [ [ [ 121.428066690487242, 23.645954545253904 ], [ 121.425616210910462, 23.645961290575698 ], [ 121.425623512494937, 23.648218725860637 ], [ 121.428074034107354, 23.648211979818104 ], [ 121.428066690487242, 23.645954545253904 ] ] ] } },
{ "type": "Feature", "properties": { "gridid": "290803", "time_bucket": null, "people_move_all": 0.0 }, "geometry": { "type": "Polygon", "coordinates": [ [ [ 121.51385931177704, 23.652466282706303 ], [ 121.511408741138723, 23.65247438586087 ], [ 121.511417517198652, 23.65473179147785 ], [ 121.513868129885637, 23.654723687457658 ], [ 121.51385931177704, 23.652466282706303 ] ] ] } },
{ "type": "Feature", "properties": { "gridid": "287517", "time_bucket": "2025-09-23T13:55:00", "people_move_all": 6.7 }, "geometry": { "type": "Polygon", "coordinates": [ [ [ 121.428052006369498, 23.641439674116555 ], [ 121.425601610848361, 23.641446417996946 ], [ 121.42560891061791, 23.643703854600073 ], [ 121.428059348164268, 23.643697109998985 ], [ 121.428052006369498, 23.641439674116555 ] ] ] } },
{ "type": "Feature", "properties": { "gridid": "286883", "time_bucket": null, "people_move_all": 0.0 }, "geometry": { "type": "Polygon", "coordinates": [ [ [ 121.481952201962642, 23.639024094676508 ], [ 121.479501869742975, 23.639031689434994 ], [ 121.479510093028168, 23.641289109886827 ], [ 121.481960467266219, 23.64128151431667 ], [ 121.481952201962642, 23.639024094676508 ] ] ] } },
{ "type": "Feature", "properties": { "gridid": "289471", "time_bucket": null, "people_move_all": 0.0 }, "geometry": { "type": "Polygon", "coordinates": [ [ [ 121.445227659658201, 23.648163673154841 ], [ 121.442777144544934, 23.648170690279649 ], [ 121.442784741321617, 23.650428119773199 ], [ 121.445235298475282, 23.650421101898655 ], [ 121.445227659658201, 23.648163673154841 ] ] ] } },
{ "type": "Feature", "properties": { "gridid": "297248", "time_bucket": null, "people_move_all": 0.0 }, "geometry": { "type": "Polygon", "coordinates": [ [ [ 121.450221425333865, 23.67523860598607 ], [ 121.447770407296701, 23.6752457096601 ], [ 121.447778099614638, 23.677503129733715 ], [ 121.450229159754755, 23.677496025301387 ], [ 121.450221425333865, 23.67523860598607 ] ] ] } },
{ "type": "Feature", "properties": { "gridid": "285542", "time_bucket": null, "people_move_all": 0.0 }, "geometry": { "type": "Polygon", "coordinates": [ [ [ 121.445181846431552, 23.634619086829204 ], [ 121.442731583450907, 23.634626099456192 ], [ 121.442739174563926, 23.636883532905021 ], [ 121.445189479553648, 23.636876519528471 ], [ 121.445181846431552, 23.634619086829204 ] ] ] } },
{ "type": "Feature", "properties": { "gridid": "295982", "time_bucket": null, "people_move_all": 0.0 }, "geometry": { "type": "Polygon", "coordinates": [ [ [ 121.457558755609526, 23.670702226281641 ], [ 121.455107824659891, 23.670709444740151 ], [ 121.455115641344292, 23.672966863846451 ], [ 121.457566614386238, 23.672959644617272 ], [ 121.457558755609526, 23.670702226281641 ] ] ] } },
{ "type": "Feature", "properties": { "gridid": "287511", "time_bucket": null, "people_move_all": 0.0 }, "geometry": { "type": "Polygon", "coordinates": [ [ [ 121.413349619128567, 23.641479556733699 ], [ 121.410899218241724, 23.641486068330064 ], [ 121.410906265858628, 23.643743509170449 ], [ 121.413356708771076, 23.643736996878214 ], [ 121.413349619128567, 23.641479556733699 ] ] ] } },
{ "type": "Feature", "properties": { "gridid": "288805", "time_bucket": null, "people_move_all": 0.0 }, "geometry": { "type": "Polygon", "coordinates": [ [ [ 121.406012342638704, 23.64601385914494 ], [ 121.403561855082671, 23.646020255965485 ], [ 121.4035687783432, 23.648277697550892 ], [ 121.406019307935495, 23.648271300046844 ], [ 121.406012342638704, 23.64601385914494 ] ] ] } },
{ "type": "Feature", "properties": { "gridid": "295977", "time_bucket": "2025-09-23T13:55:00", "people_move_all": 3.35 }, "geometry": { "type": "Polygon", "coordinates": [ [ [ 121.445304090242061, 23.670737930898476 ], [ 121.442853154489782, 23.670744955521659 ], [ 121.442860760711653, 23.673002378419227 ], [ 121.445311738556583, 23.672995353046076 ], [ 121.445304090242061, 23.670737930898476 ] ] ] } },
{ "type": "Feature", "properties": { "gridid": "294039", "time_bucket": null, "people_move_all": 0.0 }, "geometry": { "type": "Polygon", "coordinates": [ [ [ 121.457535184947062, 23.663929967349283 ], [ 121.455084380242923, 23.663937183495939 ], [ 121.455092194014611, 23.666194604581914 ], [ 121.457543040795358, 23.666187387664674 ], [ 121.457535184947062, 23.663929967349283 ] ] ] } },
{ "type": "Feature", "properties": { "gridid": "304787", "time_bucket": "2025-09-23T13:55:00", "people_move_all": 6.6782945736434112 }, "geometry": { "type": "Polygon", "coordinates": [ [ [ 121.501796067995244, 23.702169257456763 ], [ 121.499344565668977, 23.702177185544201 ], [ 121.499353154922716, 23.70443458089429 ], [ 121.501804699413114, 23.704426651961292 ], [ 121.501796067995244, 23.702169257456763 ] ] ] } },
{ "type": "Feature", "properties": { "gridid": "280925", "time_bucket": null, "people_move_all": 0.0 }, "geometry": { "type": "Polygon", "coordinates": [ [ [ 121.467178119547754, 23.618752232882905 ], [ 121.464728159207795, 23.618759588309604 ], [ 121.464736121466302, 23.621017019477272 ], [ 121.467186123778092, 23.621009663263944 ], [ 121.467178119547754, 23.618752232882905 ] ] ] } },
{ "type": "Feature", "properties": { "gridid": "302927", "time_bucket": null, "people_move_all": 0.0 }, "geometry": { "type": "Polygon", "coordinates": [ [ [ 121.489513289378266, 23.695436309575776 ], [ 121.487061908235361, 23.695444041069464 ], [ 121.487070283547311, 23.697701442567972 ], [ 121.489521706839028, 23.697693710249506 ], [ 121.489513289378266, 23.695436309575776 ] ] ] } },
{ "type": "Feature", "properties": { "gridid": "291427", "time_bucket": null, "people_move_all": 0.0 }, "geometry": { "type": "Polygon", "coordinates": [ [ [ 121.437898652799191, 23.654956899309905 ], [ 121.435448008731768, 23.654963802468973 ], [ 121.435455482172642, 23.657221232208805 ], [ 121.437906168296365, 23.657214328312349 ], [ 121.437898652799191, 23.654956899309905 ] ] ] } },
{ "type": "Feature", "properties": { "gridid": "272243", "time_bucket": "2025-09-23T13:55:00", "people_move_all": 3.35 }, "geometry": { "type": "Polygon", "coordinates": [ [ [ 121.38624296079891, 23.589627579080933 ], [ 121.383793515727874, 23.589633649865831 ], [ 121.383800082247944, 23.591891113224179 ], [ 121.386249569225257, 23.591885041789414 ], [ 121.38624296079891, 23.589627579080933 ] ] ] } },
{ "type": "Feature", "properties": { "gridid": "292070", "time_bucket": null, "people_move_all": 0.0 }, "geometry": { "type": "Polygon", "coordinates": [ [ [ 121.418300653250569, 23.657268474658135 ], [ 121.415849959843314, 23.657275068612226 ], [ 121.415857097718401, 23.659532503442925 ], [ 121.418307833187697, 23.65952590878452 ], [ 121.418300653250569, 23.657268474658135 ] ] ] } },
{ "type": "Feature", "properties": { "gridid": "277579", "time_bucket": null, "people_move_all": 0.0 }, "geometry": { "type": "Polygon", "coordinates": [ [ [ 121.39119540944364, 23.60767499440955 ], [ 121.388745630627213, 23.607681147699289 ], [ 121.388752287582378, 23.609938604491436 ], [ 121.391202108346718, 23.609932450543397 ], [ 121.39119540944364, 23.60767499440955 ] ] ] } },
{ "type": "Feature", "properties": { "gridid": "295964", "time_bucket": null, "people_move_all": 0.0 }, "geometry": { "type": "Polygon", "coordinates": [ [ [ 121.413441853784818, 23.670826227187806 ], [ 121.410990906157409, 23.670832747832268 ], [ 121.410997965168406, 23.673090180102879 ], [ 121.413448954889361, 23.673083658762245 ], [ 121.413441853784818, 23.670826227187806 ] ] ] } },
{ "type": "Feature", "properties": { "gridid": "302302", "time_bucket": null, "people_move_all": 0.0 }, "geometry": { "type": "Polygon", "coordinates": [ [ [ 121.484602194008502, 23.693194330745179 ], [ 121.48215085293495, 23.693201983799046 ], [ 121.482159142919642, 23.695459387595438 ], [ 121.484610526136962, 23.695451733725111 ], [ 121.484602194008502, 23.693194330745179 ] ] ] } },
{ "type": "Feature", "properties": { "gridid": "296622", "time_bucket": null, "people_move_all": 0.0 }, "geometry": { "type": "Polygon", "coordinates": [ [ [ 121.469821464458676, 23.672922966951187 ], [ 121.467370496350455, 23.672930380034813 ], [ 121.467378524492773, 23.675187794586272 ], [ 121.469829534698093, 23.675180380711254 ], [ 121.469821464458676, 23.672922966951187 ] ] ] } },
{ "type": "Feature", "properties": { "gridid": "295343", "time_bucket": null, "people_move_all": 0.0 }, "geometry": { "type": "Polygon", "coordinates": [ [ [ 121.477157972728023, 23.66838567033626 ], [ 121.474707091820946, 23.668393198124281 ], [ 121.474715244228733, 23.670650611609496 ], [ 121.477166167222279, 23.670643083017726 ], [ 121.477157972728023, 23.66838567033626 ] ] ] } },
{ "type": "Feature", "properties": { "gridid": "296614", "time_bucket": null, "people_move_all": 0.0 }, "geometry": { "type": "Polygon", "coordinates": [ [ [ 121.450213691764034, 23.672981186035756 ], [ 121.447762715824624, 23.672988288951501 ], [ 121.447770407187093, 23.675245709685072 ], [ 121.450221425224271, 23.675238606011042 ], [ 121.450213691764034, 23.672981186035756 ] ] ] } },
{ "type": "Feature", "properties": { "gridid": "289489", "time_bucket": null, "people_move_all": 0.0 }, "geometry": { "type": "Polygon", "coordinates": [ [ [ 121.489336764356949, 23.648030742910116 ], [ 121.486886267131311, 23.648038457089864 ], [ 121.486894620623545, 23.650295872455331 ], [ 121.489345159888217, 23.650288157451378 ], [ 121.489336764356949, 23.648030742910116 ] ] ] } },
{ "type": "Feature", "properties": { "gridid": "286198", "time_bucket": null, "people_move_all": 0.0 }, "geometry": { "type": "Polygon", "coordinates": [ [ [ 121.420686388637293, 23.636944911566033 ], [ 121.418236074444948, 23.636951537888191 ], [ 121.418243246355232, 23.63920897794641 ], [ 121.420693602562523, 23.639202350916019 ], [ 121.420686388637293, 23.636944911566033 ] ] ] } },
{ "type": "Feature", "properties": { "gridid": "290768", "time_bucket": null, "people_move_all": 0.0 }, "geometry": { "type": "Polygon", "coordinates": [ [ [ 121.428088724183212, 23.652726846960025 ], [ 121.425638118483818, 23.652733594444111 ], [ 121.425645422791149, 23.654991027751418 ], [ 121.428096070541855, 23.654984279546518 ], [ 121.428088724183212, 23.652726846960025 ] ] ] } },
{ "type": "Feature", "properties": { "gridid": "300395", "time_bucket": null, "people_move_all": 0.0 }, "geometry": { "type": "Polygon", "coordinates": [ [ [ 121.420845301561258, 23.686608425014814 ], [ 121.418394061832515, 23.686615066923519 ], [ 121.418401253373787, 23.688872492474875 ], [ 121.420852535232456, 23.688865849857415 ], [ 121.420845301561258, 23.686608425014814 ] ] ] } },
{ "type": "Feature", "properties": { "gridid": "307247", "time_bucket": null, "people_move_all": 0.0 }, "geometry": { "type": "Polygon", "coordinates": [ [ [ 121.509185606308122, 23.711174804003523 ], [ 121.506733938525031, 23.711182851993843 ], [ 121.506742658599464, 23.713440242149638 ], [ 121.509194368567378, 23.713432193301216 ], [ 121.509185606308122, 23.711174804003523 ] ] ] } },
{ "type": "Feature", "properties": { "gridid": "294680", "time_bucket": null, "people_move_all": 0.0 }, "geometry": { "type": "Polygon", "coordinates": [ [ [ 121.437936239637324, 23.666244037712595 ], [ 121.43548538523622, 23.66625094455884 ], [ 121.435492863321485, 23.668508371000929 ], [ 121.43794375980498, 23.668501463417183 ], [ 121.437936239637324, 23.666244037712595 ] ] ] } },
{ "type": "Feature", "properties": { "gridid": "282874", "time_bucket": null, "people_move_all": 0.0 }, "geometry": { "type": "Polygon", "coordinates": [ [ [ 121.408399802048521, 23.625690431960646 ], [ 121.405949693448903, 23.625696861316047 ], [ 121.405956650956838, 23.627954308146574 ], [ 121.408406801545667, 23.627947878103743 ], [ 121.408399802048521, 23.625690431960646 ] ] ] } },
{ "type": "Feature", "properties": { "gridid": "299156", "time_bucket": null, "people_move_all": 0.0 }, "geometry": { "type": "Polygon", "coordinates": [ [ [ 121.479658287411638, 23.681922565111964 ], [ 121.477207154925836, 23.681930136509962 ], [ 121.477215355529481, 23.684187545229658 ], [ 121.479666530133045, 23.684179973023603 ], [ 121.479658287411638, 23.681922565111964 ] ] ] } },
{ "type": "Feature", "properties": { "gridid": "292732", "time_bucket": "2025-09-23T13:55:00", "people_move_all": 3.35 }, "geometry": { "type": "Polygon", "coordinates": [ [ [ 121.445265863417916, 23.659450810326515 ], [ 121.442815138050463, 23.659457831200204 ], [ 121.442822739548845, 23.661715257396366 ], [ 121.445273506982815, 23.661708235772821 ], [ 121.445265863417916, 23.659450810326515 ] ] ] } },
{ "type": "Feature", "properties": { "gridid": "291431", "time_bucket": null, "people_move_all": 0.0 }, "geometry": { "type": "Polygon", "coordinates": [ [ [ 121.447701219803506, 23.654928899324641 ], [ 121.445250579502968, 23.65493595743693 ], [ 121.44525822116853, 23.657193384202383 ], [ 121.447708903525054, 23.657186325336156 ], [ 121.447701219803506, 23.654928899324641 ] ] ] } },
{ "type": "Feature", "properties": { "gridid": "295331", "time_bucket": null, "people_move_all": 0.0 }, "geometry": { "type": "Polygon", "coordinates": [ [ [ 121.447747336153355, 23.66847344543854 ], [ 121.44529644343848, 23.668480508074829 ], [ 121.445304090802964, 23.670737930882268 ], [ 121.447755025605176, 23.670730867491894 ], [ 121.447747336153355, 23.66847344543854 ] ] ] } },
{ "type": "Feature", "properties": { "gridid": "294035", "time_bucket": null, "people_move_all": 0.0 }, "geometry": { "type": "Polygon", "coordinates": [ [ [ 121.447731960026431, 23.663958599433862 ], [ 121.445281151470581, 23.663965660562045 ], [ 121.445288796935117, 23.666223084689008 ], [ 121.447739647567872, 23.66621602280679 ], [ 121.447731960026431, 23.663958599433862 ] ] ] } },
{ "type": "Feature", "properties": { "gridid": "285543", "time_bucket": null, "people_move_all": 0.0 }, "geometry": { "type": "Polygon", "coordinates": [ [ [ 121.447632108952604, 23.634612035554543 ], [ 121.44518184692086, 23.634619086882513 ], [ 121.445189480042913, 23.636876519581772 ], [ 121.447639784083634, 23.636869467500091 ], [ 121.447632108952604, 23.634612035554543 ] ] ] } },
{ "type": "Feature", "properties": { "gridid": "288832", "time_bucket": null, "people_move_all": 0.0 }, "geometry": { "type": "Polygon", "coordinates": [ [ [ 121.472175161558127, 23.645826507981635 ], [ 121.469724699209408, 23.645833950291681 ], [ 121.46973275742468, 23.648091371970306 ], [ 121.472183261807771, 23.648083928865042 ], [ 121.472175161558127, 23.645826507981635 ] ] ] } },
{ "type": "Feature", "properties": { "gridid": "293370", "time_bucket": "2025-09-23T13:55:00", "people_move_all": 3.35 }, "geometry": { "type": "Polygon", "coordinates": [ [ [ 121.413413458382593, 23.661796494263243 ], [ 121.410962679077144, 23.661803012123258 ], [ 121.410969734581087, 23.664060447031588 ], [ 121.413420555959163, 23.664053928475489 ], [ 121.413413458382593, 23.661796494263243 ] ] ] } },
{ "type": "Feature", "properties": { "gridid": "280237", "time_bucket": "2025-09-23T13:55:00", "people_move_all": 12.563501483679525 }, "geometry": { "type": "Polygon", "coordinates": [ [ [ 121.39857204448235, 23.616686115300251 ], [ 121.396122100359264, 23.616692387230565 ], [ 121.396128886533347, 23.618949839402823 ], [ 121.398578872625009, 23.618943566801704 ], [ 121.39857204448235, 23.616686115300251 ] ] ] } },
{ "type": "Feature", "properties": { "gridid": "276245", "time_bucket": null, "people_move_all": 0.0 }, "geometry": { "type": "Polygon", "coordinates": [ [ [ 121.388732319716951, 23.603166232204991 ], [ 121.386282623952681, 23.603172345533821 ], [ 121.38628923731433, 23.605429804295966 ], [ 121.388738975016082, 23.605423690313014 ], [ 121.388732319716951, 23.603166232204991 ] ] ] } },
{ "type": "Feature", "properties": { "gridid": "294696", "time_bucket": null, "people_move_all": 0.0 }, "geometry": { "type": "Polygon", "coordinates": [ [ [ 121.477149779195116, 23.666128257008594 ], [ 121.474698940369237, 23.666135783992885 ], [ 121.474707091764287, 23.668393198138205 ], [ 121.477157972671392, 23.66838567035018 ], [ 121.477149779195116, 23.666128257008594 ] ] ] } },
{ "type": "Feature", "properties": { "gridid": "292077", "time_bucket": null, "people_move_all": 0.0 }, "geometry": { "type": "Polygon", "coordinates": [ [ [ 121.435455481856835, 23.657221232174049 ], [ 121.433004794804376, 23.657228097327902 ], [ 121.433012227112428, 23.659485527141555 ], [ 121.435462956226431, 23.659478661254429 ], [ 121.435455481856835, 23.657221232174049 ] ] ] } },
{ "type": "Feature", "properties": { "gridid": "292087", "time_bucket": "2025-09-23T13:55:00", "people_move_all": 6.7 }, "geometry": { "type": "Polygon", "coordinates": [ [ [ 121.459962300789485, 23.657150449832287 ], [ 121.457511623259549, 23.657157702409364 ], [ 121.457519476180096, 23.659415124704076 ], [ 121.459970195770865, 23.659407871352343 ], [ 121.459962300789485, 23.657150449832287 ] ] ] } },
{ "type": "Feature", "properties": { "gridid": "299142", "time_bucket": null, "people_move_all": 0.0 }, "geometry": { "type": "Polygon", "coordinates": [ [ [ 121.445342342130616, 23.682025035070705 ], [ 121.442891195862785, 23.68203206344403 ], [ 121.44289880680995, 23.68428948304182 ], [ 121.44534999519658, 23.684282453918396 ], [ 121.445342342130616, 23.682025035070705 ] ] ] } },
{ "type": "Feature", "properties": { "gridid": "292075", "time_bucket": null, "people_move_all": 0.0 }, "geometry": { "type": "Polygon", "coordinates": [ [ [ 121.430554106839338, 23.657234923787577 ], [ 121.428103417945124, 23.657241711456074 ], [ 121.428110766129805, 23.659499142723863 ], [ 121.430561497085748, 23.659492354330368 ], [ 121.430554106839338, 23.657234923787577 ] ] ] } },
{ "type": "Feature", "properties": { "gridid": "288820", "time_bucket": null, "people_move_all": 0.0 }, "geometry": { "type": "Polygon", "coordinates": [ [ [ 121.442769548603607, 23.645913260087582 ], [ 121.440319074581453, 23.645920237740963 ], [ 121.44032662837877, 23.648177668639413 ], [ 121.442777144436178, 23.648170690240462 ], [ 121.442769548603607, 23.645913260087582 ] ] ] } },
{ "type": "Feature", "properties": { "gridid": "271578", "time_bucket": null, "people_move_all": 0.0 }, "geometry": { "type": "Polygon", "coordinates": [ [ [ 121.386236353258269, 23.587370115777599 ], [ 121.383786950088265, 23.587376185912664 ], [ 121.383793515791226, 23.589633649928533 ], [ 121.386242960862262, 23.589627579143631 ], [ 121.386236353258269, 23.587370115777599 ] ] ] } },
{ "type": "Feature", "properties": { "gridid": "292727", "time_bucket": null, "people_move_all": 0.0 }, "geometry": { "type": "Polygon", "coordinates": [ [ [ 121.433012226919701, 23.659485527144401 ], [ 121.430561496882106, 23.659492354284748 ], [ 121.430568888046849, 23.661749784168084 ], [ 121.433019660151331, 23.661742956298585 ], [ 121.433012226919701, 23.659485527144401 ] ] ] } },
{ "type": "Feature", "properties": { "gridid": "295342", "time_bucket": null, "people_move_all": 0.0 }, "geometry": { "type": "Polygon", "coordinates": [ [ [ 121.474707091277651, 23.668393198116572 ], [ 121.472256209357809, 23.668400687142277 ], [ 121.47226431967907, 23.670658101427112 ], [ 121.474715243685438, 23.67065061160179 ], [ 121.474707091277651, 23.668393198116572 ] ] ] } },
{ "type": "Feature", "properties": { "gridid": "275582", "time_bucket": null, "people_move_all": 0.0 }, "geometry": { "type": "Polygon", "coordinates": [ [ [ 121.398524271627736, 23.600883936348087 ], [ 121.39607462113851, 23.600890203583443 ], [ 121.396081401406263, 23.603147660362207 ], [ 121.398531093827501, 23.603141392456209 ], [ 121.398524271627736, 23.600883936348087 ] ] ] } },
{ "type": "Feature", "properties": { "gridid": "288827", "time_bucket": null, "people_move_all": 0.0 }, "geometry": { "type": "Polygon", "coordinates": [ [ [ 121.459922840122147, 23.645863332322364 ], [ 121.457472372818032, 23.645870581026553 ], [ 121.457480220860475, 23.648128006619174 ], [ 121.459930730199304, 23.648120757140465 ], [ 121.459922840122147, 23.645863332322364 ] ] ] } },
{ "type": "Feature", "properties": { "gridid": "276909", "time_bucket": null, "people_move_all": 0.0 }, "geometry": { "type": "Polygon", "coordinates": [ [ [ 121.381389759413565, 23.605441916307356 ], [ 121.378940019259133, 23.605447914344467 ], [ 121.378946507614984, 23.607705374386367 ], [ 121.381396289712328, 23.607699375707508 ], [ 121.381389759413565, 23.605441916307356 ] ] ] } },
{ "type": "Feature", "properties": { "gridid": "295348", "time_bucket": null, "people_move_all": 0.0 }, "geometry": { "type": "Polygon", "coordinates": [ [ [ 121.489412361941334, 23.668347449966269 ], [ 121.486961486176327, 23.668355171564805 ], [ 121.486969849015608, 23.670612580989875 ], [ 121.489420766866672, 23.670604858566897 ], [ 121.489412361941334, 23.668347449966269 ] ] ] } },
{ "type": "Feature", "properties": { "gridid": "296616", "time_bucket": null, "people_move_all": 0.0 }, "geometry": { "type": "Polygon", "coordinates": [ [ [ 121.455115640703141, 23.672966863827003 ], [ 121.452664666690168, 23.672974044285091 ], [ 121.452672442248044, 23.675231463497973 ], [ 121.455123458358614, 23.675224282273327 ], [ 121.455115640703141, 23.672966863827003 ] ] ] } },
{ "type": "Feature", "properties": { "gridid": "288188", "time_bucket": null, "people_move_all": 0.0 }, "geometry": { "type": "Polygon", "coordinates": [ [ [ 121.477067900007313, 23.643554087332468 ], [ 121.474617481706247, 23.643561606280969 ], [ 121.474625622978195, 23.645819027024654 ], [ 121.477076083308233, 23.645811507272704 ], [ 121.477067900007313, 23.643554087332468 ] ] ] } },
{ "type": "Feature", "properties": { "gridid": "289475", "time_bucket": null, "people_move_all": 0.0 }, "geometry": { "type": "Polygon", "coordinates": [ [ [ 121.455029710663354, 23.648135217419437 ], [ 121.452579199378818, 23.648142389447099 ], [ 121.452586964316623, 23.650399815916916 ], [ 121.45503751764123, 23.650392643122981 ], [ 121.455029710663354, 23.648135217419437 ] ] ] } },
{ "type": "Feature", "properties": { "gridid": "288186", "time_bucket": null, "people_move_all": 0.0 }, "geometry": { "type": "Polygon", "coordinates": [ [ [ 121.472167063045632, 23.643569086449951 ], [ 121.469716642725999, 23.643576527964822 ], [ 121.469724699939789, 23.645833950303018 ], [ 121.472175162288536, 23.645826507992954 ], [ 121.472167063045632, 23.643569086449951 ] ] ] } },
{ "type": "Feature", "properties": { "gridid": "289469", "time_bucket": "2025-09-23T13:55:00", "people_move_all": 3.35 }, "geometry": { "type": "Polygon", "coordinates": [ [ [ 121.440326628640165, 23.648177668735133 ], [ 121.437876111643888, 23.648184608408165 ], [ 121.437883624339577, 23.65044203938875 ], [ 121.440334183376407, 23.650435098974263 ], [ 121.440326628640165, 23.648177668735133 ] ] ] } },
{ "type": "Feature", "properties": { "gridid": "284201", "time_bucket": null, "people_move_all": 0.0 }, "geometry": { "type": "Polygon", "coordinates": [ [ [ 121.413314184299921, 23.630192346128815 ], [ 121.410863993462797, 23.630198854246196 ], [ 121.410871036700328, 23.632456298380497 ], [ 121.413321269536951, 23.632449789567367 ], [ 121.413314184299921, 23.630192346128815 ] ] ] } },
{ "type": "Feature", "properties": { "gridid": "301681", "time_bucket": null, "people_move_all": 0.0 }, "geometry": { "type": "Polygon", "coordinates": [ [ [ 121.491947753688066, 23.690913737652515 ], [ 121.489496457872036, 23.690921506300032 ], [ 121.489504873242765, 23.693178908295387 ], [ 121.491956211197106, 23.693171138819004 ], [ 121.491947753688066, 23.690913737652515 ] ] ] } },
{ "type": "Feature", "properties": { "gridid": "292717", "time_bucket": null, "people_move_all": 0.0 }, "geometry": { "type": "Polygon", "coordinates": [ [ [ 121.408504885729926, 23.659552054937539 ], [ 121.406054146744026, 23.659558494606841 ], [ 121.40606111723632, 23.661815931554166 ], [ 121.40851189828976, 23.66180949119709 ], [ 121.408504885729926, 23.659552054937539 ] ] ] } },
{ "type": "Feature", "properties": { "gridid": "290763", "time_bucket": null, "people_move_all": 0.0 }, "geometry": { "type": "Polygon", "coordinates": [ [ [ 121.41583568655507, 23.652760197020488 ], [ 121.41338507636948, 23.652766750831265 ], [ 121.413392170419144, 23.655024187680556 ], [ 121.415842822656401, 23.65501763316966 ], [ 121.41583568655507, 23.652760197020488 ] ] ] } },
{ "type": "Feature", "properties": { "gridid": "288839", "time_bucket": null, "people_move_all": 0.0 }, "geometry": { "type": "Polygon", "coordinates": [ [ [ 121.489328369860431, 23.645773327692819 ], [ 121.486877914668582, 23.645781041048402 ], [ 121.486886267122685, 23.648038457073667 ], [ 121.489336764348323, 23.648030742893912 ], [ 121.489328369860431, 23.645773327692819 ] ] ] } },
{ "type": "Feature", "properties": { "gridid": "289468", "time_bucket": null, "people_move_all": 0.0 }, "geometry": { "type": "Polygon", "coordinates": [ [ [ 121.43787611212727, 23.648184608328428 ], [ 121.435425594197312, 23.648191509275485 ], [ 121.435433064852432, 23.650448940993385 ], [ 121.437883624823002, 23.650442039309013 ], [ 121.43787611212727, 23.648184608328428 ] ] ] } },
{ "type": "Feature", "properties": { "gridid": "301679", "time_bucket": "2025-09-23T13:55:00", "people_move_all": 3.35 }, "geometry": { "type": "Polygon", "coordinates": [ [ [ 121.487045160868732, 23.690929236131119 ], [ 121.48459386296814, 23.690936927171968 ], [ 121.484602194062063, 23.693194330812631 ], [ 121.487053534101108, 23.6931866389512 ], [ 121.487045160868732, 23.690929236131119 ] ] ] } },
{ "type": "Feature", "properties": { "gridid": "279582", "time_bucket": null, "people_move_all": 0.0 }, "geometry": { "type": "Polygon", "coordinates": [ [ [ 121.413264612448032, 23.614390223562509 ], [ 121.410814715461242, 23.61439672681027 ], [ 121.41082175257047, 23.616654175554039 ], [ 121.413271691520237, 23.616647671610693 ], [ 121.413264612448032, 23.614390223562509 ] ] ] } },
{ "type": "Feature", "properties": { "gridid": "296613", "time_bucket": "2025-09-23T13:55:00", "people_move_all": 6.6782945736434112 }, "geometry": { "type": "Polygon", "coordinates": [ [ [ 121.447762716290612, 23.672988288943269 ], [ 121.445311739395819, 23.672995353087764 ], [ 121.445319388660494, 23.675252774575473 ], [ 121.44777040765311, 23.67524570967684 ], [ 121.447762716290612, 23.672988288943269 ] ] ] } },
{ "type": "Feature", "properties": { "gridid": "282211", "time_bucket": null, "people_move_all": 0.0 }, "geometry": { "type": "Polygon", "coordinates": [ [ [ 121.396142461587203, 23.623464741686245 ], [ 121.393692390698604, 23.623470976947598 ], [ 121.393699137420654, 23.625728427811641 ], [ 121.396149250293547, 23.625722191883558 ], [ 121.396142461587203, 23.623464741686245 ] ] ] } },
{ "type": "Feature", "properties": { "gridid": "274243", "time_bucket": null, "people_move_all": 0.0 }, "geometry": { "type": "Polygon", "coordinates": [ [ [ 121.386262788436383, 23.596399965290992 ], [ 121.383813217630873, 23.596406038025538 ], [ 121.383819786602643, 23.598663499411003 ], [ 121.386269399330104, 23.598657426026527 ], [ 121.386262788436383, 23.596399965290992 ] ] ] } },
{ "type": "Feature", "properties": { "gridid": "299133", "time_bucket": null, "people_move_all": 0.0 }, "geometry": { "type": "Polygon", "coordinates": [ [ [ 121.423281991825931, 23.682086894025833 ], [ 121.420830837239578, 23.682093573305583 ], [ 121.420838069114353, 23.684350999467991 ], [ 121.423289265820131, 23.684344319475407 ], [ 121.423281991825931, 23.682086894025833 ] ] ] } },
{ "type": "Feature", "properties": { "gridid": "279574", "time_bucket": null, "people_move_all": 0.0 }, "geometry": { "type": "Polygon", "coordinates": [ [ [ 121.393665412728666, 23.614441166905312 ], [ 121.391215508886361, 23.61444736083503 ], [ 121.391222210289598, 23.616704814994641 ], [ 121.393672156095391, 23.616698620402421 ], [ 121.393665412728666, 23.614441166905312 ] ] ] } },
{ "type": "Feature", "properties": { "gridid": "292067", "time_bucket": "2025-09-23T13:55:00", "people_move_all": 3.35 }, "geometry": { "type": "Polygon", "coordinates": [ [ [ 121.410948570666349, 23.657288140325623 ], [ 121.408497874614028, 23.6572946180504 ], [ 121.408504886302552, 23.659552054969186 ], [ 121.410955624417127, 23.659545576552521 ], [ 121.410948570666349, 23.657288140325623 ] ] ] } },
{ "type": "Feature", "properties": { "gridid": "287534", "time_bucket": null, "people_move_all": 0.0 }, "geometry": { "type": "Polygon", "coordinates": [ [ [ 121.469708586048384, 23.641319104978116 ], [ 121.467258206751296, 23.641326506985056 ], [ 121.467266220939649, 23.643583930773797 ], [ 121.469716642260707, 23.643576527975835 ], [ 121.469708586048384, 23.641319104978116 ] ] ] } },
{ "type": "Feature", "properties": { "gridid": "294691", "time_bucket": null, "people_move_all": 0.0 }, "geometry": { "type": "Polygon", "coordinates": [ [ [ 121.464895574904162, 23.666165504320837 ], [ 121.462444731067265, 23.666172837513695 ], [ 121.462452672055051, 23.668430255615565 ], [ 121.464903557973543, 23.668422921639671 ], [ 121.464895574904162, 23.666165504320837 ] ] ] } },
{ "type": "Feature", "properties": { "gridid": "293391", "time_bucket": null, "people_move_all": 0.0 }, "geometry": { "type": "Polygon", "coordinates": [ [ [ 121.464879611819498, 23.661650667744965 ], [ 121.462428852130145, 23.661657999371833 ], [ 121.462436791144953, 23.663915418793493 ], [ 121.464887592905455, 23.663908086383646 ], [ 121.464879611819498, 23.661650667744965 ] ] ] } },
{ "type": "Feature", "properties": { "gridid": "272916", "time_bucket": null, "people_move_all": 0.0 }, "geometry": { "type": "Polygon", "coordinates": [ [ [ 121.403395954719585, 23.59184146032694 ], [ 121.400946473608514, 23.591847802126875 ], [ 121.40095333432491, 23.594105260191643 ], [ 121.403402857347004, 23.594098917712884 ], [ 121.403395954719585, 23.59184146032694 ] ] ] } },
{ "type": "Feature", "properties": { "gridid": "299137", "time_bucket": "2025-09-23T13:55:00", "people_move_all": 3.35 }, "geometry": { "type": "Polygon", "coordinates": [ [ [ 121.433086600764938, 23.682059789091458 ], [ 121.430635449823399, 23.682066623524481 ], [ 121.430642850175474, 23.684324046810683 ], [ 121.433094043236181, 23.684317211648253 ], [ 121.433086600764938, 23.682059789091458 ] ] ] } },
{ "type": "Feature", "properties": { "gridid": "295334", "time_bucket": null, "people_move_all": 0.0 }, "geometry": { "type": "Polygon", "coordinates": [ [ [ 121.455100008581809, 23.668452025034615 ], [ 121.452649118748312, 23.668459203959674 ], [ 121.452656892374605, 23.670716624492432 ], [ 121.45510782429524, 23.67070944480087 ], [ 121.455100008581809, 23.668452025034615 ] ] ] } },
{ "type": "Feature", "properties": { "gridid": "278913", "time_bucket": "2025-09-23T13:55:00", "people_move_all": 12.991501483679524 }, "geometry": { "type": "Polygon", "coordinates": [ [ [ 121.398558391368141, 23.61217121031385 ], [ 121.396108531166533, 23.612177480902648 ], [ 121.396115315652793, 23.614434934391284 ], [ 121.398565217812532, 23.614428663131726 ], [ 121.398558391368141, 23.61217121031385 ] ] ] } },
{ "type": "Feature", "properties": { "gridid": "304785", "time_bucket": "2025-09-23T13:55:00", "people_move_all": 6.7 }, "geometry": { "type": "Polygon", "coordinates": [ [ [ 121.496893062223023, 23.702185074739099 ], [ 121.494441557769548, 23.702192925179002 ], [ 121.494450062694796, 23.704450322207794 ], [ 121.496901609312559, 23.704442470930605 ], [ 121.496893062223023, 23.702185074739099 ] ] ] } },
{ "type": "Feature", "properties": { "gridid": "287514", "time_bucket": "2025-09-23T13:55:00", "people_move_all": 3.35 }, "geometry": { "type": "Polygon", "coordinates": [ [ [ 121.420700816760643, 23.641459789615691 ], [ 121.418250418533134, 23.641466417354323 ], [ 121.418257592226666, 23.643723856094695 ], [ 121.420708032479581, 23.64371722764778 ], [ 121.420700816760643, 23.641459789615691 ] ] ] } },
{ "type": "Feature", "properties": { "gridid": "272914", "time_bucket": null, "people_move_all": 0.0 }, "geometry": { "type": "Polygon", "coordinates": [ [ [ 121.39849699148175, 23.591854105275715 ], [ 121.396047508668545, 23.591860369828723 ], [ 121.396054285562641, 23.594117829238726 ], [ 121.398503810287025, 23.594111564015169 ], [ 121.39849699148175, 23.591854105275715 ] ] ] } },
{ "type": "Feature", "properties": { "gridid": "278245", "time_bucket": null, "people_move_all": 0.0 }, "geometry": { "type": "Polygon", "coordinates": [ [ [ 121.388752287392862, 23.609938604509139 ], [ 121.386302465800412, 23.609944719800399 ], [ 121.386309081630529, 23.612202176588731 ], [ 121.38875894517615, 23.612196060643281 ], [ 121.388752287392862, 23.609938604509139 ] ] ] } },
{ "type": "Feature", "properties": { "gridid": "286211", "time_bucket": null, "people_move_all": 0.0 }, "geometry": { "type": "Polygon", "coordinates": [ [ [ 121.452540389510332, 23.636855247159591 ], [ 121.450090087383273, 23.636862376651333 ], [ 121.450097805482656, 23.639119807179853 ], [ 121.45254814962378, 23.639112676926104 ], [ 121.452540389510332, 23.636855247159591 ] ] ] } },
{ "type": "Feature", "properties": { "gridid": "291424", "time_bucket": null, "people_move_all": 0.0 }, "geometry": { "type": "Polygon", "coordinates": [ [ [ 121.430546717268953, 23.654977492620898 ], [ 121.428096070431195, 23.654984279564417 ], [ 121.428103417702815, 23.657241711491583 ], [ 121.430554106597057, 23.657234923823086 ], [ 121.430546717268953, 23.654977492620898 ] ] ] } },
{ "type": "Feature", "properties": { "gridid": "294031", "time_bucket": null, "people_move_all": 0.0 }, "geometry": { "type": "Polygon", "coordinates": [ [ [ 121.437928720064534, 23.663986611352041 ], [ 121.435477907740648, 23.663993517460792 ], [ 121.435485384896879, 23.666250944562531 ], [ 121.43793623929794, 23.666244037716293 ], [ 121.437928720064534, 23.663986611352041 ] ] ] } },
{ "type": "Feature", "properties": { "gridid": "290110", "time_bucket": null, "people_move_all": 0.0 }, "geometry": { "type": "Polygon", "coordinates": [ [ [ 121.418279118507357, 23.650496168327255 ], [ 121.415828551254933, 23.650502760168564 ], [ 121.415835686469478, 23.652760196976903 ], [ 121.418286295768269, 23.652753604431354 ], [ 121.418279118507357, 23.650496168327255 ] ] ] } },
{ "type": "Feature", "properties": { "gridid": "286195", "time_bucket": null, "people_move_all": 0.0 }, "geometry": { "type": "Polygon", "coordinates": [ [ [ 121.413335442989379, 23.636964674471702 ], [ 121.410885126138098, 23.636971184676408 ], [ 121.410892172003045, 23.639228626834509 ], [ 121.4133425308695, 23.639222115933975 ], [ 121.413335442989379, 23.636964674471702 ] ] ] } },
{ "type": "Feature", "properties": { "gridid": "299762", "time_bucket": null, "people_move_all": 0.0 }, "geometry": { "type": "Polygon", "coordinates": [ [ [ 121.415935672961851, 23.684364243127824 ], [ 121.413484473577171, 23.684370806742425 ], [ 121.413491579975712, 23.686628234358725 ], [ 121.415942821485274, 23.686621670043674 ], [ 121.415935672961851, 23.684364243127824 ] ] ] } },
{ "type": "Feature", "properties": { "gridid": "291428", "time_bucket": null, "people_move_all": 0.0 }, "geometry": { "type": "Polygon", "coordinates": [ [ [ 121.440349295304159, 23.654949957410444 ], [ 121.437898652170617, 23.654956899307894 ], [ 121.437906167667762, 23.657214328310335 ], [ 121.440356852857505, 23.657207385671363 ], [ 121.440349295304159, 23.654949957410444 ] ] ] } },
{ "type": "Feature", "properties": { "gridid": "297244", "time_bucket": null, "people_move_all": 0.0 }, "geometry": { "type": "Polygon", "coordinates": [ [ [ 121.4404173474353, 23.675266788036993 ], [ 121.437966325607732, 23.675273736609057 ], [ 121.437973849513057, 23.677531159674491 ], [ 121.440424913443877, 23.677524210360684 ], [ 121.4404173474353, 23.675266788036993 ] ] ] } },
{ "type": "Feature", "properties": { "gridid": "286209", "time_bucket": null, "people_move_all": 0.0 }, "geometry": { "type": "Polygon", "coordinates": [ [ [ 121.447639784481268, 23.636869467506724 ], [ 121.445189480440561, 23.636876519588419 ], [ 121.445197114511615, 23.639133951628558 ], [ 121.447647460566543, 23.639126898793133 ], [ 121.447639784481268, 23.636869467506724 ] ] ] } },
{ "type": "Feature", "properties": { "gridid": "297250", "time_bucket": null, "people_move_all": 0.0 }, "geometry": { "type": "Polygon", "coordinates": [ [ [ 121.455123458267707, 23.675224282273216 ], [ 121.452672442157109, 23.675231463497862 ], [ 121.452680218680882, 23.677488882050735 ], [ 121.455131276894292, 23.677481700059506 ], [ 121.455123458267707, 23.675224282273216 ] ] ] } },
{ "type": "Feature", "properties": { "gridid": "274245", "time_bucket": null, "people_move_all": 0.0 }, "geometry": { "type": "Polygon", "coordinates": [ [ [ 121.391161927689396, 23.59638770391307 ], [ 121.388712358534107, 23.596393853911611 ], [ 121.388719011349693, 23.598651313993091 ], [ 121.39116862242679, 23.598645163336347 ], [ 121.391161927689396, 23.59638770391307 ] ] ] } },
{ "type": "Feature", "properties": { "gridid": "290116", "time_bucket": null, "people_move_all": 0.0 }, "geometry": { "type": "Polygon", "coordinates": [ [ [ 121.432982503653818, 23.65045580398591 ], [ 121.430531941831447, 23.650462628209855 ], [ 121.43053932932321, 23.652720060730712 ], [ 121.43298993319155, 23.652713235777703 ], [ 121.432982503653818, 23.65045580398591 ] ] ] } },
{ "type": "Feature", "properties": { "gridid": "285535", "time_bucket": null, "people_move_all": 0.0 }, "geometry": { "type": "Polygon", "coordinates": [ [ [ 121.428029986712176, 23.634667362510605 ], [ 121.425579717235308, 23.634674104229077 ], [ 121.425587014283067, 23.636931542809119 ], [ 121.428037325769466, 23.636924800370021 ], [ 121.428029986712176, 23.634667362510605 ] ] ] } },
{ "type": "Feature", "properties": { "gridid": "286863", "time_bucket": null, "people_move_all": 0.0 }, "geometry": { "type": "Polygon", "coordinates": [ [ [ 121.43294536987942, 23.639168635163056 ], [ 121.430495018208504, 23.639175455742063 ], [ 121.430502401110616, 23.641432891558736 ], [ 121.432952794801395, 23.641426070250787 ], [ 121.43294536987942, 23.639168635163056 ] ] ] } },
{ "type": "Feature", "properties": { "gridid": "290099", "time_bucket": null, "people_move_all": 0.0 }, "geometry": { "type": "Polygon", "coordinates": [ [ [ 121.391322831497689, 23.650566548399102 ], [ 121.388872254778732, 23.650572714200379 ], [ 121.388878927478771, 23.652830158482217 ], [ 121.391329546244819, 23.652823992022221 ], [ 121.391322831497689, 23.650566548399102 ] ] ] } },
{ "type": "Feature", "properties": { "gridid": "284878", "time_bucket": null, "people_move_all": 0.0 }, "geometry": { "type": "Polygon", "coordinates": [ [ [ 121.445174214902806, 23.632361653474977 ], [ 121.442723993925966, 23.632368665352413 ], [ 121.442731584095299, 23.634626099460299 ], [ 121.445181847075958, 23.634619086833307 ], [ 121.445174214902806, 23.632361653474977 ] ] ] } },
{ "type": "Feature", "properties": { "gridid": "288167", "time_bucket": null, "people_move_all": 0.0 }, "geometry": { "type": "Polygon", "coordinates": [ [ [ 121.425608910396036, 23.643703854584881 ], [ 121.423158471942273, 23.643710560467966 ], [ 121.42316573058875, 23.645967997128604 ], [ 121.425616211073006, 23.645961290528938 ], [ 121.425608910396036, 23.643703854584881 ] ] ] } },
{ "type": "Feature", "properties": { "gridid": "297878", "time_bucket": null, "people_move_all": 0.0 }, "geometry": { "type": "Polygon", "coordinates": [ [ [ 121.442875976494207, 23.677517222277611 ], [ 121.440424913503222, 23.677524210371146 ], [ 121.440432480451619, 23.679781632034906 ], [ 121.44288358555103, 23.679774643195461 ], [ 121.442875976494207, 23.677517222277611 ] ] ] } },
{ "type": "Feature", "properties": { "gridid": "298499", "time_bucket": "2025-09-23T13:55:00", "people_move_all": 15.486105476673428 }, "geometry": { "type": "Polygon", "coordinates": [ [ [ 121.415921378729905, 23.679849387269485 ], [ 121.413470263579271, 23.679855949483265 ], [ 121.413477368212909, 23.682113378419132 ], [ 121.415928525477952, 23.682106815504952 ], [ 121.415921378729905, 23.679849387269485 ] ] ] } },
{ "type": "Feature", "properties": { "gridid": "298524", "time_bucket": null, "people_move_all": 0.0 }, "geometry": { "type": "Polygon", "coordinates": [ [ [ 121.477198955431362, 23.679672727174772 ], [ 121.474747864039713, 23.679680258981826 ], [ 121.474756021512334, 23.681937669165819 ], [ 121.477207155016572, 23.681930136554886 ], [ 121.477198955431362, 23.679672727174772 ] ] ] } },
{ "type": "Feature", "properties": { "gridid": "290779", "time_bucket": "2025-09-23T13:55:00", "people_move_all": 5.0694645441389294 }, "geometry": { "type": "Polygon", "coordinates": [ [ [ 121.455045325738311, 23.652650068111608 ], [ 121.452594730368389, 23.652657241671854 ], [ 121.452602497236427, 23.654914666822663 ], [ 121.455053134656907, 23.654907492496097 ], [ 121.455045325738311, 23.652650068111608 ] ] ] } },
{ "type": "Feature", "properties": { "gridid": "288841", "time_bucket": null, "people_move_all": 0.0 }, "geometry": { "type": "Polygon", "coordinates": [ [ [ 121.4942292767808, 23.645757784800637 ], [ 121.491778823680775, 23.645765575597206 ], [ 121.491787260202372, 23.648022989969999 ], [ 121.49423775533603, 23.648015198340989 ], [ 121.4942292767808, 23.645757784800637 ] ] ] } },
{ "type": "Feature", "properties": { "gridid": "297245", "time_bucket": null, "people_move_all": 0.0 }, "geometry": { "type": "Polygon", "coordinates": [ [ [ 121.442868367913817, 23.675259800721115 ], [ 121.440417347026013, 23.67526678806875 ], [ 121.440424913034605, 23.677524210392445 ], [ 121.44287597602559, 23.677517222298921 ], [ 121.442868367913817, 23.675259800721115 ] ] ] } },
{ "type": "Feature", "properties": { "gridid": "298511", "time_bucket": null, "people_move_all": 0.0 }, "geometry": { "type": "Polygon", "coordinates": [ [ [ 121.445334689547764, 23.679767615516244 ], [ 121.442883585393503, 23.679774643139485 ], [ 121.442891195395447, 23.682032063397322 ], [ 121.445342341663306, 23.682025035024012 ], [ 121.445334689547764, 23.679767615516244 ] ] ] } },
{ "type": "Feature", "properties": { "gridid": "270915", "time_bucket": null, "people_move_all": 0.0 }, "geometry": { "type": "Polygon", "coordinates": [ [ [ 121.396027183268643, 23.585087987667929 ], [ 121.393577825314637, 23.585094211598271 ], [ 121.393584557783555, 23.587351673647554 ], [ 121.396033957633179, 23.587345449050861 ], [ 121.396027183268643, 23.585087987667929 ] ] ] } },
{ "type": "Feature", "properties": { "gridid": "299155", "time_bucket": null, "people_move_all": 0.0 }, "geometry": { "type": "Polygon", "coordinates": [ [ [ 121.47720715497978, 23.681930136502501 ], [ 121.474756021475514, 23.681937669113434 ], [ 121.47476417996134, 23.684195078637039 ], [ 121.477215355583425, 23.684187545222194 ], [ 121.47720715497978, 23.681930136502501 ] ] ] } },
{ "type": "Feature", "properties": { "gridid": "290113", "time_bucket": "2025-09-23T13:55:00", "people_move_all": 3.35 }, "geometry": { "type": "Polygon", "coordinates": [ [ [ 121.425630815092205, 23.650476160497153 ], [ 121.423180250531288, 23.650482868530037 ], [ 121.423187511884734, 23.65274030321325 ], [ 121.425638118491833, 23.652733594463708 ], [ 121.425630815092205, 23.650476160497153 ] ] ] } },
{ "type": "Feature", "properties": { "gridid": "288801", "time_bucket": null, "people_move_all": 0.0 }, "geometry": { "type": "Polygon", "coordinates": [ [ [ 121.39621038741673, 23.64603921403992 ], [ 121.393759896450192, 23.646045455969588 ], [ 121.393766651565031, 23.648302900247621 ], [ 121.396217184568087, 23.648296657651009 ], [ 121.39621038741673, 23.64603921403992 ] ] ] } },
{ "type": "Feature", "properties": { "gridid": "290119", "time_bucket": null, "people_move_all": 0.0 }, "geometry": { "type": "Polygon", "coordinates": [ [ [ 121.440334183192235, 23.650435098893549 ], [ 121.437883624155418, 23.650442039308029 ], [ 121.437891137784874, 23.65269946962929 ], [ 121.440341738867431, 23.652692528473334 ], [ 121.440334183192235, 23.650435098893549 ] ] ] } },
{ "type": "Feature", "properties": { "gridid": "297258", "time_bucket": null, "people_move_all": 0.0 }, "geometry": { "type": "Polygon", "coordinates": [ [ [ 121.474731551899879, 23.675165436605813 ], [ 121.47228054370477, 23.675172928030452 ], [ 121.472288657049006, 23.677430340334777 ], [ 121.474739707346316, 23.677422848110442 ], [ 121.474731551899879, 23.675165436605813 ] ] ] } },
{ "type": "Feature", "properties": { "gridid": "298510", "time_bucket": null, "people_move_all": 0.0 }, "geometry": { "type": "Polygon", "coordinates": [ [ [ 121.442883585077126, 23.679774643134134 ], [ 121.440432479977744, 23.679781631973572 ], [ 121.440440047866034, 23.682039052977345 ], [ 121.442891195079071, 23.682032063391972 ], [ 121.442883585077126, 23.679774643134134 ] ] ] } },
{ "type": "Feature", "properties": { "gridid": "288806", "time_bucket": null, "people_move_all": 0.0 }, "geometry": { "type": "Polygon", "coordinates": [ [ [ 121.408462829187741, 23.646007423626447 ], [ 121.406012342497377, 23.646013859169582 ], [ 121.406019307794168, 23.648271300071475 ], [ 121.408469836520723, 23.648264863840705 ], [ 121.408462829187741, 23.646007423626447 ] ] ] } },
{ "type": "Feature", "properties": { "gridid": "299127", "time_bucket": "2025-09-23T13:55:00", "people_move_all": 8.8450980392156868 }, "geometry": { "type": "Polygon", "coordinates": [ [ [ 121.408575050839985, 23.682126387890353 ], [ 121.406123890943363, 23.682132834438463 ], [ 121.406130870100085, 23.684390264791006 ], [ 121.408582072116573, 23.684383817554899 ], [ 121.408575050839985, 23.682126387890353 ] ] ] } },
{ "type": "Feature", "properties": { "gridid": "289461", "time_bucket": "2025-09-23T13:55:00", "people_move_all": 3.35 }, "geometry": { "type": "Polygon", "coordinates": [ [ [ 121.420722466464937, 23.648232101740241 ], [ 121.418271942145552, 23.648238731603783 ], [ 121.418279118514505, 23.650496168367027 ], [ 121.420729684874985, 23.650489537795128 ], [ 121.420722466464937, 23.648232101740241 ] ] ] } },
{ "type": "Feature", "properties": { "gridid": "290108", "time_bucket": null, "people_move_all": 0.0 }, "geometry": { "type": "Polygon", "coordinates": [ [ [ 121.413377983437883, 23.650509313357816 ], [ 121.410927414417245, 23.650515827737806 ], [ 121.410934465538844, 23.652773265942198 ], [ 121.413385076605977, 23.652766750866249 ], [ 121.413377983437883, 23.650509313357816 ] ] ] } },
{ "type": "Feature", "properties": { "gridid": "278247", "time_bucket": null, "people_move_all": 0.0 }, "geometry": { "type": "Polygon", "coordinates": [ [ [ 121.39365192860906, 23.609926258010717 ], [ 121.391202108678058, 23.609932450615492 ], [ 121.391208808414433, 23.612189906091309 ], [ 121.393658670298478, 23.612183712824073 ], [ 121.39365192860906, 23.609926258010717 ] ] ] } },
{ "type": "Feature", "properties": { "gridid": "270914", "time_bucket": null, "people_move_all": 0.0 }, "geometry": { "type": "Polygon", "coordinates": [ [ [ 121.393577824635386, 23.58509421164138 ], [ 121.391128465843522, 23.585100396960513 ], [ 121.391135156416766, 23.587357859672018 ], [ 121.393584557104305, 23.587351673690666 ], [ 121.393577824635386, 23.58509421164138 ] ] ] } },
{ "type": "Feature", "properties": { "gridid": "297260", "time_bucket": null, "people_move_all": 0.0 }, "geometry": { "type": "Polygon", "coordinates": [ [ [ 121.479633565782152, 23.675150337434967 ], [ 121.477182559618214, 23.675157906408977 ], [ 121.477190757166824, 23.677415317109769 ], [ 121.479641805432806, 23.677407747327791 ], [ 121.479633565782152, 23.675150337434967 ] ] ] } },
{ "type": "Feature", "properties": { "gridid": "294687", "time_bucket": null, "people_move_all": 0.0 }, "geometry": { "type": "Polygon", "coordinates": [ [ [ 121.455092194025013, 23.666194604588448 ], [ 121.452641346273438, 23.666201782747031 ], [ 121.452649118934033, 23.668459203939644 ], [ 121.455100008767559, 23.668452025014584 ], [ 121.455092194025013, 23.666194604588448 ] ] ] } },
{ "type": "Feature", "properties": { "gridid": "276915", "time_bucket": "2025-09-23T13:55:00", "people_move_all": 3.35 }, "geometry": { "type": "Polygon", "coordinates": [ [ [ 121.396088183109242, 23.605405116424208 ], [ 121.39363844790708, 23.605411346352536 ], [ 121.393645187919503, 23.607668802481946 ], [ 121.396094965064194, 23.607662571887069 ], [ 121.396088183109242, 23.605405116424208 ] ] ] } },
{ "type": "Feature", "properties": { "gridid": "296621", "time_bucket": null, "people_move_all": 0.0 }, "geometry": { "type": "Polygon", "coordinates": [ [ [ 121.467370496005856, 23.672930380041905 ], [ 121.464919526900445, 23.672937754354766 ], [ 121.464927512945522, 23.67519516969347 ], [ 121.467378524148145, 23.675187794593363 ], [ 121.467370496005856, 23.672930380041905 ] ] ] } },
{ "type": "Feature", "properties": { "gridid": "288812", "time_bucket": null, "people_move_all": 0.0 }, "geometry": { "type": "Polygon", "coordinates": [ [ [ 121.42316573042784, 23.64596799715946 ], [ 121.420715249041336, 23.64597466503692 ], [ 121.420722466554281, 23.648232101750931 ], [ 121.423172989976578, 23.648225433160995 ], [ 121.42316573042784, 23.64596799715946 ] ] ] } },
{ "type": "Feature", "properties": { "gridid": "289485", "time_bucket": null, "people_move_all": 0.0 }, "geometry": { "type": "Polygon", "coordinates": [ [ [ 121.479534769495984, 23.648061367227903 ], [ 121.477084268149, 23.648068926508341 ], [ 121.477092453484374, 23.650326345129226 ], [ 121.479542996870663, 23.650318785041144 ], [ 121.479534769495984, 23.648061367227903 ] ] ] } },
{ "type": "Feature", "properties": { "gridid": "295986", "time_bucket": null, "people_move_all": 0.0 }, "geometry": { "type": "Polygon", "coordinates": [ [ [ 121.467362469457171, 23.670672964805988 ], [ 121.46491154244373, 23.670680338331628 ], [ 121.46491952749686, 23.672937754330423 ], [ 121.467370496602271, 23.672930380017561 ], [ 121.467362469457171, 23.670672964805988 ] ] ] } },
{ "type": "Feature", "properties": { "gridid": "298526", "time_bucket": null, "people_move_all": 0.0 }, "geometry": { "type": "Polygon", "coordinates": [ [ [ 121.482101135297881, 23.679657547199913 ], [ 121.479650045948162, 23.679665156572749 ], [ 121.479658287645904, 23.681922565144831 ], [ 121.48210941910807, 23.681914954959819 ], [ 121.482101135297881, 23.679657547199913 ] ] ] } },
{ "type": "Feature", "properties": { "gridid": "272242", "time_bucket": null, "people_move_all": 0.0 }, "geometry": { "type": "Polygon", "coordinates": [ [ [ 121.383793515160647, 23.589633649866876 ], [ 121.381344069272487, 23.589639682032097 ], [ 121.381350593886197, 23.591897146036171 ], [ 121.38380008168069, 23.59189111322522 ], [ 121.383793515160647, 23.589633649866876 ] ] ] } },
{ "type": "Feature", "properties": { "gridid": "299788", "time_bucket": null, "people_move_all": 0.0 }, "geometry": { "type": "Polygon", "coordinates": [ [ [ 121.479666529959957, 23.684179973037661 ], [ 121.477215355356378, 23.684187545243709 ], [ 121.477223556978544, 23.686444953302942 ], [ 121.479674773705099, 23.686437380288808 ], [ 121.479666529959957, 23.684179973037661 ] ] ] } },
{ "type": "Feature", "properties": { "gridid": "291429", "time_bucket": null, "people_move_all": 0.0 }, "geometry": { "type": "Polygon", "coordinates": [ [ [ 121.442799937806498, 23.654942976813075 ], [ 121.440349295612052, 23.654949957448867 ], [ 121.44035685316544, 23.657207385709789 ], [ 121.442807537415987, 23.657200404328336 ], [ 121.442799937806498, 23.654942976813075 ] ] ] } },
{ "type": "Feature", "properties": { "gridid": "299764", "time_bucket": null, "people_move_all": 0.0 }, "geometry": { "type": "Polygon", "coordinates": [ [ [ 121.420838068946694, 23.684350999539738 ], [ 121.418386871342705, 23.684357640739719 ], [ 121.418394061990938, 23.686615066950981 ], [ 121.420845301719666, 23.686608425042273 ], [ 121.420838068946694, 23.684350999539738 ] ] ] } },
{ "type": "Feature", "properties": { "gridid": "279578", "time_bucket": null, "people_move_all": 0.0 }, "geometry": { "type": "Polygon", "coordinates": [ [ [ 121.403465019108964, 23.614416004617148 ], [ 121.401015118652651, 23.614422353206319 ], [ 121.401021987909417, 23.616679804691099 ], [ 121.403471930328948, 23.61667345542288 ], [ 121.403465019108964, 23.614416004617148 ] ] ] } },
{ "type": "Feature", "properties": { "gridid": "292086", "time_bucket": null, "people_move_all": 0.0 }, "geometry": { "type": "Polygon", "coordinates": [ [ [ 121.457511623307838, 23.65715770241702 ], [ 121.455060944802128, 23.657164916252054 ], [ 121.455068755661742, 23.659422339317274 ], [ 121.457519476228356, 23.659415124711732 ], [ 121.457511623307838, 23.65715770241702 ] ] ] } },
{ "type": "Feature", "properties": { "gridid": "290783", "time_bucket": null, "people_move_all": 0.0 }, "geometry": { "type": "Polygon", "coordinates": [ [ [ 121.464847697681037, 23.652620986593359 ], [ 121.462397106224032, 23.652628315088563 ], [ 121.46240504129382, 23.65488573714924 ], [ 121.464855674801072, 23.654878407871156 ], [ 121.464847697681037, 23.652620986593359 ] ] ] } },
{ "type": "Feature", "properties": { "gridid": "296611", "time_bucket": null, "people_move_all": 0.0 }, "geometry": { "type": "Polygon", "coordinates": [ [ [ 121.442860761336036, 23.673002378464613 ], [ 121.440409782546155, 23.673009365066399 ], [ 121.440417347615011, 23.675266788049978 ], [ 121.442868368502801, 23.675259800702328 ], [ 121.442860761336036, 23.673002378464613 ] ] ] } },
{ "type": "Feature", "properties": { "gridid": "283552", "time_bucket": null, "people_move_all": 0.0 }, "geometry": { "type": "Polygon", "coordinates": [ [ [ 121.445158952853006, 23.627846784766543 ], [ 121.442708815868144, 23.627853795144954 ], [ 121.442716404150289, 23.630111230570787 ], [ 121.44516658312854, 23.630104219442881 ], [ 121.445158952853006, 23.627846784766543 ] ] ] } },
{ "type": "Feature", "properties": { "gridid": "295325", "time_bucket": null, "people_move_all": 0.0 }, "geometry": { "type": "Polygon", "coordinates": [ [ [ 121.433041965226863, 23.668515239803085 ], [ 121.430591066890429, 23.668522069860206 ], [ 121.430598461729261, 23.670779497105261 ], [ 121.433049402153486, 23.670772666318882 ], [ 121.433041965226863, 23.668515239803085 ] ] ] } },
{ "type": "Feature", "properties": { "gridid": "292074", "time_bucket": null, "people_move_all": 0.0 }, "geometry": { "type": "Polygon", "coordinates": [ [ [ 121.428103418326742, 23.657241711497491 ], [ 121.425652728519452, 23.657248460423229 ], [ 121.425660034642362, 23.659505892411872 ], [ 121.428110766511423, 23.659499142765281 ], [ 121.428103418326742, 23.657241711497491 ] ] ] } },
{ "type": "Feature", "properties": { "gridid": "297883", "time_bucket": null, "people_move_all": 0.0 }, "geometry": { "type": "Polygon", "coordinates": [ [ [ 121.455131276834805, 23.677481700119436 ], [ 121.452680218621424, 23.677488882110666 ], [ 121.452687996111166, 23.679746300003476 ], [ 121.455139096432603, 23.679739117245646 ], [ 121.455131276834805, 23.677481700119436 ] ] ] } },
{ "type": "Feature", "properties": { "gridid": "281554", "time_bucket": null, "people_move_all": 0.0 }, "geometry": { "type": "Polygon", "coordinates": [ [ [ 121.398585701606891, 23.621201017586685 ], [ 121.396135673541423, 23.621207290858628 ], [ 121.396142461403613, 23.623464741714304 ], [ 121.398592531448074, 23.623458467771513 ], [ 121.398585701606891, 23.621201017586685 ] ] ] } },
{ "type": "Feature", "properties": { "gridid": "296617", "time_bucket": null, "people_move_all": 0.0 }, "geometry": { "type": "Polygon", "coordinates": [ [ [ 121.45756661416884, 23.672959644625784 ], [ 121.455115641126923, 23.67296686385496 ], [ 121.455123458782396, 23.675224282301283 ], [ 121.457574473921838, 23.675217062301417 ], [ 121.45756661416884, 23.672959644625784 ] ] ] } },
{ "type": "Feature", "properties": { "gridid": "299761", "time_bucket": null, "people_move_all": 0.0 }, "geometry": { "type": "Polygon", "coordinates": [ [ [ 121.413484473465559, 23.684370806675023 ], [ 121.41103327319837, 23.684377331496851 ], [ 121.411040337471988, 23.686634759809461 ], [ 121.413491579864115, 23.686628234291327 ], [ 121.413484473465559, 23.684370806675023 ] ] ] } },
{ "type": "Feature", "properties": { "gridid": "298523", "time_bucket": null, "people_move_all": 0.0 }, "geometry": { "type": "Polygon", "coordinates": [ [ [ 121.474747863994239, 23.679680258965352 ], [ 121.472296771589484, 23.679687751989398 ], [ 121.472304886949431, 23.681945162973143 ], [ 121.47475602146686, 23.681937669149352 ], [ 121.474747863994239, 23.679680258965352 ] ] ] } },
{ "type": "Feature", "properties": { "gridid": "286864", "time_bucket": null, "people_move_all": 0.0 }, "geometry": { "type": "Polygon", "coordinates": [ [ [ 121.435395720408096, 23.639161775873788 ], [ 121.432945369660118, 23.639168635162338 ], [ 121.432952794582064, 23.641426070250073 ], [ 121.435403187349834, 23.641419210228442 ], [ 121.435395720408096, 23.639161775873788 ] ] ] } },
{ "type": "Feature", "properties": { "gridid": "304783", "time_bucket": null, "people_move_all": 0.0 }, "geometry": { "type": "Polygon", "coordinates": [ [ [ 121.491990051440567, 23.702200736829852 ], [ 121.489538544880773, 23.702208509621947 ], [ 121.489546965477203, 23.704465908312876 ], [ 121.491998514201427, 23.704458134691784 ], [ 121.491990051440567, 23.702200736829852 ] ] ] } },
{ "type": "Feature", "properties": { "gridid": "298513", "time_bucket": null, "people_move_all": 0.0 }, "geometry": { "type": "Polygon", "coordinates": [ [ [ 121.450236895481297, 23.679753443986751 ], [ 121.447785793232981, 23.679760549177416 ], [ 121.447793487462022, 23.682017967930971 ], [ 121.45024463182375, 23.682010861981951 ], [ 121.450236895481297, 23.679753443986751 ] ] ] } },
{ "type": "Feature", "properties": { "gridid": "285527", "time_bucket": null, "people_move_all": 0.0 }, "geometry": { "type": "Polygon", "coordinates": [ [ [ 121.408427805306843, 23.634720212600879 ], [ 121.40597752871912, 23.634726644706152 ], [ 121.405984489688123, 23.636984088902221 ], [ 121.408434808285932, 23.636977656109423 ], [ 121.408427805306843, 23.634720212600879 ] ] ] } },
{ "type": "Feature", "properties": { "gridid": "291443", "time_bucket": null, "people_move_all": 0.0 }, "geometry": { "type": "Polygon", "coordinates": [ [ [ 121.477108826569051, 23.654841180370397 ], [ 121.474658198070898, 23.654848703336448 ], [ 121.474666344403445, 23.657106120781556 ], [ 121.477117014956676, 23.657098597011913 ], [ 121.477108826569051, 23.654841180370397 ] ] ] } },
{ "type": "Feature", "properties": { "gridid": "294043", "time_bucket": null, "people_move_all": 0.0 }, "geometry": { "type": "Polygon", "coordinates": [ [ [ 121.467338393826523, 23.663900715198299 ], [ 121.464887593057682, 23.663908086362429 ], [ 121.464895575135344, 23.666165504341205 ], [ 121.467346417980465, 23.666158132389938 ], [ 121.467338393826523, 23.663900715198299 ] ] ] } },
{ "type": "Feature", "properties": { "gridid": "280906", "time_bucket": null, "people_move_all": 0.0 }, "geometry": { "type": "Polygon", "coordinates": [ [ [ 121.420628709247069, 23.618885373067922 ], [ 121.418178730986483, 23.618891993725068 ], [ 121.418185895766314, 23.621149439052775 ], [ 121.420635916000094, 23.621142817687588 ], [ 121.420628709247069, 23.618885373067922 ] ] ] } },
{ "type": "Feature", "properties": { "gridid": "296623", "time_bucket": null, "people_move_all": 0.0 }, "geometry": { "type": "Polygon", "coordinates": [ [ [ 121.472272431908891, 23.672915515062563 ], [ 121.469821464803132, 23.6729229669169 ], [ 121.469829535042592, 23.675180380676967 ], [ 121.472280544245407, 23.675172928027099 ], [ 121.472272431908891, 23.672915515062563 ] ] ] } },
{ "type": "Feature", "properties": { "gridid": "292099", "time_bucket": null, "people_move_all": 0.0 }, "geometry": { "type": "Polygon", "coordinates": [ [ [ 121.489370352368752, 23.65706039707942 ], [ 121.486919686955645, 23.657068114556125 ], [ 121.486928044601314, 23.659325527281887 ], [ 121.489378752074344, 23.659317808980873 ], [ 121.489370352368752, 23.65706039707942 ] ] ] } },
{ "type": "Feature", "properties": { "gridid": "298506", "time_bucket": null, "people_move_all": 0.0 }, "geometry": { "type": "Polygon", "coordinates": [ [ [ 121.433079159168813, 23.679802365826696 ], [ 121.430628050341198, 23.679809199530347 ], [ 121.430635449774243, 23.682066623476477 ], [ 121.433086600715782, 23.682059789043446 ], [ 121.433079159168813, 23.679802365826696 ] ] ] } },
{ "type": "Feature", "properties": { "gridid": "274246", "time_bucket": null, "people_move_all": 0.0 }, "geometry": { "type": "Polygon", "coordinates": [ [ [ 121.393611495312072, 23.596381515327245 ], [ 121.391161926989724, 23.596387703957699 ], [ 121.39116862172709, 23.598645163380976 ], [ 121.393618231971175, 23.598638974088196 ], [ 121.393611495312072, 23.596381515327245 ] ] ] } },
{ "type": "Feature", "properties": { "gridid": "290112", "time_bucket": null, "people_move_all": 0.0 }, "geometry": { "type": "Polygon", "coordinates": [ [ [ 121.423180250566475, 23.650482868505087 ], [ 121.420729685103169, 23.650489537807506 ], [ 121.420736904410376, 23.652746973203229 ], [ 121.423187511919934, 23.652740303188299 ], [ 121.423180250566475, 23.650482868505087 ] ] ] } },
{ "type": "Feature", "properties": { "gridid": "275591", "time_bucket": null, "people_move_all": 0.0 }, "geometry": { "type": "Polygon", "coordinates": [ [ [ 121.420571087021699, 23.600825792370618 ], [ 121.418121444358789, 23.600832407364251 ], [ 121.418128602012544, 23.603089857958377 ], [ 121.420578286606926, 23.60308324225689 ], [ 121.420571087021699, 23.600825792370618 ] ] ] } },
{ "type": "Feature", "properties": { "gridid": "300399", "time_bucket": null, "people_move_all": 0.0 }, "geometry": { "type": "Polygon", "coordinates": [ [ [ 121.430650251489368, 23.686581469355573 ], [ 121.42819901538509, 23.686588266450912 ], [ 121.428206375445782, 23.688845689142418 ], [ 121.430657653679773, 23.688838891321769 ], [ 121.430650251489368, 23.686581469355573 ] ] ] } },
{ "type": "Feature", "properties": { "gridid": "282213", "time_bucket": null, "people_move_all": 0.0 }, "geometry": { "type": "Polygon", "coordinates": [ [ [ 121.401042600756227, 23.623452155175713 ], [ 121.398592531561121, 23.623458467799882 ], [ 121.398599362251687, 23.625715917326328 ], [ 121.401049473430945, 23.625709604027158 ], [ 121.401042600756227, 23.623452155175713 ] ] ] } },
{ "type": "Feature", "properties": { "gridid": "300422", "time_bucket": null, "people_move_all": 0.0 }, "geometry": { "type": "Polygon", "coordinates": [ [ [ 121.48702841777515, 23.686414428492022 ], [ 121.484577204135718, 23.686422117891802 ], [ 121.484585533160867, 23.688679522853789 ], [ 121.487036788928251, 23.688671832633485 ], [ 121.48702841777515, 23.686414428492022 ] ] ] } },
{ "type": "Feature", "properties": { "gridid": "294038", "time_bucket": "2025-09-23T13:55:00", "people_move_all": 6.7 }, "geometry": { "type": "Polygon", "coordinates": [ [ [ 121.45508437947079, 23.663937183442282 ], [ 121.452633573795893, 23.663944360834392 ], [ 121.452641345490875, 23.666201782686834 ], [ 121.455092193242479, 23.666194604528268 ], [ 121.45508437947079, 23.663937183442282 ] ] ] } },
{ "type": "Feature", "properties": { "gridid": "299122", "time_bucket": null, "people_move_all": 0.0 }, "geometry": { "type": "Polygon", "coordinates": [ [ [ 121.396319243280715, 23.682158232768462 ], [ 121.393868079102674, 23.682164485372027 ], [ 121.393874847659234, 23.684421919102508 ], [ 121.396326053957452, 23.684415665831633 ], [ 121.396319243280715, 23.682158232768462 ] ] ] } },
{ "type": "Feature", "properties": { "gridid": "287532", "time_bucket": null, "people_move_all": 0.0 }, "geometry": { "type": "Polygon", "coordinates": [ [ [ 121.46480782706594, 23.641333870304084 ], [ 121.462357445781791, 23.641341194885303 ], [ 121.462365375921991, 23.643598620243665 ], [ 121.464815799230266, 23.643591294879709 ], [ 121.46480782706594, 23.641333870304084 ] ] ] } },
{ "type": "Feature", "properties": { "gridid": "296600", "time_bucket": null, "people_move_all": 0.0 }, "geometry": { "type": "Polygon", "coordinates": [ [ [ 121.41589994390138, 23.673077098632074 ], [ 121.413448955062577, 23.673083658744783 ], [ 121.413456057049316, 23.675341089659657 ], [ 121.415907087986824, 23.675334528846612 ], [ 121.41589994390138, 23.673077098632074 ] ] ] } },
{ "type": "Feature", "properties": { "gridid": "280904", "time_bucket": null, "people_move_all": 0.0 }, "geometry": { "type": "Polygon", "coordinates": [ [ [ 121.41572875210872, 23.618898575736718 ], [ 121.413278772071337, 23.61890511904847 ], [ 121.413285852904608, 23.621162565779859 ], [ 121.415735874915313, 23.621156021768329 ], [ 121.41572875210872, 23.618898575736718 ] ] ] } },
{ "type": "Feature", "properties": { "gridid": "286194", "time_bucket": null, "people_move_all": 0.0 }, "geometry": { "type": "Polygon", "coordinates": [ [ [ 121.410885126434906, 23.636971184677787 ], [ 121.408434808707753, 23.636977656176573 ], [ 121.40844181255747, 23.639235099026351 ], [ 121.410892172299853, 23.639228626835884 ], [ 121.410885126434906, 23.636971184677787 ] ] ] } },
{ "type": "Feature", "properties": { "gridid": "284198", "time_bucket": null, "people_move_all": 0.0 }, "geometry": { "type": "Polygon", "coordinates": [ [ [ 121.405963609604981, 23.630211754334837 ], [ 121.403513416156528, 23.630218146371512 ], [ 121.403520333395164, 23.632475592568248 ], [ 121.40597056884333, 23.632469199848241 ], [ 121.405963609604981, 23.630211754334837 ] ] ] } },
{ "type": "Feature", "properties": { "gridid": "271576", "time_bucket": null, "people_move_all": 0.0 }, "geometry": { "type": "Polygon", "coordinates": [ [ [ 121.381337545973821, 23.587382217447459 ], [ 121.37888814117494, 23.587388210351389 ], [ 121.378894623075581, 23.589645675654548 ], [ 121.38134406977565, 23.589639682109041 ], [ 121.381337545973821, 23.587382217447459 ] ] ] } },
{ "type": "Feature", "properties": { "gridid": "293368", "time_bucket": "2025-09-23T13:55:00", "people_move_all": 3.35 }, "geometry": { "type": "Polygon", "coordinates": [ [ [ 121.408511898329294, 23.661809491222762 ], [ 121.406061117275854, 23.661815931579842 ], [ 121.406068088634299, 23.66407336786791 ], [ 121.408518911760495, 23.664066926823022 ], [ 121.408511898329294, 23.661809491222762 ] ] ] } },
{ "type": "Feature", "properties": { "gridid": "276916", "time_bucket": null, "people_move_all": 0.0 }, "geometry": { "type": "Polygon", "coordinates": [ [ [ 121.398537916716165, 23.605398847834358 ], [ 121.396088182357644, 23.605405116411017 ], [ 121.396094964312582, 23.607662571873885 ], [ 121.398544740613588, 23.607656302626527 ], [ 121.398537916716165, 23.605398847834358 ] ] ] } },
{ "type": "Feature", "properties": { "gridid": "302928", "time_bucket": null, "people_move_all": 0.0 }, "geometry": { "type": "Polygon", "coordinates": [ [ [ 121.491964669781339, 23.695428539283419 ], [ 121.489513289683501, 23.695436309588686 ], [ 121.489521707144263, 23.697693710262421 ], [ 121.491973129390857, 23.697685939128231 ], [ 121.491964669781339, 23.695428539283419 ] ] ] } },
{ "type": "Feature", "properties": { "gridid": "298507", "time_bucket": null, "people_move_all": 0.0 }, "geometry": { "type": "Polygon", "coordinates": [ [ [ 121.435530267649739, 23.679795493300407 ], [ 121.433079159746356, 23.679802365788099 ], [ 121.433086601293326, 23.682059789004846 ], [ 121.435537751310562, 23.68205291578364 ], [ 121.435530267649739, 23.679795493300407 ] ] ] } },
{ "type": "Feature", "properties": { "gridid": "278909", "time_bucket": null, "people_move_all": 0.0 }, "geometry": { "type": "Polygon", "coordinates": [ [ [ 121.388758944956663, 23.612196060710541 ], [ 121.386309081411071, 23.612202176655991 ], [ 121.386315698064138, 23.614459632786293 ], [ 121.388765603568118, 23.614453516186629 ], [ 121.388758944956663, 23.612196060710541 ] ] ] } },
{ "type": "Feature", "properties": { "gridid": "278248", "time_bucket": null, "people_move_all": 0.0 }, "geometry": { "type": "Polygon", "coordinates": [ [ [ 121.396101747213294, 23.609920026714647 ], [ 121.393651928120804, 23.609926257976088 ], [ 121.39365866981025, 23.612183712789445 ], [ 121.396108530855685, 23.612177480861401 ], [ 121.396101747213294, 23.609920026714647 ] ] ] } },
{ "type": "Feature", "properties": { "gridid": "290139", "time_bucket": null, "people_move_all": 0.0 }, "geometry": { "type": "Polygon", "coordinates": [ [ [ 121.489345159856057, 23.650288157427426 ], [ 121.486894620591372, 23.650295872431379 ], [ 121.486902975121851, 23.652553287136996 ], [ 121.489353556430771, 23.652545571308817 ], [ 121.489345159856057, 23.650288157427426 ] ] ] } },
{ "type": "Feature", "properties": { "gridid": "292738", "time_bucket": null, "people_move_all": 0.0 }, "geometry": { "type": "Polygon", "coordinates": [ [ [ 121.459970195330669, 23.659407871374317 ], [ 121.457519475739872, 23.659415124726042 ], [ 121.457527329636264, 23.661672546361025 ], [ 121.459978091293138, 23.661665292234623 ], [ 121.459970195330669, 23.659407871374317 ] ] ] } },
{ "type": "Feature", "properties": { "gridid": "298509", "time_bucket": null, "people_move_all": 0.0 }, "geometry": { "type": "Polygon", "coordinates": [ [ [ 121.440432480603903, 23.679781632054127 ], [ 121.4379813745646, 23.679788582109712 ], [ 121.437988900339221, 23.682046003855284 ], [ 121.440440048492221, 23.682039053057903 ], [ 121.440432480603903, 23.679781632054127 ] ] ] } },
{ "type": "Feature", "properties": { "gridid": "300396", "time_bucket": null, "people_move_all": 0.0 }, "geometry": { "type": "Polygon", "coordinates": [ [ [ 121.423296541047137, 23.686601744271851 ], [ 121.420845302216705, 23.686608424977308 ], [ 121.420852535887931, 23.688865849819912 ], [ 121.423303816848289, 23.68885916840156 ], [ 121.423296541047137, 23.686601744271851 ] ] ] } },
{ "type": "Feature", "properties": { "gridid": "279577", "time_bucket": "2025-09-23T13:55:00", "people_move_all": 3.35 }, "geometry": { "type": "Polygon", "coordinates": [ [ [ 121.401015118517776, 23.614422353211058 ], [ 121.398565217207135, 23.614428663135435 ], [ 121.398572044500597, 23.616686115295128 ], [ 121.401021987774513, 23.616679804695831 ], [ 121.401015118517776, 23.614422353211058 ] ] ] } },
{ "type": "Feature", "properties": { "gridid": "286205", "time_bucket": null, "people_move_all": 0.0 }, "geometry": { "type": "Polygon", "coordinates": [ [ [ 121.437838562392244, 23.636897443526202 ], [ 121.435388254586925, 23.636904340787055 ], [ 121.435395720600496, 23.63916177580078 ], [ 121.437846070420321, 23.639154877802728 ], [ 121.437838562392244, 23.636897443526202 ] ] ] } },
{ "type": "Feature", "properties": { "gridid": "286201", "time_bucket": null, "people_move_all": 0.0 }, "geometry": { "type": "Polygon", "coordinates": [ [ [ 121.428037325262054, 23.636924800379237 ], [ 121.425587013775655, 23.636931542818321 ], [ 121.425594311730606, 23.639188980739441 ], [ 121.428044665231738, 23.63918223757971 ], [ 121.428037325262054, 23.636924800379237 ] ] ] } },
{ "type": "Feature", "properties": { "gridid": "287523", "time_bucket": null, "people_move_all": 0.0 }, "geometry": { "type": "Polygon", "coordinates": [ [ [ 121.442754360517611, 23.641398397874902 ], [ 121.440303970550232, 23.641405374037245 ], [ 121.440311522469983, 23.64366280625417 ], [ 121.442761954462156, 23.643655829346308 ], [ 121.442754360517611, 23.641398397874902 ] ] ] } },
{ "type": "Feature", "properties": { "gridid": "299790", "time_bucket": null, "people_move_all": 0.0 }, "geometry": { "type": "Polygon", "coordinates": [ [ [ 121.484568875810709, 23.684164712258784 ], [ 121.482117703259846, 23.684172362047047 ], [ 121.48212598912788, 23.686429768485986 ], [ 121.484577203801578, 23.68642211788136 ], [ 121.484568875810709, 23.684164712258784 ] ] ] } },
{ "type": "Feature", "properties": { "gridid": "294668", "time_bucket": null, "people_move_all": 0.0 }, "geometry": { "type": "Polygon", "coordinates": [ [ [ 121.40852592653583, 23.666324361793258 ], [ 121.406075061331606, 23.666330803525959 ], [ 121.406082034422539, 23.668588238495357 ], [ 121.408532941710007, 23.6685817960748 ], [ 121.40852592653583, 23.666324361793258 ] ] ] } },
{ "type": "Feature", "properties": { "gridid": "294022", "time_bucket": "2025-09-23T13:55:00", "people_move_all": 3.35 }, "geometry": { "type": "Polygon", "coordinates": [ [ [ 121.415871376499425, 23.664047371215695 ], [ 121.413420556003217, 23.664053928527316 ], [ 121.413427654461685, 23.666311362080187 ], [ 121.415878517035694, 23.666304804068321 ], [ 121.415871376499425, 23.664047371215695 ] ] ] } },
{ "type": "Feature", "properties": { "gridid": "286866", "time_bucket": "2025-09-23T13:55:00", "people_move_all": 5.4950980392156863 }, "geometry": { "type": "Polygon", "coordinates": [ [ [ 121.440296419457582, 23.639147941101545 ], [ 121.437846070571169, 23.639154877809027 ], [ 121.4378535795326, 23.641412311426464 ], [ 121.440303970438663, 23.64140537397763 ], [ 121.440296419457582, 23.639147941101545 ] ] ] } },
{ "type": "Feature", "properties": { "gridid": "270913", "time_bucket": "2025-09-23T13:55:00", "people_move_all": 3.35 }, "geometry": { "type": "Polygon", "coordinates": [ [ [ 121.391128465999543, 23.585100396916925 ], [ 121.388679106375051, 23.585106543624818 ], [ 121.388685755052592, 23.587364006994406 ], [ 121.391135156572815, 23.58735785962843 ], [ 121.391128465999543, 23.585100396916925 ] ] ] } },
{ "type": "Feature", "properties": { "gridid": "303549", "time_bucket": null, "people_move_all": 0.0 }, "geometry": { "type": "Polygon", "coordinates": [ [ [ 121.489521706931441, 23.697693710293304 ], [ 121.487070283639724, 23.697701442611759 ], [ 121.487078659991553, 23.699958843449416 ], [ 121.489530125437341, 23.699951110306149 ], [ 121.489521706931441, 23.697693710293304 ] ] ] } },
{ "type": "Feature", "properties": { "gridid": "305406", "time_bucket": null, "people_move_all": 0.0 }, "geometry": { "type": "Polygon", "coordinates": [ [ [ 121.504256242922409, 23.704418684173966 ], [ 121.501804699503566, 23.704426651934767 ], [ 121.501813331992977, 23.706684045778129 ], [ 121.504264917581111, 23.706676077167597 ], [ 121.504256242922409, 23.704418684173966 ] ] ] } },
{ "type": "Feature", "properties": { "gridid": "282878", "time_bucket": null, "people_move_all": 0.0 }, "geometry": { "type": "Polygon", "coordinates": [ [ [ 121.418200228314149, 23.625664327681644 ], [ 121.415750123227099, 23.625670911777913 ], [ 121.415757248691406, 23.627928355833902 ], [ 121.418207395767368, 23.627921771033652 ], [ 121.418200228314149, 23.625664327681644 ] ] ] } },
{ "type": "Feature", "properties": { "gridid": "290127", "time_bucket": null, "people_move_all": 0.0 }, "geometry": { "type": "Polygon", "coordinates": [ [ [ 121.459938621181379, 23.650378181306301 ], [ 121.457488069802608, 23.650385431559567 ], [ 121.457495919796074, 23.652642855833168 ], [ 121.45994651321999, 23.652635604805329 ], [ 121.459938621181379, 23.650378181306301 ] ] ] } },
{ "type": "Feature", "properties": { "gridid": "284202", "time_bucket": null, "people_move_all": 0.0 }, "geometry": { "type": "Polygon", "coordinates": [ [ [ 121.41576437485972, 23.630185799230997 ], [ 121.413314184903484, 23.630192346041841 ], [ 121.413321270140543, 23.632449789480393 ], [ 121.415771502096206, 23.632443241969657 ], [ 121.41576437485972, 23.630185799230997 ] ] ] } },
{ "type": "Feature", "properties": { "gridid": "296620", "time_bucket": null, "people_move_all": 0.0 }, "geometry": { "type": "Polygon", "coordinates": [ [ [ 121.464919527550478, 23.672937754334715 ], [ 121.462468557453093, 23.672945089876755 ], [ 121.462476501400886, 23.675202505998584 ], [ 121.464927513595555, 23.675195169673422 ], [ 121.464919527550478, 23.672937754334715 ] ] ] } },
{ "type": "Feature", "properties": { "gridid": "299753", "time_bucket": null, "people_move_all": 0.0 }, "geometry": { "type": "Polygon", "coordinates": [ [ [ 121.393874847402188, 23.684421919128084 ], [ 121.391423640263326, 23.684428133605746 ], [ 121.391430367535094, 23.686685567339783 ], [ 121.393881616799405, 23.686679352198933 ], [ 121.393874847402188, 23.684421919128084 ] ] ] } },
{ "type": "Feature", "properties": { "gridid": "294034", "time_bucket": null, "people_move_all": 0.0 }, "geometry": { "type": "Polygon", "coordinates": [ [ [ 121.445281151539817, 23.663965660535261 ], [ 121.442830342034128, 23.663972682908678 ], [ 121.442837945421687, 23.666230107785541 ], [ 121.445288797004352, 23.666223084662228 ], [ 121.445281151539817, 23.663965660535261 ] ] ] } },
{ "type": "Feature", "properties": { "gridid": "294033", "time_bucket": null, "people_move_all": 0.0 }, "geometry": { "type": "Polygon", "coordinates": [ [ [ 121.442830342050641, 23.663972682938752 ], [ 121.440379531600328, 23.663979666557342 ], [ 121.440387092910854, 23.666237092179973 ], [ 121.442837945438228, 23.666230107815622 ], [ 121.442830342050641, 23.663972682938752 ] ] ] } },
{ "type": "Feature", "properties": { "gridid": "290124", "time_bucket": null, "people_move_all": 0.0 }, "geometry": { "type": "Polygon", "coordinates": [ [ [ 121.452586964704778, 23.65039981594828 ], [ 121.45013641041507, 23.650406950012471 ], [ 121.450144134272549, 23.652664376584969 ], [ 121.452594730607657, 23.652657241758618 ], [ 121.452586964704778, 23.65039981594828 ] ] ] } },
{ "type": "Feature", "properties": { "gridid": "286862", "time_bucket": null, "people_move_all": 0.0 }, "geometry": { "type": "Polygon", "coordinates": [ [ [ 121.430495018348239, 23.639175455754426 ], [ 121.428044665759614, 23.639182237623821 ], [ 121.428052006641821, 23.641439674165294 ], [ 121.430502401250379, 23.641432891571089 ], [ 121.430495018348239, 23.639175455754426 ] ] ] } },
{ "type": "Feature", "properties": { "gridid": "280239", "time_bucket": null, "people_move_all": 0.0 }, "geometry": { "type": "Polygon", "coordinates": [ [ [ 121.403471930662064, 23.616673455406236 ], [ 121.401021988242562, 23.616679804674458 ], [ 121.401028858353698, 23.618937255500974 ], [ 121.403478842741663, 23.618930905553682 ], [ 121.403471930662064, 23.616673455406236 ] ] ] } },
{ "type": "Feature", "properties": { "gridid": "296615", "time_bucket": null, "people_move_all": 0.0 }, "geometry": { "type": "Polygon", "coordinates": [ [ [ 121.452664667234885, 23.672974044330324 ], [ 121.450213692256057, 23.672981186017278 ], [ 121.450221425716293, 23.675238605992579 ], [ 121.45267244279276, 23.675231463543199 ], [ 121.452664667234885, 23.672974044330324 ] ] ] } },
{ "type": "Feature", "properties": { "gridid": "288176", "time_bucket": null, "people_move_all": 0.0 }, "geometry": { "type": "Polygon", "coordinates": [ [ [ 121.447662815082808, 23.643641759363359 ], [ 121.445212384983833, 23.643648813706324 ], [ 121.445220021902273, 23.645906243768824 ], [ 121.447670494031101, 23.64589918867204 ], [ 121.447662815082808, 23.643641759363359 ] ] ] } },
{ "type": "Feature", "properties": { "gridid": "272907", "time_bucket": null, "people_move_all": 0.0 }, "geometry": { "type": "Polygon", "coordinates": [ [ [ 121.38135059406828, 23.591897146062347 ], [ 121.378901105461807, 23.59190314024945 ], [ 121.378907588975892, 23.594160604237576 ], [ 121.381357119493984, 23.594154609408861 ], [ 121.38135059406828, 23.591897146062347 ] ] ] } },
{ "type": "Feature", "properties": { "gridid": "297236", "time_bucket": "2025-09-23T13:55:00", "people_move_all": 16.421018833849956 }, "geometry": { "type": "Polygon", "coordinates": [ [ [ 121.42080914651433, 23.675321290839584 ], [ 121.418358117357002, 23.675327929204879 ], [ 121.418365304433763, 23.677585358055282 ], [ 121.420816375694926, 23.677578718981351 ], [ 121.42080914651433, 23.675321290839584 ] ] ] } },
{ "type": "Feature", "properties": { "gridid": "292078", "time_bucket": null, "people_move_all": 0.0 }, "geometry": { "type": "Polygon", "coordinates": [ [ [ 121.437906168361664, 23.657214328370419 ], [ 121.435455482237955, 23.657221232266874 ], [ 121.435462956607566, 23.659478661347254 ], [ 121.437913684792775, 23.659471756713391 ], [ 121.437906168361664, 23.657214328370419 ] ] ] } },
{ "type": "Feature", "properties": { "gridid": "294020", "time_bucket": null, "people_move_all": 0.0 }, "geometry": { "type": "Polygon", "coordinates": [ [ [ 121.410969734456586, 23.66406044707513 ], [ 121.408518912201814, 23.664066926875655 ], [ 121.408525926504453, 23.666324361816582 ], [ 121.410976790837154, 23.666317881324098 ], [ 121.410969734456586, 23.66406044707513 ] ] ] } },
{ "type": "Feature", "properties": { "gridid": "301049", "time_bucket": null, "people_move_all": 0.0 }, "geometry": { "type": "Polygon", "coordinates": [ [ [ 121.482134276485681, 23.688687174294458 ], [ 121.479683018654811, 23.688694786916123 ], [ 121.479691264447652, 23.690952192846151 ], [ 121.482142564411888, 23.690944579412214 ], [ 121.482134276485681, 23.688687174294458 ] ] ] } },
{ "type": "Feature", "properties": { "gridid": "292728", "time_bucket": null, "people_move_all": 0.0 }, "geometry": { "type": "Polygon", "coordinates": [ [ [ 121.435462956424502, 23.659478661336628 ], [ 121.433012227310485, 23.659485527223765 ], [ 121.433019660542101, 23.661742956377939 ], [ 121.435470431722919, 23.661736089757508 ], [ 121.435462956424502, 23.659478661336628 ] ] ] } },
{ "type": "Feature", "properties": { "gridid": "288840", "time_bucket": null, "people_move_all": 0.0 }, "geometry": { "type": "Polygon", "coordinates": [ [ [ 121.491778824321898, 23.645765575545674 ], [ 121.489328370173368, 23.645773327621789 ], [ 121.489336764661246, 23.64803074282289 ], [ 121.491787260843509, 23.648022989918463 ], [ 121.491778824321898, 23.645765575545674 ] ] ] } },
{ "type": "Feature", "properties": { "gridid": "298525", "time_bucket": null, "people_move_all": 0.0 }, "geometry": { "type": "Polygon", "coordinates": [ [ [ 121.47965004586591, 23.679665156586292 ], [ 121.477198955492611, 23.679672727176271 ], [ 121.477207155077821, 23.681930136556385 ], [ 121.479658287563637, 23.681922565158381 ], [ 121.47965004586591, 23.679665156586292 ] ] ] } },
{ "type": "Feature", "properties": { "gridid": "289484", "time_bucket": null, "people_move_all": 0.0 }, "geometry": { "type": "Polygon", "coordinates": [ [ [ 121.477084268024271, 23.64806892648761 ], [ 121.474633765660045, 23.648076447043056 ], [ 121.474641908956002, 23.650333866467449 ], [ 121.477092453359631, 23.650326345108496 ], [ 121.477084268024271, 23.64806892648761 ] ] ] } },
{ "type": "Feature", "properties": { "gridid": "299143", "time_bucket": null, "people_move_all": 0.0 }, "geometry": { "type": "Polygon", "coordinates": [ [ [ 121.44779348759603, 23.68201796785285 ], [ 121.445342342278636, 23.682025035014064 ], [ 121.4453499953446, 23.684282453861751 ], [ 121.447801182780736, 23.684275385946311 ], [ 121.44779348759603, 23.68201796785285 ] ] ] } },
{ "type": "Feature", "properties": { "gridid": "288823", "time_bucket": null, "people_move_all": 0.0 }, "geometry": { "type": "Polygon", "coordinates": [ [ [ 121.450120965126999, 23.645892094832753 ], [ 121.447670493952657, 23.645899188651143 ], [ 121.447678173855493, 23.648156617300483 ], [ 121.450128687064819, 23.648149522724125 ], [ 121.450120965126999, 23.645892094832753 ] ] ] } },
{ "type": "Feature", "properties": { "gridid": "280246", "time_bucket": null, "people_move_all": 0.0 }, "geometry": { "type": "Polygon", "coordinates": [ [ [ 121.420621503709881, 23.616627927793218 ], [ 121.418171567417261, 23.616634547742347 ], [ 121.418178731306114, 23.618891993728525 ], [ 121.420628709566728, 23.618885373071372 ], [ 121.420621503709881, 23.616627927793218 ] ] ] } },
{ "type": "Feature", "properties": { "gridid": "292744", "time_bucket": null, "people_move_all": 0.0 }, "geometry": { "type": "Polygon", "coordinates": [ [ [ 121.47467449215074, 23.659363537597724 ], [ 121.472223778524764, 23.659371023425248 ], [ 121.472231884816438, 23.661628440350089 ], [ 121.47468264050805, 23.661620953723055 ], [ 121.47467449215074, 23.659363537597724 ] ] ] } },
{ "type": "Feature", "properties": { "gridid": "290786", "time_bucket": null, "people_move_all": 0.0 }, "geometry": { "type": "Polygon", "coordinates": [ [ [ 121.472199466111078, 23.652598768676715 ], [ 121.46974887764361, 23.65260621337249 ], [ 121.469756938863924, 23.654863633072118 ], [ 121.472207569381396, 23.654856187581061 ], [ 121.472199466111078, 23.652598768676715 ] ] ] } },
{ "type": "Feature", "properties": { "gridid": "294690", "time_bucket": null, "people_move_all": 0.0 }, "geometry": { "type": "Polygon", "coordinates": [ [ [ 121.462444731438211, 23.666172837509581 ], [ 121.459993886614839, 23.666180131943964 ], [ 121.46000178552093, 23.668437550824727 ], [ 121.462452672425997, 23.668430255611455 ], [ 121.462444731438211, 23.666172837509581 ] ] ] } },
{ "type": "Feature", "properties": { "gridid": "279589", "time_bucket": null, "people_move_all": 0.0 }, "geometry": { "type": "Polygon", "coordinates": [ [ [ 121.430413866442237, 23.614343618222577 ], [ 121.427963975727991, 23.614350392120716 ], [ 121.427971306576538, 23.616607835908518 ], [ 121.430421239253249, 23.616601061285838 ], [ 121.430413866442237, 23.614343618222577 ] ] ] } },
{ "type": "Feature", "properties": { "gridid": "297894", "time_bucket": null, "people_move_all": 0.0 }, "geometry": { "type": "Polygon", "coordinates": [ [ [ 121.482092851757386, 23.677400138776303 ], [ 121.47964180451487, 23.677407747336996 ], [ 121.479650045189032, 23.679665156569474 ], [ 121.482101134538752, 23.679657547196644 ], [ 121.482092851757386, 23.677400138776303 ] ] ] } },
{ "type": "Feature", "properties": { "gridid": "293372", "time_bucket": null, "people_move_all": 0.0 }, "geometry": { "type": "Polygon", "coordinates": [ [ [ 121.418315014425602, 23.661783342312109 ], [ 121.415864236889021, 23.661789937674847 ], [ 121.415871376538178, 23.664047371186879 ], [ 121.418322196147258, 23.664040775119791 ], [ 121.418315014425602, 23.661783342312109 ] ] ] } },
{ "type": "Feature", "properties": { "gridid": "285524", "time_bucket": null, "people_move_all": 0.0 }, "geometry": { "type": "Polygon", "coordinates": [ [ [ 121.401076972612316, 23.634739392831822 ], [ 121.398626693444186, 23.634745708831222 ], [ 121.398633528382547, 23.637003155065049 ], [ 121.401083849560948, 23.636996838390527 ], [ 121.401076972612316, 23.634739392831822 ] ] ] } },
{ "type": "Feature", "properties": { "gridid": "284863", "time_bucket": "2025-09-23T13:55:00", "people_move_all": 6.7 }, "geometry": { "type": "Polygon", "coordinates": [ [ [ 121.408420803738395, 23.632462768415799 ], [ 121.405970569155528, 23.632469199833576 ], [ 121.405977529259189, 23.634726644688335 ], [ 121.408427805846898, 23.634720212583051 ], [ 121.408420803738395, 23.632462768415799 ] ] ] } },
{ "type": "Feature", "properties": { "gridid": "295346", "time_bucket": null, "people_move_all": 0.0 }, "geometry": { "type": "Polygon", "coordinates": [ [ [ 121.484510609063747, 23.668362854407967 ], [ 121.482059731226244, 23.668370498482485 ], [ 121.482068009893169, 23.670627909544027 ], [ 121.4845189298169, 23.670620264653337 ], [ 121.484510609063747, 23.668362854407967 ] ] ] } },
{ "type": "Feature", "properties": { "gridid": "276250", "time_bucket": null, "people_move_all": 0.0 }, "geometry": { "type": "Polygon", "coordinates": [ [ [ 121.400980785777648, 23.603135085855506 ], [ 121.398531094205154, 23.603141392405675 ], [ 121.398537917253748, 23.605398847855842 ], [ 121.400987650763412, 23.60539254063087 ], [ 121.400980785777648, 23.603135085855506 ] ] ] } },
{ "type": "Feature", "properties": { "gridid": "291439", "time_bucket": null, "people_move_all": 0.0 }, "geometry": { "type": "Polygon", "coordinates": [ [ [ 121.4673063066884, 23.654871039854878 ], [ 121.464855674172497, 23.654878407870672 ], [ 121.464863652283896, 23.657135828488769 ], [ 121.467314326855188, 23.657128459685929 ], [ 121.4673063066884, 23.654871039854878 ] ] ] } },
{ "type": "Feature", "properties": { "gridid": "290129", "time_bucket": null, "people_move_all": 0.0 }, "geometry": { "type": "Polygon", "coordinates": [ [ [ 121.464839721152885, 23.650363564655486 ], [ 121.462389171740909, 23.650370892367839 ], [ 121.462397105824621, 23.652628315088148 ], [ 121.464847697281641, 23.65262098659295 ], [ 121.464839721152885, 23.650363564655486 ] ] ] } },
{ "type": "Feature", "properties": { "gridid": "274244", "time_bucket": null, "people_move_all": 0.0 }, "geometry": { "type": "Polygon", "coordinates": [ [ [ 121.388712358064183, 23.596393853900981 ], [ 121.386262788081183, 23.596399965267555 ], [ 121.386269398974875, 23.598657426003083 ], [ 121.388719010879768, 23.598651313982458 ], [ 121.388712358064183, 23.596393853900981 ] ] ] } },
{ "type": "Feature", "properties": { "gridid": "286871", "time_bucket": null, "people_move_all": 0.0 }, "geometry": { "type": "Polygon", "coordinates": [ [ [ 121.452548149036318, 23.639112677007684 ], [ 121.450097804895194, 23.639119807261427 ], [ 121.450105523954051, 23.64137723713073 ], [ 121.452555910114455, 23.641370106114959 ], [ 121.452548149036318, 23.639112677007684 ] ] ] } },
{ "type": "Feature", "properties": { "gridid": "274912", "time_bucket": null, "people_move_all": 0.0 }, "geometry": { "type": "Polygon", "coordinates": [ [ [ 121.391168622235085, 23.598645163312334 ], [ 121.388719011158003, 23.598651313969075 ], [ 121.38872566480137, 23.600908773392778 ], [ 121.391175317805477, 23.600902622077818 ], [ 121.391168622235085, 23.598645163312334 ] ] ] } },
{ "type": "Feature", "properties": { "gridid": "277602", "time_bucket": null, "people_move_all": 0.0 }, "geometry": { "type": "Polygon", "coordinates": [ [ [ 121.447540081809152, 23.607522800829184 ], [ 121.445090323477828, 23.607529843114566 ], [ 121.445097945217697, 23.609787283719523 ], [ 121.447547745495356, 23.609780240680735 ], [ 121.447540081809152, 23.607522800829184 ] ] ] } },
{ "type": "Feature", "properties": { "gridid": "284211", "time_bucket": null, "people_move_all": 0.0 }, "geometry": { "type": "Polygon", "coordinates": [ [ [ 121.437816043782163, 23.630125136745004 ], [ 121.435365861988942, 23.630132031794439 ], [ 121.435373325218407, 23.632389468785075 ], [ 121.437823549010474, 23.632382572998523 ], [ 121.437816043782163, 23.630125136745004 ] ] ] } },
{ "type": "Feature", "properties": { "gridid": "291435", "time_bucket": "2025-09-23T13:55:00", "people_move_all": 3.35 }, "geometry": { "type": "Polygon", "coordinates": [ [ [ 121.457503770766564, 23.654900279472962 ], [ 121.455053134316543, 23.65490749253749 ], [ 121.455060944205599, 23.657164916262367 ], [ 121.457511622711323, 23.657157702427345 ], [ 121.457503770766564, 23.654900279472962 ] ] ] } },
{ "type": "Feature", "properties": { "gridid": "281563", "time_bucket": null, "people_move_all": 0.0 }, "geometry": { "type": "Polygon", "coordinates": [ [ [ 121.420635915786846, 23.621142817642657 ], [ 121.418185895553037, 23.621149439007844 ], [ 121.41819306122396, 23.623406883677028 ], [ 121.420643123436165, 23.623400261603777 ], [ 121.420635915786846, 23.621142817642657 ] ] ] } },
{ "type": "Feature", "properties": { "gridid": "286847", "time_bucket": null, "people_move_all": 0.0 }, "geometry": { "type": "Polygon", "coordinates": [ [ [ 121.393739636070919, 23.639273119176494 ], [ 121.39128927034325, 23.639279320394994 ], [ 121.391295980918642, 23.641536767312079 ], [ 121.393746388667253, 23.641530565430831 ], [ 121.393739636070919, 23.639273119176494 ] ] ] } },
{ "type": "Feature", "properties": { "gridid": "296601", "time_bucket": "2025-09-23T13:55:00", "people_move_all": 3.35 }, "geometry": { "type": "Polygon", "coordinates": [ [ [ 121.418350931408341, 23.673070499697271 ], [ 121.415899943456935, 23.673077098581999 ], [ 121.415907087542379, 23.675334528796537 ], [ 121.418358117592405, 23.675327929207342 ], [ 121.418350931408341, 23.673070499697271 ] ] ] } },
{ "type": "Feature", "properties": { "gridid": "288168", "time_bucket": "2025-09-23T13:55:00", "people_move_all": 3.35 }, "geometry": { "type": "Polygon", "coordinates": [ [ [ 121.428059347927075, 23.643697109985219 ], [ 121.425608910380745, 23.643703854586303 ], [ 121.425616211057715, 23.645961290530355 ], [ 121.428066690634495, 23.64595454520855 ], [ 121.428059347927075, 23.643697109985219 ] ] ] } },
{ "type": "Feature", "properties": { "gridid": "278924", "time_bucket": null, "people_move_all": 0.0 }, "geometry": { "type": "Polygon", "coordinates": [ [ [ 121.425506795787172, 23.612099682195794 ], [ 121.423056945212082, 23.612106378049294 ], [ 121.423064191234147, 23.61436382393218 ], [ 121.425514083766629, 23.614357127362442 ], [ 121.425506795787172, 23.612099682195794 ] ] ] } },
{ "type": "Feature", "properties": { "gridid": "299131", "time_bucket": null, "people_move_all": 0.0 }, "geometry": { "type": "Polygon", "coordinates": [ [ [ 121.41837968184096, 23.682100213805612 ], [ 121.415928525463599, 23.682106815508373 ], [ 121.41593567309927, 23.684364243084058 ], [ 121.41838687159624, 23.684357640676733 ], [ 121.41837968184096, 23.682100213805612 ] ] ] } },
{ "type": "Feature", "properties": { "gridid": "295961", "time_bucket": null, "people_move_all": 0.0 }, "geometry": { "type": "Polygon", "coordinates": [ [ [ 121.406089008232769, 23.67084567280493 ], [ 121.403638057990435, 23.670852077145241 ], [ 121.40364499072038, 23.673109511479527 ], [ 121.40609598305646, 23.673103106455457 ], [ 121.406089008232769, 23.67084567280493 ] ] ] } },
{ "type": "Feature", "properties": { "gridid": "285539", "time_bucket": null, "people_move_all": 0.0 }, "geometry": { "type": "Polygon", "coordinates": [ [ [ 121.437831054853021, 23.634640008665798 ], [ 121.43538078905695, 23.634646905189484 ], [ 121.43538825414241, 23.63690434086223 ], [ 121.437838561947729, 23.636897443601377 ], [ 121.437831054853021, 23.634640008665798 ] ] ] } },
{ "type": "Feature", "properties": { "gridid": "290135", "time_bucket": null, "people_move_all": 0.0 }, "geometry": { "type": "Polygon", "coordinates": [ [ [ 121.479542997005652, 23.650318785053429 ], [ 121.477092453619363, 23.650326345141519 ], [ 121.477100639972065, 23.652583763102658 ], [ 121.479551225402943, 23.652576202206898 ], [ 121.479542997005652, 23.650318785053429 ] ] ] } },
{ "type": "Feature", "properties": { "gridid": "289465", "time_bucket": null, "people_move_all": 0.0 }, "geometry": { "type": "Polygon", "coordinates": [ [ [ 121.430524554573182, 23.64820519502091 ], [ 121.428074033873543, 23.648211979789657 ], [ 121.428081378406418, 23.650469413694665 ], [ 121.430531941146882, 23.650462628201023 ], [ 121.430524554573182, 23.64820519502091 ] ] ] } },
{ "type": "Feature", "properties": { "gridid": "297267", "time_bucket": null, "people_move_all": 0.0 }, "geometry": { "type": "Polygon", "coordinates": [ [ [ 121.496790579789021, 23.675096268903246 ], [ 121.494339580898853, 23.675104109297969 ], [ 121.494348073160253, 23.677361514256042 ], [ 121.496799114151898, 23.677353673024371 ], [ 121.496790579789021, 23.675096268903246 ] ] ] } },
{ "type": "Feature", "properties": { "gridid": "292741", "time_bucket": null, "people_move_all": 0.0 }, "geometry": { "type": "Polygon", "coordinates": [ [ [ 121.46732234875229, 23.659385878826562 ], [ 121.464871632120378, 23.659393248416482 ], [ 121.464879612214773, 23.661650667715016 ], [ 121.467330370912521, 23.66164329733801 ], [ 121.46732234875229, 23.659385878826562 ] ] ] } },
{ "type": "Feature", "properties": { "gridid": "277578", "time_bucket": null, "people_move_all": 0.0 }, "geometry": { "type": "Polygon", "coordinates": [ [ [ 121.38874563083165, 23.607681147707751 ], [ 121.386295851187157, 23.607687262344843 ], [ 121.386302466194394, 23.609944719791162 ], [ 121.388752287786843, 23.609938604499895 ], [ 121.38874563083165, 23.607681147707751 ] ] ] } },
{ "type": "Feature", "properties": { "gridid": "290778", "time_bucket": null, "people_move_all": 0.0 }, "geometry": { "type": "Polygon", "coordinates": [ [ [ 121.452594730246204, 23.652657241696435 ], [ 121.450144133911081, 23.652664376522779 ], [ 121.450151858728532, 23.654921802435773 ], [ 121.452602497114242, 23.654914666847247 ], [ 121.452594730246204, 23.652657241696435 ] ] ] } },
{ "type": "Feature", "properties": { "gridid": "297887", "time_bucket": null, "people_move_all": 0.0 }, "geometry": { "type": "Polygon", "coordinates": [ [ [ 121.464935500660914, 23.677452584310693 ], [ 121.462484446363703, 23.677459921418983 ], [ 121.462492392285228, 23.679717336220534 ], [ 121.464943488690167, 23.679709998329077 ], [ 121.464935500660914, 23.677452584310693 ] ] ] } },
{ "type": "Feature", "properties": { "gridid": "288159", "time_bucket": "2025-09-23T13:55:00", "people_move_all": 6.5245901639344259 }, "geometry": { "type": "Polygon", "coordinates": [ [ [ 121.406005378054715, 23.643756417557746 ], [ 121.403554932529715, 23.643762813694813 ], [ 121.403561854929777, 23.646020255939121 ], [ 121.406012342485809, 23.646013859118579 ], [ 121.406005378054715, 23.643756417557746 ] ] ] } },
{ "type": "Feature", "properties": { "gridid": "300397", "time_bucket": null, "people_move_all": 0.0 }, "geometry": { "type": "Polygon", "coordinates": [ [ [ 121.42574777853045, 23.686595024830989 ], [ 121.423296540603516, 23.686601744333139 ], [ 121.423303816404641, 23.688859168462844 ], [ 121.425755096461401, 23.688852448243672 ], [ 121.42574777853045, 23.686595024830989 ] ] ] } },
{ "type": "Feature", "properties": { "gridid": "287535", "time_bucket": null, "people_move_all": 0.0 }, "geometry": { "type": "Polygon", "coordinates": [ [ [ 121.472158964535708, 23.64131166431828 ], [ 121.469708586239989, 23.641319105037997 ], [ 121.469716642452326, 23.643576528035716 ], [ 121.472167062771931, 23.643569086520841 ], [ 121.472158964535708, 23.64131166431828 ] ] ] } },
{ "type": "Feature", "properties": { "gridid": "300423", "time_bucket": null, "people_move_all": 0.0 }, "geometry": { "type": "Polygon", "coordinates": [ [ [ 121.48947963019144, 23.686406700305788 ], [ 121.487028417591546, 23.686414428500647 ], [ 121.487036788744646, 23.688671832642104 ], [ 121.489488043472448, 23.688664103622575 ], [ 121.48947963019144, 23.686406700305788 ] ] ] } },
{ "type": "Feature", "properties": { "gridid": "292062", "time_bucket": null, "people_move_all": 0.0 }, "geometry": { "type": "Polygon", "coordinates": [ [ [ 121.398695081974353, 23.65732014148006 ], [ 121.396244381618075, 23.657326425488201 ], [ 121.396251182994348, 23.659583865804375 ], [ 121.398701925413206, 23.659577581125031 ], [ 121.398695081974353, 23.65732014148006 ] ] ] } },
{ "type": "Feature", "properties": { "gridid": "286872", "time_bucket": null, "people_move_all": 0.0 }, "geometry": { "type": "Polygon", "coordinates": [ [ [ 121.454998492544334, 23.639105508035193 ], [ 121.452548149367928, 23.63911267699801 ], [ 121.452555910446065, 23.641370106105285 ], [ 121.455006295641667, 23.6413629363763 ], [ 121.454998492544334, 23.639105508035193 ] ] ] } },
{ "type": "Feature", "properties": { "gridid": "284859", "time_bucket": null, "people_move_all": 0.0 }, "geometry": { "type": "Polygon", "coordinates": [ [ [ 121.398619859463324, 23.632488261953021 ], [ 121.396169621450611, 23.632494538579408 ], [ 121.396176413534164, 23.634751986142806 ], [ 121.398626693552004, 23.634745708845461 ], [ 121.398619859463324, 23.632488261953021 ] ] ] } },
{ "type": "Feature", "properties": { "gridid": "301684", "time_bucket": null, "people_move_all": 0.0 }, "geometry": { "type": "Polygon", "coordinates": [ [ [ 121.499301634897805, 23.690890198900387 ], [ 121.496850342247853, 23.690898083957403 ], [ 121.496858884033188, 23.693155483453758 ], [ 121.499310218821194, 23.693147597555459 ], [ 121.499301634897805, 23.690890198900387 ] ] ] } },
{ "type": "Feature", "properties": { "gridid": "288837", "time_bucket": null, "people_move_all": 0.0 }, "geometry": { "type": "Polygon", "coordinates": [ [ [ 121.484427458929787, 23.645788715693392 ], [ 121.481977001666976, 23.645796351607729 ], [ 121.481985270053229, 23.648053769268934 ], [ 121.48443576935, 23.648046132538703 ], [ 121.484427458929787, 23.645788715693392 ] ] ] } },
{ "type": "Feature", "properties": { "gridid": "301008", "time_bucket": null, "people_move_all": 0.0 }, "geometry": { "type": "Polygon", "coordinates": [ [ [ 121.381631921095035, 23.688967475595412 ], [ 121.379180625574591, 23.688973497391217 ], [ 121.379187143836816, 23.69123093305998 ], [ 121.381638481493511, 23.691224910621639 ], [ 121.381631921095035, 23.688967475595412 ] ] ] } },
{ "type": "Feature", "properties": { "gridid": "283535", "time_bucket": null, "people_move_all": 0.0 }, "geometry": { "type": "Polygon", "coordinates": [ [ [ 121.403506499466289, 23.627960699551878 ], [ 121.401056347152362, 23.627967052215677 ], [ 121.401063221536461, 23.63022449975017 ], [ 121.403513415844927, 23.630218146407191 ], [ 121.403506499466289, 23.627960699551878 ] ] ] } },
{ "type": "Feature", "properties": { "gridid": "276900", "time_bucket": null, "people_move_all": 0.0 }, "geometry": { "type": "Polygon", "coordinates": [ [ [ 121.359342068696037, 23.605494507323346 ], [ 121.356892321465409, 23.60550015752019 ], [ 121.356898432332272, 23.607757623151684 ], [ 121.359348221506352, 23.607751972350314 ], [ 121.359342068696037, 23.605494507323346 ] ] ] } },
{ "type": "Feature", "properties": { "gridid": "275580", "time_bucket": null, "people_move_all": 0.0 }, "geometry": { "type": "Polygon", "coordinates": [ [ [ 121.393624970400751, 23.60089643212169 ], [ 121.391175318229713, 23.600902622076834 ], [ 121.391182014633202, 23.60316008018448 ], [ 121.393631708736365, 23.603153889566954 ], [ 121.393624970400751, 23.60089643212169 ] ] ] } },
{ "type": "Feature", "properties": { "gridid": "306024", "time_bucket": "2025-09-23T13:55:00", "people_move_all": 3.35 }, "geometry": { "type": "Polygon", "coordinates": [ [ [ 121.509168085216004, 23.706660023501261 ], [ 121.50671650178684, 23.706668069775475 ], [ 121.506725219696818, 23.708925461253958 ], [ 121.509176845300345, 23.708917414121704 ], [ 121.509168085216004, 23.706660023501261 ] ] ] } },
{ "type": "Feature", "properties": { "gridid": "287516", "time_bucket": null, "people_move_all": 0.0 }, "geometry": { "type": "Polygon", "coordinates": [ [ [ 121.42560161083577, 23.641446418014155 ], [ 121.423151214407298, 23.641453123180696 ], [ 121.423158472151584, 23.643710560500363 ], [ 121.425608910605334, 23.643703854617272 ], [ 121.42560161083577, 23.641446418014155 ] ] ] } },
{ "type": "Feature", "properties": { "gridid": "289464", "time_bucket": "2025-09-23T13:55:00", "people_move_all": 3.35 }, "geometry": { "type": "Polygon", "coordinates": [ [ [ 121.428074034049999, 23.648211979822598 ], [ 121.425623512437582, 23.648218725865135 ], [ 121.42563081492959, 23.650476160490911 ], [ 121.428081378582874, 23.650469413727613 ], [ 121.428074034049999, 23.648211979822598 ] ] ] } },
{ "type": "Feature", "properties": { "gridid": "289458", "time_bucket": null, "people_move_all": 0.0 }, "geometry": { "type": "Polygon", "coordinates": [ [ [ 121.413370890856697, 23.648251875176769 ], [ 121.410920363877338, 23.64825838886081 ], [ 121.410927414122654, 23.650515827724274 ], [ 121.413377983143292, 23.650509313344291 ], [ 121.413370890856697, 23.648251875176769 ] ] ] } },
{ "type": "Feature", "properties": { "gridid": "278241", "time_bucket": null, "people_move_all": 0.0 }, "geometry": { "type": "Polygon", "coordinates": [ [ [ 121.378952995929595, 23.6099628337311 ], [ 121.376503171076891, 23.609968794394721 ], [ 121.37650961909371, 23.612226253758472 ], [ 121.378959485899841, 23.612220292457199 ], [ 121.378952995929595, 23.6099628337311 ] ] ] } },
{ "type": "Feature", "properties": { "gridid": "276258", "time_bucket": "2025-09-23T13:55:00", "people_move_all": 3.35 }, "geometry": { "type": "Polygon", "coordinates": [ [ [ 121.420578286540874, 23.603083242245233 ], [ 121.41812860194652, 23.603089857946728 ], [ 121.418135760490813, 23.605347307882717 ], [ 121.420585487021825, 23.605340691473348 ], [ 121.420578286540874, 23.603083242245233 ] ] ] } },
{ "type": "Feature", "properties": { "gridid": "285522", "time_bucket": null, "people_move_all": 0.0 }, "geometry": { "type": "Polygon", "coordinates": [ [ [ 121.396176413469746, 23.634751986162929 ], [ 121.393726132607455, 23.634758224758148 ], [ 121.39373288352509, 23.637015672329788 ], [ 121.396183206397765, 23.637009433067721 ], [ 121.396176413469746, 23.634751986162929 ] ] ] } },
{ "type": "Feature", "properties": { "gridid": "288157", "time_bucket": null, "people_move_all": 0.0 }, "geometry": { "type": "Polygon", "coordinates": [ [ [ 121.401104485943591, 23.643769171096928 ], [ 121.398654038703029, 23.64377548979693 ], [ 121.398660877040825, 23.646032933395791 ], [ 121.401111366312549, 23.646026614020577 ], [ 121.401104485943591, 23.643769171096928 ] ] ] } },
{ "type": "Feature", "properties": { "gridid": "283548", "time_bucket": null, "people_move_all": 0.0 }, "geometry": { "type": "Polygon", "coordinates": [ [ [ 121.435358399711347, 23.627874594161518 ], [ 121.432908258983886, 23.627881449785054 ], [ 121.432915679291824, 23.630138888167526 ], [ 121.435365862012929, 23.630132031811037 ], [ 121.435358399711347, 23.627874594161518 ] ] ] } },
{ "type": "Feature", "properties": { "gridid": "304170", "time_bucket": null, "people_move_all": 0.0 }, "geometry": { "type": "Polygon", "coordinates": [ [ [ 121.494433053280119, 23.699935527519994 ], [ 121.491981589929992, 23.699943338302909 ], [ 121.491990051640329, 23.702200736825851 ], [ 121.494441557149599, 23.702192925209818 ], [ 121.494433053280119, 23.699935527519994 ] ] ] } },
{ "type": "Feature", "properties": { "gridid": "294049", "time_bucket": null, "people_move_all": 0.0 }, "geometry": { "type": "Polygon", "coordinates": [ [ [ 121.4820431775684, 23.663855674334851 ], [ 121.479592382859366, 23.663863278023292 ], [ 121.4796006173937, 23.666120691217127 ], [ 121.482051454178574, 23.66611308671671 ], [ 121.4820431775684, 23.663855674334851 ] ] ] } },
{ "type": "Feature", "properties": { "gridid": "286859", "time_bucket": null, "people_move_all": 0.0 }, "geometry": { "type": "Polygon", "coordinates": [ [ [ 121.423143957739171, 23.6391956851411 ], [ 121.420693602428713, 23.639202350881323 ], [ 121.420700817250776, 23.641459789572391 ], [ 121.423151214581353, 23.641453123119764 ], [ 121.423143957739171, 23.6391956851411 ] ] ] } },
{ "type": "Feature", "properties": { "gridid": "300391", "time_bucket": null, "people_move_all": 0.0 }, "geometry": { "type": "Polygon", "coordinates": [ [ [ 121.411040337591828, 23.686634759807617 ], [ 121.40858909432238, 23.686641246528779 ], [ 121.40859611734308, 23.688898674873744 ], [ 121.411047402742767, 23.688892187460386 ], [ 121.411040337591828, 23.686634759807617 ] ] ] } },
{ "type": "Feature", "properties": { "gridid": "295340", "time_bucket": null, "people_move_all": 0.0 }, "geometry": { "type": "Polygon", "coordinates": [ [ [ 121.469805327369144, 23.668408137383469 ], [ 121.467354443439547, 23.668415548884411 ], [ 121.467362469587528, 23.670672964756051 ], [ 121.469813395603808, 23.670665552463777 ], [ 121.469805327369144, 23.668408137383469 ] ] ] } },
{ "type": "Feature", "properties": { "gridid": "292737", "time_bucket": "2025-09-23T13:55:00", "people_move_all": 8.4194645441389291 }, "geometry": { "type": "Polygon", "coordinates": [ [ [ 121.457519475851683, 23.659415124761093 ], [ 121.455068755285041, 23.659422339366635 ], [ 121.455076567115256, 23.661679761772159 ], [ 121.457527329748046, 23.66167254639608 ], [ 121.457519475851683, 23.659415124761093 ] ] ] } },
{ "type": "Feature", "properties": { "gridid": "290789", "time_bucket": null, "people_move_all": 0.0 }, "geometry": { "type": "Polygon", "coordinates": [ [ [ 121.479551225517923, 23.65257620217897 ], [ 121.477100640087073, 23.652583763074745 ], [ 121.477108827457187, 23.654841180376092 ], [ 121.479559454937856, 23.654833618672622 ], [ 121.479551225517923, 23.65257620217897 ] ] ] } },
{ "type": "Feature", "properties": { "gridid": "286861", "time_bucket": null, "people_move_all": 0.0 }, "geometry": { "type": "Polygon", "coordinates": [ [ [ 121.42804466581444, 23.639182237547878 ], [ 121.425594312313308, 23.639188980707612 ], [ 121.425601611175523, 23.64144641796976 ], [ 121.42805200669666, 23.641439674089359 ], [ 121.42804466581444, 23.639182237547878 ] ] ] } },
{ "type": "Feature", "properties": { "gridid": "295983", "time_bucket": null, "people_move_all": 0.0 }, "geometry": { "type": "Polygon", "coordinates": [ [ [ 121.460009685075335, 23.670694969084579 ], [ 121.457558755101886, 23.670702226309952 ], [ 121.457566613878598, 23.672959644645598 ], [ 121.460017585944243, 23.672952386645413 ], [ 121.460009685075335, 23.670694969084579 ] ] ] } },
{ "type": "Feature", "properties": { "gridid": "276242", "time_bucket": null, "people_move_all": 0.0 }, "geometry": { "type": "Polygon", "coordinates": [ [ [ 121.381383229849561, 23.603184456199813 ], [ 121.378933531632825, 23.603190453595204 ], [ 121.378940019181556, 23.605447914294924 ], [ 121.381389759335988, 23.605441916257817 ], [ 121.381383229849561, 23.603184456199813 ] ] ] } },
{ "type": "Feature", "properties": { "gridid": "283538", "time_bucket": null, "people_move_all": 0.0 }, "geometry": { "type": "Polygon", "coordinates": [ [ [ 121.410856951176868, 23.627941409445739 ], [ 121.40840680145844, 23.627947878178002 ], [ 121.408413801825972, 23.630205323662537 ], [ 121.410863993538754, 23.630198854238678 ], [ 121.410856951176868, 23.627941409445739 ] ] ] } },
{ "type": "Feature", "properties": { "gridid": "290114", "time_bucket": null, "people_move_all": 0.0 }, "geometry": { "type": "Polygon", "coordinates": [ [ [ 121.428081378615289, 23.65046941369129 ], [ 121.425630814962005, 23.650476160454588 ], [ 121.425638118361633, 23.65273359442115 ], [ 121.428088724061041, 23.652726846937068 ], [ 121.428081378615289, 23.65046941369129 ] ] ] } },
{ "type": "Feature", "properties": { "gridid": "286192", "time_bucket": null, "people_move_all": 0.0 }, "geometry": { "type": "Polygon", "coordinates": [ [ [ 121.405984489318271, 23.636984088896241 ], [ 121.403534169855035, 23.636990482982995 ], [ 121.403541089674093, 23.639247927203733 ], [ 121.405991451152673, 23.639241532433562 ], [ 121.405984489318271, 23.636984088896241 ] ] ] } },
{ "type": "Feature", "properties": { "gridid": "295335", "time_bucket": null, "people_move_all": 0.0 }, "geometry": { "type": "Polygon", "coordinates": [ [ [ 121.457550897052812, 23.668444807337512 ], [ 121.455100008190229, 23.66845202502537 ], [ 121.455107823903646, 23.670709444791616 ], [ 121.457558754853295, 23.670702226333116 ], [ 121.457550897052812, 23.668444807337512 ] ] ] } },
{ "type": "Feature", "properties": { "gridid": "299136", "time_bucket": null, "people_move_all": 0.0 }, "geometry": { "type": "Polygon", "coordinates": [ [ [ 121.430635450284043, 23.682066623521905 ], [ 121.42818429842346, 23.682073419166699 ], [ 121.428191656656324, 23.684330843178156 ], [ 121.430642850636147, 23.684324046808097 ], [ 121.430635450284043, 23.682066623521905 ] ] ] } },
{ "type": "Feature", "properties": { "gridid": "278260", "time_bucket": null, "people_move_all": 0.0 }, "geometry": { "type": "Polygon", "coordinates": [ [ [ 121.425499509262977, 23.609842236425227 ], [ 121.423049700640064, 23.60984893156251 ], [ 121.423056945760919, 23.612106378103778 ], [ 121.425506796336009, 23.612099682250275 ], [ 121.425499509262977, 23.609842236425227 ] ] ] } },
{ "type": "Feature", "properties": { "gridid": "301053", "time_bucket": null, "people_move_all": 0.0 }, "geometry": { "type": "Polygon", "coordinates": [ [ [ 121.491939297145336, 23.688656335837074 ], [ 121.489488043462345, 23.688664103655757 ], [ 121.489496457788164, 23.690921506311856 ], [ 121.491947753604208, 23.690913737664332 ], [ 121.491939297145336, 23.688656335837074 ] ] ] } },
{ "type": "Feature", "properties": { "gridid": "280909", "time_bucket": null, "people_move_all": 0.0 }, "geometry": { "type": "Polygon", "coordinates": [ [ [ 121.427978638935272, 23.618865279030484 ], [ 121.425528663378984, 23.618872015705296 ], [ 121.425535954078228, 23.621129458896458 ], [ 121.427985971607498, 23.621122721501191 ], [ 121.427978638935272, 23.618865279030484 ] ] ] } },
{ "type": "Feature", "properties": { "gridid": "297898", "time_bucket": null, "people_move_all": 0.0 }, "geometry": { "type": "Polygon", "coordinates": [ [ [ 121.491897030470085, 23.677369316760039 ], [ 121.489445987373912, 23.677377080434969 ], [ 121.489454396476418, 23.679634486394061 ], [ 121.491905481679538, 23.679626721890433 ], [ 121.491897030470085, 23.677369316760039 ] ] ] } },
{ "type": "Feature", "properties": { "gridid": "280895", "time_bucket": null, "people_move_all": 0.0 }, "geometry": { "type": "Polygon", "coordinates": [ [ [ 121.3936788998586, 23.618956073299955 ], [ 121.391228912084102, 23.6189622685547 ], [ 121.391235615154443, 23.621219721397928 ], [ 121.393685644902845, 23.621213525480631 ], [ 121.3936788998586, 23.618956073299955 ] ] ] } },
{ "type": "Feature", "properties": { "gridid": "299130", "time_bucket": null, "people_move_all": 0.0 }, "geometry": { "type": "Polygon", "coordinates": [ [ [ 121.415928525344569, 23.682106815548657 ], [ 121.413477368079555, 23.682113378462841 ], [ 121.413484473595602, 23.684370806738944 ], [ 121.415935672980268, 23.684364243124339 ], [ 121.415928525344569, 23.682106815548657 ] ] ] } },
{ "type": "Feature", "properties": { "gridid": "289453", "time_bucket": null, "people_move_all": 0.0 }, "geometry": { "type": "Polygon", "coordinates": [ [ [ 121.401118247124728, 23.648284056279572 ], [ 121.3986677158166, 23.648290376329999 ], [ 121.398674555854484, 23.650547818611084 ], [ 121.401125129204203, 23.650541497885403 ], [ 121.401118247124728, 23.648284056279572 ] ] ] } },
{ "type": "Feature", "properties": { "gridid": "284877", "time_bucket": null, "people_move_all": 0.0 }, "geometry": { "type": "Polygon", "coordinates": [ [ [ 121.442723993376518, 23.632368665349684 ], [ 121.440273771456077, 23.632375638530217 ], [ 121.440281319621491, 23.634633073383519 ], [ 121.44273158354585, 23.634626099457574 ], [ 121.442723993376518, 23.632368665349684 ] ] ] } },
{ "type": "Feature", "properties": { "gridid": "282221", "time_bucket": null, "people_move_all": 0.0 }, "geometry": { "type": "Polygon", "coordinates": [ [ [ 121.420643123329171, 23.623400261617391 ], [ 121.418193061116966, 23.623406883690635 ], [ 121.418200227678994, 23.625664327701255 ], [ 121.420650331874853, 23.62565770491992 ], [ 121.420643123329171, 23.623400261617391 ] ] ] } },
{ "type": "Feature", "properties": { "gridid": "295336", "time_bucket": null, "people_move_all": 0.0 }, "geometry": { "type": "Polygon", "coordinates": [ [ [ 121.460001785521243, 23.668437550842491 ], [ 121.457550897634803, 23.668444807293096 ], [ 121.457558755435286, 23.670702226288697 ], [ 121.460009685408707, 23.670694969063316 ], [ 121.460001785521243, 23.668437550842491 ] ] ] } },
{ "type": "Feature", "properties": { "gridid": "272240", "time_bucket": null, "people_move_all": 0.0 }, "geometry": { "type": "Polygon", "coordinates": [ [ [ 121.378894622876331, 23.58964567564502 ], [ 121.376445175369568, 23.589651630570742 ], [ 121.376451616170428, 23.591909095853875 ], [ 121.378901105583637, 23.591903140290686 ], [ 121.378894622876331, 23.58964567564502 ] ] ] } },
{ "type": "Feature", "properties": { "gridid": "288836", "time_bucket": null, "people_move_all": 0.0 }, "geometry": { "type": "Polygon", "coordinates": [ [ [ 121.481977001460592, 23.645796351546835 ], [ 121.479526543170181, 23.645803948740443 ], [ 121.479534769522374, 23.648061367213398 ], [ 121.481985269846845, 23.648053769208037 ], [ 121.481977001460592, 23.645796351546835 ] ] ] } },
{ "type": "Feature", "properties": { "gridid": "306020", "time_bucket": null, "people_move_all": 0.0 }, "geometry": { "type": "Polygon", "coordinates": [ [ [ 121.499361744713539, 23.706691975565558 ], [ 121.496910156987397, 23.706699866512121 ], [ 121.496918706199139, 23.708957261381361 ], [ 121.499370336099958, 23.708949369593316 ], [ 121.499361744713539, 23.706691975565558 ] ] ] } },
{ "type": "Feature", "properties": { "gridid": "301678", "time_bucket": null, "people_move_all": 0.0 }, "geometry": { "type": "Polygon", "coordinates": [ [ [ 121.484593863455174, 23.690936927123559 ], [ 121.482142564520132, 23.690944579360988 ], [ 121.482150853475545, 23.693201983818092 ], [ 121.484602194549112, 23.693194330764214 ], [ 121.484593863455174, 23.690936927123559 ] ] ] } },
{ "type": "Feature", "properties": { "gridid": "294689", "time_bucket": null, "people_move_all": 0.0 }, "geometry": { "type": "Polygon", "coordinates": [ [ [ 121.459993885969737, 23.666180132000441 ], [ 121.457543040165049, 23.666187387676278 ], [ 121.457550896989375, 23.668444807331795 ], [ 121.460001784875843, 23.668437550881205 ], [ 121.459993885969737, 23.666180132000441 ] ] ] } },
{ "type": "Feature", "properties": { "gridid": "293360", "time_bucket": null, "people_move_all": 0.0 }, "geometry": { "type": "Polygon", "coordinates": [ [ [ 121.388905626012885, 23.661859929044716 ], [ 121.386454838176618, 23.661866059387872 ], [ 121.386461472950501, 23.664123501029355 ], [ 121.388912302860049, 23.664117370031498 ], [ 121.388905626012885, 23.661859929044716 ] ] ] } },
{ "type": "Feature", "properties": { "gridid": "291413", "time_bucket": null, "people_move_all": 0.0 }, "geometry": { "type": "Polygon", "coordinates": [ [ [ 121.403589553459355, 23.65505001832268 ], [ 121.401138896866215, 23.655056379138188 ], [ 121.401145781512028, 23.657313818766941 ], [ 121.403596480162406, 23.65730745727198 ], [ 121.403589553459355, 23.65505001832268 ] ] ] } },
{ "type": "Feature", "properties": { "gridid": "299157", "time_bucket": null, "people_move_all": 0.0 }, "geometry": { "type": "Polygon", "coordinates": [ [ [ 121.482109418840949, 23.681914954923535 ], [ 121.479658287378783, 23.681922565108533 ], [ 121.479666530100204, 23.684179973020175 ], [ 121.482117703680046, 23.684172362022984 ], [ 121.482109418840949, 23.681914954923535 ] ] ] } },
{ "type": "Feature", "properties": { "gridid": "294018", "time_bucket": null, "people_move_all": 0.0 }, "geometry": { "type": "Polygon", "coordinates": [ [ [ 121.406068089403405, 23.664073367842956 ], [ 121.403617265410986, 23.664079770132162 ], [ 121.403624195557555, 23.666337206444599 ], [ 121.406075061628059, 23.666330803471709 ], [ 121.406068089403405, 23.664073367842956 ] ] ] } },
{ "type": "Feature", "properties": { "gridid": "275572", "time_bucket": null, "people_move_all": 0.0 }, "geometry": { "type": "Polygon", "coordinates": [ [ [ 121.374027729389681, 23.600944869899795 ], [ 121.371578070700124, 23.600950750731979 ], [ 121.371584431643981, 23.60320821398977 ], [ 121.374034132266189, 23.603202332528287 ], [ 121.374027729389681, 23.600944869899795 ] ] ] } },
{ "type": "Feature", "properties": { "gridid": "304168", "time_bucket": null, "people_move_all": 0.0 }, "geometry": { "type": "Polygon", "coordinates": [ [ [ 121.48953012548715, 23.699951110310838 ], [ 121.487078660041377, 23.699958843454105 ], [ 121.487087037433199, 23.702216243630851 ], [ 121.489538545038272, 23.702208509662746 ], [ 121.48953012548715, 23.699951110310838 ] ] ] } },
{ "type": "Feature", "properties": { "gridid": "280900", "time_bucket": null, "people_move_all": 0.0 }, "geometry": { "type": "Polygon", "coordinates": [ [ [ 121.405928825801112, 23.618924516899433 ], [ 121.403478842272833, 23.618930905519715 ], [ 121.403485755212088, 23.62118835500883 ], [ 121.405935780713975, 23.621181965705315 ], [ 121.405928825801112, 23.618924516899433 ] ] ] } },
{ "type": "Feature", "properties": { "gridid": "288165", "time_bucket": "2025-09-23T13:55:00", "people_move_all": 3.35 }, "geometry": { "type": "Polygon", "coordinates": [ [ [ 121.420708032326175, 23.64371722769053 ], [ 121.41825759207326, 23.643723856137441 ], [ 121.418264766658538, 23.645981294218817 ], [ 121.420715248942074, 23.645974665063598 ], [ 121.420708032326175, 23.64371722769053 ] ] ] } },
{ "type": "Feature", "properties": { "gridid": "287524", "time_bucket": null, "people_move_all": 0.0 }, "geometry": { "type": "Polygon", "coordinates": [ [ [ 121.445204749033294, 23.641391382991973 ], [ 121.442754360009815, 23.641398397867761 ], [ 121.44276195395436, 23.643655829339174 ], [ 121.445212385002534, 23.643648813713728 ], [ 121.445204749033294, 23.641391382991973 ] ] ] } },
{ "type": "Feature", "properties": { "gridid": "288826", "time_bucket": null, "people_move_all": 0.0 }, "geometry": { "type": "Polygon", "coordinates": [ [ [ 121.457472372627223, 23.645870581096819 ], [ 121.455021904347731, 23.645877791079645 ], [ 121.455029710355376, 23.648135217442658 ], [ 121.457480220669638, 23.64812800668944 ], [ 121.457472372627223, 23.645870581096819 ] ] ] } },
{ "type": "Feature", "properties": { "gridid": "288182", "time_bucket": null, "people_move_all": 0.0 }, "geometry": { "type": "Polygon", "coordinates": [ [ [ 121.462365375091409, 23.643598620210117 ], [ 121.459914950797355, 23.643605906856969 ], [ 121.459922839893878, 23.645863332334525 ], [ 121.462373306217359, 23.645856044909038 ], [ 121.462365375091409, 23.643598620210117 ] ] ] } },
{ "type": "Feature", "properties": { "gridid": "302931", "time_bucket": null, "people_move_all": 0.0 }, "geometry": { "type": "Polygon", "coordinates": [ [ [ 121.499318803975115, 23.695404995518953 ], [ 121.496867427043838, 23.695412882258559 ], [ 121.496875970950612, 23.697670280433119 ], [ 121.499327390030388, 23.69766239285218 ], [ 121.499318803975115, 23.695404995518953 ] ] ] } },
{ "type": "Feature", "properties": { "gridid": "280240", "time_bucket": null, "people_move_all": 0.0 }, "geometry": { "type": "Polygon", "coordinates": [ [ [ 121.405921872248044, 23.616667067412379 ], [ 121.403471930688156, 23.616673455349471 ], [ 121.403478842767754, 23.618930905496917 ], [ 121.405928826296034, 23.618924516876625 ], [ 121.405921872248044, 23.616667067412379 ] ] ] } },
{ "type": "Feature", "properties": { "gridid": "287541", "time_bucket": null, "people_move_all": 0.0 }, "geometry": { "type": "Polygon", "coordinates": [ [ [ 121.486861213405788, 23.641266207003369 ], [ 121.484410841227913, 23.64127387999838 ], [ 121.484419149582493, 23.643531298163097 ], [ 121.486869563783785, 23.643523624348102 ], [ 121.486861213405788, 23.641266207003369 ] ] ] } },
{ "type": "Feature", "properties": { "gridid": "290117", "time_bucket": "2025-09-23T13:55:00", "people_move_all": 3.35 }, "geometry": { "type": "Polygon", "coordinates": [ [ [ 121.435433064169203, 23.650448940986365 ], [ 121.432982503270125, 23.650455803940549 ], [ 121.432989932807857, 23.652713235732335 ], [ 121.435440535752846, 23.652706372044953 ], [ 121.435433064169203, 23.650448940986365 ] ] ] } },
{ "type": "Feature", "properties": { "gridid": "284207", "time_bucket": "2025-09-23T13:55:00", "people_move_all": 3.35 }, "geometry": { "type": "Polygon", "coordinates": [ [ [ 121.428015310620211, 23.630152484873374 ], [ 121.425565125146761, 23.630159225150663 ], [ 121.425572420380306, 23.632416665048414 ], [ 121.428022647852828, 23.632409924050549 ], [ 121.428015310620211, 23.630152484873374 ] ] ] } },
{ "type": "Feature", "properties": { "gridid": "284872", "time_bucket": null, "people_move_all": 0.0 }, "geometry": { "type": "Polygon", "coordinates": [ [ [ 121.430472874706624, 23.632403144354683 ], [ 121.428022648146353, 23.632409924049806 ], [ 121.428029986291278, 23.634667362568127 ], [ 121.43048025485578, 23.634660582148271 ], [ 121.430472874706624, 23.632403144354683 ] ] ] } },
{ "type": "Feature", "properties": { "gridid": "295338", "time_bucket": null, "people_move_all": 0.0 }, "geometry": { "type": "Polygon", "coordinates": [ [ [ 121.464903558450345, 23.668422921658792 ], [ 121.462452672531853, 23.668430255634682 ], [ 121.462460614506256, 23.670687673076582 ], [ 121.464911542511572, 23.670680338317627 ], [ 121.464903558450345, 23.668422921658792 ] ] ] } },
{ "type": "Feature", "properties": { "gridid": "291445", "time_bucket": null, "people_move_all": 0.0 }, "geometry": { "type": "Polygon", "coordinates": [ [ [ 121.482010080493922, 23.654826018240772 ], [ 121.479559454035979, 23.654833618681565 ], [ 121.47956768447861, 23.657091034515346 ], [ 121.482018352991489, 23.657083433262684 ], [ 121.482010080493922, 23.654826018240772 ] ] ] } },
{ "type": "Feature", "properties": { "gridid": "295966", "time_bucket": null, "people_move_all": 0.0 }, "geometry": { "type": "Polygon", "coordinates": [ [ [ 121.418343746806599, 23.670813069520214 ], [ 121.415892800948654, 23.670819667700503 ], [ 121.415899944146688, 23.673077098574641 ], [ 121.418350932098079, 23.673070499689896 ], [ 121.418343746806599, 23.670813069520214 ] ] ] } },
{ "type": "Feature", "properties": { "gridid": "273581", "time_bucket": null, "people_move_all": 0.0 }, "geometry": { "type": "Polygon", "coordinates": [ [ [ 121.396054285394271, 23.594117829248372 ], [ 121.393604759826559, 23.594124055844258 ], [ 121.393611495647505, 23.596381515262962 ], [ 121.396061063131668, 23.596375288000637 ], [ 121.396054285394271, 23.594117829248372 ] ] ] } },
{ "type": "Feature", "properties": { "gridid": "281553", "time_bucket": null, "people_move_all": 0.0 }, "geometry": { "type": "Polygon", "coordinates": [ [ [ 121.396135674018453, 23.621207290890943 ], [ 121.393685645108903, 23.621213525485594 ], [ 121.39369239099203, 23.62347097700798 ], [ 121.396142461880629, 23.62346474174662 ], [ 121.396135674018453, 23.621207290890943 ] ] ] } },
{ "type": "Feature", "properties": { "gridid": "289456", "time_bucket": null, "people_move_all": 0.0 }, "geometry": { "type": "Polygon", "coordinates": [ [ [ 121.40846983677163, 23.64826486381159 ], [ 121.406019308045074, 23.648271300042367 ], [ 121.406026274207619, 23.650528740285292 ], [ 121.408476844975581, 23.650522303366852 ], [ 121.40846983677163, 23.64826486381159 ] ] ] } },
{ "type": "Feature", "properties": { "gridid": "289487", "time_bucket": null, "people_move_all": 0.0 }, "geometry": { "type": "Polygon", "coordinates": [ [ [ 121.484435769431599, 23.6480461325148 ], [ 121.481985270134857, 23.648053769245038 ], [ 121.48199353954881, 23.650311186246491 ], [ 121.484444080884757, 23.650303548700332 ], [ 121.484435769431599, 23.6480461325148 ] ] ] } },
{ "type": "Feature", "properties": { "gridid": "297865", "time_bucket": "2025-09-23T13:55:00", "people_move_all": 6.3855421686746991 }, "geometry": { "type": "Polygon", "coordinates": [ [ [ 121.411012086106737, 23.677605042674475 ], [ 121.40856101130592, 23.677611526627107 ], [ 121.408568030838623, 23.679868957611035 ], [ 121.41101914774876, 23.679862472966295 ], [ 121.411012086106737, 23.677605042674475 ] ] ] } },
{ "type": "Feature", "properties": { "gridid": "278254", "time_bucket": null, "people_move_all": 0.0 }, "geometry": { "type": "Polygon", "coordinates": [ [ [ 121.410800643784512, 23.609881827382221 ], [ 121.408350829832898, 23.609888290582578 ], [ 121.408357823239228, 23.61214574133432 ], [ 121.410807679143417, 23.612139277442559 ], [ 121.410800643784512, 23.609881827382221 ] ] ] } },
{ "type": "Feature", "properties": { "gridid": "273569", "time_bucket": null, "people_move_all": 0.0 }, "geometry": { "type": "Polygon", "coordinates": [ [ [ 121.366659924751772, 23.594189998966609 ], [ 121.36421038947104, 23.594195762026299 ], [ 121.364216622289661, 23.596453229119838 ], [ 121.366666199487554, 23.596447465443312 ], [ 121.366659924751772, 23.594189998966609 ] ] ] } },
{ "type": "Feature", "properties": { "gridid": "288807", "time_bucket": null, "people_move_all": 0.0 }, "geometry": { "type": "Polygon", "coordinates": [ [ [ 121.410913314734202, 23.646000949310036 ], [ 121.408462828914764, 23.646007423575696 ], [ 121.408469836247761, 23.648264863789958 ], [ 121.410920364103291, 23.648258388832524 ], [ 121.410913314734202, 23.646000949310036 ] ] ] } },
{ "type": "Feature", "properties": { "gridid": "297247", "time_bucket": null, "people_move_all": 0.0 }, "geometry": { "type": "Polygon", "coordinates": [ [ [ 121.447770406863114, 23.675245709695655 ], [ 121.445319387870512, 23.675252774594277 ], [ 121.445327038085381, 23.677510195422059 ], [ 121.447778099181036, 23.677503129769274 ], [ 121.447770406863114, 23.675245709695655 ] ] ] } },
{ "type": "Feature", "properties": { "gridid": "276926", "time_bucket": null, "people_move_all": 0.0 }, "geometry": { "type": "Polygon", "coordinates": [ [ [ 121.423035212643768, 23.605334036450962 ], [ 121.420585487008552, 23.605340691508122 ], [ 121.420592688385312, 23.607598140078036 ], [ 121.423042455962332, 23.607591484308827 ], [ 121.423035212643768, 23.605334036450962 ] ] ] } },
{ "type": "Feature", "properties": { "gridid": "296618", "time_bucket": null, "people_move_all": 0.0 }, "geometry": { "type": "Polygon", "coordinates": [ [ [ 121.460017585631988, 23.672952386626665 ], [ 121.457566613566314, 23.672959644626847 ], [ 121.457574473319312, 23.675217062302472 ], [ 121.460025487482397, 23.675209803527459 ], [ 121.460017585631988, 23.672952386626665 ] ] ] } },
{ "type": "Feature", "properties": { "gridid": "291437", "time_bucket": null, "people_move_all": 0.0 }, "geometry": { "type": "Polygon", "coordinates": [ [ [ 121.462405040732619, 23.654885737109716 ], [ 121.459954406239191, 23.654893027650008 ], [ 121.459962300239582, 23.657150449829768 ], [ 121.462412976788542, 23.657143158510713 ], [ 121.462405040732619, 23.654885737109716 ] ] ] } },
{ "type": "Feature", "properties": { "gridid": "301054", "time_bucket": null, "people_move_all": 0.0 }, "geometry": { "type": "Polygon", "coordinates": [ [ [ 121.494390549553799, 23.688648529152985 ], [ 121.491939296920862, 23.688656335770759 ], [ 121.491947753379733, 23.690913737598027 ], [ 121.494399048145652, 23.690905930147281 ], [ 121.494390549553799, 23.688648529152985 ] ] ] } },
{ "type": "Feature", "properties": { "gridid": "278932", "time_bucket": null, "people_move_all": 0.0 }, "geometry": { "type": "Polygon", "coordinates": [ [ [ 121.44510556825982, 23.612044723587406 ], [ 121.442655725082417, 23.612051728720015 ], [ 121.442663306761744, 23.61430916875717 ], [ 121.445113191895985, 23.61430216287523 ], [ 121.44510556825982, 23.612044723587406 ] ] ] } },
{ "type": "Feature", "properties": { "gridid": "293390", "time_bucket": null, "people_move_all": 0.0 }, "geometry": { "type": "Polygon", "coordinates": [ [ [ 121.462428852348253, 23.661657999329602 ], [ 121.459978091672539, 23.661665292206269 ], [ 121.459985988616125, 23.66392271240678 ], [ 121.462436791363089, 23.663915418751262 ], [ 121.462428852348253, 23.661657999329602 ] ] ] } },
{ "type": "Feature", "properties": { "gridid": "280912", "time_bucket": null, "people_move_all": 0.0 }, "geometry": { "type": "Polygon", "coordinates": [ [ [ 121.435328559600308, 23.61884483701191 ], [ 121.432878586795297, 23.61885168970386 ], [ 121.432886003413287, 23.621109130721266 ], [ 121.43533601819108, 23.621102277296455 ], [ 121.435328559600308, 23.61884483701191 ] ] ] } },
{ "type": "Feature", "properties": { "gridid": "290120", "time_bucket": null, "people_move_all": 0.0 }, "geometry": { "type": "Polygon", "coordinates": [ [ [ 121.442784741699896, 23.650428119800303 ], [ 121.440334183602076, 23.65043509894485 ], [ 121.440341739277272, 23.652692528524629 ], [ 121.442792339420805, 23.652685548634469 ], [ 121.442784741699896, 23.650428119800303 ] ] ] } },
{ "type": "Feature", "properties": { "gridid": "278926", "time_bucket": null, "people_move_all": 0.0 }, "geometry": { "type": "Polygon", "coordinates": [ [ [ 121.430406494920774, 23.612086174556115 ], [ 121.427956646163821, 23.612092947729746 ], [ 121.427963976100614, 23.614350392176014 ], [ 121.430413866814845, 23.614343618277868 ], [ 121.430406494920774, 23.612086174556115 ] ] ] } },
{ "type": "Feature", "properties": { "gridid": "303548", "time_bucket": null, "people_move_all": 0.0 }, "geometry": { "type": "Polygon", "coordinates": [ [ [ 121.487070283528453, 23.697701442589832 ], [ 121.484618859196814, 23.697709136092499 ], [ 121.484627193394516, 23.699966537750814 ], [ 121.487078659880282, 23.699958843427474 ], [ 121.487070283528453, 23.697701442589832 ] ] ] } },
{ "type": "Feature", "properties": { "gridid": "282885", "time_bucket": null, "people_move_all": 0.0 }, "geometry": { "type": "Polygon", "coordinates": [ [ [ 121.435350938179724, 23.625617155899093 ], [ 121.43290083944072, 23.625624010789689 ], [ 121.43290825882606, 23.627881449830973 ], [ 121.435358399553508, 23.627874594207444 ], [ 121.435350938179724, 23.625617155899093 ] ] ] } },
{ "type": "Feature", "properties": { "gridid": "278901", "time_bucket": null, "people_move_all": 0.0 }, "geometry": { "type": "Polygon", "coordinates": [ [ [ 121.36916001400995, 23.61224390570441 ], [ 121.36671014402684, 23.612249712360686 ], [ 121.366716425010594, 23.614507173575813 ], [ 121.369166336952617, 23.614501366298409 ], [ 121.36916001400995, 23.61224390570441 ] ] ] } },
{ "type": "Feature", "properties": { "gridid": "304784", "time_bucket": null, "people_move_all": 0.0 }, "geometry": { "type": "Polygon", "coordinates": [ [ [ 121.494441557833113, 23.702192925233422 ], [ 121.491990052323843, 23.702200736849463 ], [ 121.491998515084731, 23.704458134711388 ], [ 121.494450062758361, 23.704450322262204 ], [ 121.494441557833113, 23.702192925233422 ] ] ] } },
{ "type": "Feature", "properties": { "gridid": "295315", "time_bucket": null, "people_move_all": 0.0 }, "geometry": { "type": "Polygon", "coordinates": [ [ [ 121.40853294114298, 23.668581796078517 ], [ 121.40608203385554, 23.668588238499062 ], [ 121.406089007812795, 23.670845672809047 ], [ 121.408539957188694, 23.670839229700629 ], [ 121.40853294114298, 23.668581796078517 ] ] ] } },
{ "type": "Feature", "properties": { "gridid": "286207", "time_bucket": null, "people_move_all": 0.0 }, "geometry": { "type": "Polygon", "coordinates": [ [ [ 121.442739175441915, 23.636883532962266 ], [ 121.440288869508436, 23.636890507633662 ], [ 121.44029641955089, 23.639147941168869 ], [ 121.442746767498704, 23.639140965752006 ], [ 121.442739175441915, 23.636883532962266 ] ] ] } },
{ "type": "Feature", "properties": { "gridid": "296636", "time_bucket": null, "people_move_all": 0.0 }, "geometry": { "type": "Polygon", "coordinates": [ [ [ 121.504134910527583, 23.672815112901823 ], [ 121.501683956929227, 23.672823068769375 ], [ 121.501692574424411, 23.675080471864739 ], [ 121.504143570118799, 23.67507251514785 ], [ 121.504134910527583, 23.672815112901823 ] ] ] } },
{ "type": "Feature", "properties": { "gridid": "299769", "time_bucket": null, "people_move_all": 0.0 }, "geometry": { "type": "Polygon", "coordinates": [ [ [ 121.433094043363653, 23.68431721155622 ], [ 121.430642850302974, 23.684324046718647 ], [ 121.430650251574164, 23.686581469344869 ], [ 121.433101486759242, 23.686574633453017 ], [ 121.433094043363653, 23.68431721155622 ] ] ] } },
{ "type": "Feature", "properties": { "gridid": "288150", "time_bucket": null, "people_move_all": 0.0 }, "geometry": { "type": "Polygon", "coordinates": [ [ [ 121.383951337973429, 23.643812588900062 ], [ 121.381500884892915, 23.643818636568682 ], [ 121.381507429010753, 23.646076084778123 ], [ 121.383957924122896, 23.646070036463261 ], [ 121.383951337973429, 23.643812588900062 ] ] ] } },
{ "type": "Feature", "properties": { "gridid": "299765", "time_bucket": null, "people_move_all": 0.0 }, "geometry": { "type": "Polygon", "coordinates": [ [ [ 121.423289265435258, 23.684344319498837 ], [ 121.420838068729452, 23.684350999491418 ], [ 121.420845301502425, 23.686608424993949 ], [ 121.423296540332871, 23.686601744288499 ], [ 121.423289265435258, 23.684344319498837 ] ] ] } },
{ "type": "Feature", "properties": { "gridid": "278261", "time_bucket": null, "people_move_all": 0.0 }, "geometry": { "type": "Polygon", "coordinates": [ [ [ 121.427949316833732, 23.6098355025564 ], [ 121.425499509117202, 23.609842236349639 ], [ 121.425506796190234, 23.61209968217468 ], [ 121.42795664585887, 23.612092947661086 ], [ 121.427949316833732, 23.6098355025564 ] ] ] } },
{ "type": "Feature", "properties": { "gridid": "294041", "time_bucket": null, "people_move_all": 0.0 }, "geometry": { "type": "Polygon", "coordinates": [ [ [ 121.462436790891957, 23.663915418769594 ], [ 121.459985988145007, 23.663922712425098 ], [ 121.45999388606981, 23.666180131965767 ], [ 121.462444730893225, 23.666172837531388 ], [ 121.462436790891957, 23.663915418769594 ] ] ] } },
{ "type": "Feature", "properties": { "gridid": "300394", "time_bucket": null, "people_move_all": 0.0 }, "geometry": { "type": "Polygon", "coordinates": [ [ [ 121.418394062072764, 23.686615066859861 ], [ 121.415942821451011, 23.686621669971771 ], [ 121.415949970862215, 23.68887909622774 ], [ 121.418401253614007, 23.688872492411218 ], [ 121.418394062072764, 23.686615066859861 ] ] ] } },
{ "type": "Feature", "properties": { "gridid": "305405", "time_bucket": "2025-09-23T13:55:00", "people_move_all": 3.35 }, "geometry": { "type": "Polygon", "coordinates": [ [ [ 121.501804698542841, 23.704426651964045 ], [ 121.499353154052443, 23.704434580897033 ], [ 121.499361744372479, 23.706691975585979 ], [ 121.501813331032224, 23.706684045807407 ], [ 121.501804698542841, 23.704426651964045 ] ] ] } },
{ "type": "Feature", "properties": { "gridid": "284860", "time_bucket": null, "people_move_all": 0.0 }, "geometry": { "type": "Polygon", "coordinates": [ [ [ 121.401070097035941, 23.632481946640564 ], [ 121.398619859872866, 23.632488261964884 ], [ 121.39862669396156, 23.634745708857324 ], [ 121.401076973129676, 23.634739392857909 ], [ 121.401070097035941, 23.632481946640564 ] ] ] } },
{ "type": "Feature", "properties": { "gridid": "283532", "time_bucket": null, "people_move_all": 0.0 }, "geometry": { "type": "Polygon", "coordinates": [ [ [ 121.396156039732503, 23.627979641476877 ], [ 121.393705884870087, 23.627985878071716 ], [ 121.393712633270169, 23.630243327618935 ], [ 121.396162830127309, 23.630237090357323 ], [ 121.396156039732503, 23.627979641476877 ] ] ] } },
{ "type": "Feature", "properties": { "gridid": "281550", "time_bucket": null, "people_move_all": 0.0 }, "geometry": { "type": "Polygon", "coordinates": [ [ [ 121.38878558523767, 23.621225878616279 ], [ 121.38633555382718, 23.621231997178718 ], [ 121.386342173772704, 23.623489450676409 ], [ 121.388792247162442, 23.623483331459667 ], [ 121.38878558523767, 23.621225878616279 ] ] ] } },
{ "type": "Feature", "properties": { "gridid": "290131", "time_bucket": null, "people_move_all": 0.0 }, "geometry": { "type": "Polygon", "coordinates": [ [ [ 121.469740817114101, 23.650348793013066 ], [ 121.467290269689784, 23.650356198184245 ], [ 121.467298287863457, 23.652613619334716 ], [ 121.469748877332677, 23.652606213372408 ], [ 121.469740817114101, 23.650348793013066 ] ] ] } },
{ "type": "Feature", "properties": { "gridid": "299793", "time_bucket": null, "people_move_all": 0.0 }, "geometry": { "type": "Polygon", "coordinates": [ [ [ 121.491922388067508, 23.684141530106224 ], [ 121.489471218634932, 23.684149296267336 ], [ 121.489479630871216, 23.686406700244778 ], [ 121.491930842426399, 23.686398933254889 ], [ 121.491922388067508, 23.684141530106224 ] ] ] } },
{ "type": "Feature", "properties": { "gridid": "290760", "time_bucket": null, "people_move_all": 0.0 }, "geometry": { "type": "Polygon", "coordinates": [ [ [ 121.408483853947217, 23.65277974228194 ], [ 121.406033241132633, 23.652786179888057 ], [ 121.40604020902687, 23.655043618812886 ], [ 121.40849086389332, 23.655037180519063 ], [ 121.408483853947217, 23.65277974228194 ] ] ] } },
{ "type": "Feature", "properties": { "gridid": "282871", "time_bucket": null, "people_move_all": 0.0 }, "geometry": { "type": "Polygon", "coordinates": [ [ [ 121.401049473322288, 23.625709603966911 ], [ 121.398599362143031, 23.625715917266078 ], [ 121.398606193683023, 23.6279733661341 ], [ 121.401056346851689, 23.627967052159907 ], [ 121.401049473322288, 23.625709603966911 ] ] ] } },
{ "type": "Feature", "properties": { "gridid": "301680", "time_bucket": null, "people_move_all": 0.0 }, "geometry": { "type": "Polygon", "coordinates": [ [ [ 121.489496458279675, 23.690921506240759 ], [ 121.487045161418749, 23.690929236084987 ], [ 121.48705353465111, 23.693186638905061 ], [ 121.489504873650432, 23.693178908236114 ], [ 121.489496458279675, 23.690921506240759 ] ] ] } },
{ "type": "Feature", "properties": { "gridid": "273576", "time_bucket": null, "people_move_all": 0.0 }, "geometry": { "type": "Polygon", "coordinates": [ [ [ 121.383806649254993, 23.59414857597768 ], [ 121.381357119548937, 23.594154609434383 ], [ 121.381363645786649, 23.596412072123293 ], [ 121.383813217409454, 23.59640603802082 ], [ 121.383806649254993, 23.59414857597768 ] ] ] } },
{ "type": "Feature", "properties": { "gridid": "292740", "time_bucket": "2025-09-23T13:55:00", "people_move_all": 3.35 }, "geometry": { "type": "Polygon", "coordinates": [ [ [ 121.464871631281, 23.659393248407049 ], [ 121.462420913657567, 23.659400579250953 ], [ 121.462428851686013, 23.661657999332444 ], [ 121.464879611375366, 23.661650667705583 ], [ 121.464871631281, 23.659393248407049 ] ] ] } },
{ "type": "Feature", "properties": { "gridid": "297867", "time_bucket": null, "people_move_all": 0.0 }, "geometry": { "type": "Polygon", "coordinates": [ [ [ 121.415914233117817, 23.677591958390337 ], [ 121.413463160076361, 23.677598519903743 ], [ 121.413470263827605, 23.679855949499327 ], [ 121.41592137897824, 23.679849387285543 ], [ 121.415914233117817, 23.677591958390337 ] ] ] } },
{ "type": "Feature", "properties": { "gridid": "290780", "time_bucket": null, "people_move_all": 0.0 }, "geometry": { "type": "Polygon", "coordinates": [ [ [ 121.457495920227871, 23.652642855828905 ], [ 121.455045325828308, 23.652650068122981 ], [ 121.455053134746933, 23.654907492507462 ], [ 121.457503771196926, 23.654900279442924 ], [ 121.457495920227871, 23.652642855828905 ] ] ] } },
{ "type": "Feature", "properties": { "gridid": "279590", "time_bucket": null, "people_move_all": 0.0 }, "geometry": { "type": "Polygon", "coordinates": [ [ [ 121.432863756002533, 23.614336805653835 ], [ 121.430413866205242, 23.614343618216086 ], [ 121.430421239016283, 23.616601061279344 ], [ 121.432871170775968, 23.616594247988417 ], [ 121.432863756002533, 23.614336805653835 ] ] ] } },
{ "type": "Feature", "properties": { "gridid": "284876", "time_bucket": null, "people_move_all": 0.0 }, "geometry": { "type": "Polygon", "coordinates": [ [ [ 121.440273771847686, 23.63237563852649 ], [ 121.437823548988817, 23.632382573010062 ], [ 121.437831055150312, 23.634640008604638 ], [ 121.440281320013128, 23.634633073379788 ], [ 121.440273771847686, 23.63237563852649 ] ] ] } },
{ "type": "Feature", "properties": { "gridid": "286880", "time_bucket": null, "people_move_all": 0.0 }, "geometry": { "type": "Polygon", "coordinates": [ [ [ 121.474601202515814, 23.639046762730953 ], [ 121.472150867245261, 23.639054241364107 ], [ 121.4721589644749, 23.641311664226158 ], [ 121.474609341764037, 23.641304184793736 ], [ 121.474601202515814, 23.639046762730953 ] ] ] } },
{ "type": "Feature", "properties": { "gridid": "286858", "time_bucket": null, "people_move_all": 0.0 }, "geometry": { "type": "Polygon", "coordinates": [ [ [ 121.420693602197673, 23.639202350940856 ], [ 121.418243245990382, 23.639208977971236 ], [ 121.41825041879224, 23.641466417370559 ], [ 121.420700817019735, 23.641459789631917 ], [ 121.420693602197673, 23.639202350940856 ] ] ] } },
{ "type": "Feature", "properties": { "gridid": "281567", "time_bucket": null, "people_move_all": 0.0 }, "geometry": { "type": "Polygon", "coordinates": [ [ [ 121.430435988022055, 23.621115945422016 ], [ 121.427985971404738, 23.621122721493858 ], [ 121.427993304988888, 23.62338016330596 ], [ 121.430443363584374, 23.623373386509506 ], [ 121.430435988022055, 23.621115945422016 ] ] ] } },
{ "type": "Feature", "properties": { "gridid": "284197", "time_bucket": null, "people_move_all": 0.0 }, "geometry": { "type": "Polygon", "coordinates": [ [ [ 121.403513416034855, 23.630218146441035 ], [ 121.401063221726375, 23.630224499784021 ], [ 121.401070096965285, 23.632481946659972 ], [ 121.403520333273505, 23.632475592637778 ], [ 121.403513416034855, 23.630218146441035 ] ] ] } },
{ "type": "Feature", "properties": { "gridid": "299759", "time_bucket": "2025-09-23T13:55:00", "people_move_all": 12.136105476673428 }, "geometry": { "type": "Polygon", "coordinates": [ [ [ 121.408582072465194, 23.684383817575707 ], [ 121.406130870448706, 23.684390264811828 ], [ 121.406137850472248, 23.686647694504629 ], [ 121.408589094613816, 23.686641246580479 ], [ 121.408582072465194, 23.684383817575707 ] ] ] } },
{ "type": "Feature", "properties": { "gridid": "299795", "time_bucket": null, "people_move_all": 0.0 }, "geometry": { "type": "Polygon", "coordinates": [ [ [ 121.496824722892484, 23.684125881448367 ], [ 121.494373555564934, 23.684133725191028 ], [ 121.494382052046291, 23.68639112750677 ], [ 121.496833261496292, 23.686383282927061 ], [ 121.496824722892484, 23.684125881448367 ] ] ] } },
{ "type": "Feature", "properties": { "gridid": "290136", "time_bucket": null, "people_move_all": 0.0 }, "geometry": { "type": "Polygon", "coordinates": [ [ [ 121.481993539472114, 23.650311186193782 ], [ 121.479542997108368, 23.650318785010938 ], [ 121.479551225505659, 23.652576202164397 ], [ 121.482001809913868, 23.652568602535428 ], [ 121.481993539472114, 23.650311186193782 ] ] ] } },
{ "type": "Feature", "properties": { "gridid": "274909", "time_bucket": null, "people_move_all": 0.0 }, "geometry": { "type": "Polygon", "coordinates": [ [ [ 121.383819786359652, 23.59866349938854 ], [ 121.381370172814826, 23.598669534136807 ], [ 121.381376700676753, 23.600926995510349 ], [ 121.383826356148788, 23.600920960116273 ], [ 121.383819786359652, 23.59866349938854 ] ] ] } },
{ "type": "Feature", "properties": { "gridid": "292713", "time_bucket": null, "people_move_all": 0.0 }, "geometry": { "type": "Polygon", "coordinates": [ [ [ 121.398701924581758, 23.659577581173515 ], [ 121.396251182162899, 23.659583865852841 ], [ 121.396257984384334, 23.661841305509896 ], [ 121.398708768870989, 23.661835020159344 ], [ 121.398701924581758, 23.659577581173515 ] ] ] } },
{ "type": "Feature", "properties": { "gridid": "285533", "time_bucket": null, "people_move_all": 0.0 }, "geometry": { "type": "Polygon", "coordinates": [ [ [ 121.423129446626291, 23.634680807295592 ], [ 121.420679175340382, 23.634687471611098 ], [ 121.42068638836885, 23.636944911619967 ], [ 121.423136701664447, 23.636938246592106 ], [ 121.423129446626291, 23.634680807295592 ] ] ] } },
{ "type": "Feature", "properties": { "gridid": "299791", "time_bucket": null, "people_move_all": 0.0 }, "geometry": { "type": "Polygon", "coordinates": [ [ [ 121.487020047232221, 23.684157023672498 ], [ 121.484568875715553, 23.684164712251771 ], [ 121.484577203706422, 23.686422117874343 ], [ 121.487028417345826, 23.686414428474578 ], [ 121.487020047232221, 23.684157023672498 ] ] ] } },
{ "type": "Feature", "properties": { "gridid": "283550", "time_bucket": null, "people_move_all": 0.0 }, "geometry": { "type": "Polygon", "coordinates": [ [ [ 121.440258677787327, 23.627860766909848 ], [ 121.437808538920734, 23.627867699910926 ], [ 121.437816043215918, 23.630125136823352 ], [ 121.440266224076041, 23.630118203081039 ], [ 121.440258677787327, 23.627860766909848 ] ] ] } },
{ "type": "Feature", "properties": { "gridid": "289486", "time_bucket": null, "people_move_all": 0.0 }, "geometry": { "type": "Polygon", "coordinates": [ [ [ 121.481985269965094, 23.648053769270309 ], [ 121.479534769640608, 23.648061367275673 ], [ 121.479542997015315, 23.650318785088917 ], [ 121.481993539379047, 23.650311186271761 ], [ 121.481985269965094, 23.648053769270309 ] ] ] } },
{ "type": "Feature", "properties": { "gridid": "282876", "time_bucket": null, "people_move_all": 0.0 }, "geometry": { "type": "Polygon", "coordinates": [ [ [ 121.413300017186501, 23.625677457266949 ], [ 121.410849910332715, 23.625683963992898 ], [ 121.410856951818985, 23.627941409444436 ], [ 121.413307100661839, 23.627934902022776 ], [ 121.413300017186501, 23.625677457266949 ] ] ] } },
{ "type": "Feature", "properties": { "gridid": "272905", "time_bucket": null, "people_move_all": 0.0 }, "geometry": { "type": "Polygon", "coordinates": [ [ [ 121.376451615784134, 23.591909095848791 ], [ 121.374002125569376, 23.591915012788014 ], [ 121.37400852526001, 23.594172478046968 ], [ 121.376458057386486, 23.594166560474402 ], [ 121.376451615784134, 23.591909095848791 ] ] ] } },
{ "type": "Feature", "properties": { "gridid": "292066", "time_bucket": null, "people_move_all": 0.0 }, "geometry": { "type": "Polygon", "coordinates": [ [ [ 121.408497874133104, 23.65729461805234 ], [ 121.406047177209544, 23.657301057033891 ], [ 121.406054146835757, 23.659558494640425 ], [ 121.408504885821614, 23.659552054971126 ], [ 121.408497874133104, 23.65729461805234 ] ] ] } },
{ "type": "Feature", "properties": { "gridid": "279579", "time_bucket": null, "people_move_all": 0.0 }, "geometry": { "type": "Polygon", "coordinates": [ [ [ 121.405914918697604, 23.614409617325347 ], [ 121.40346501910085, 23.614416004579244 ], [ 121.403471930320805, 23.616673455384976 ], [ 121.405921871880736, 23.616667067447896 ], [ 121.405914918697604, 23.614409617325347 ] ] ] } },
{ "type": "Feature", "properties": { "gridid": "288821", "time_bucket": null, "people_move_all": 0.0 }, "geometry": { "type": "Polygon", "coordinates": [ [ [ 121.445220022114, 23.645906243800532 ], [ 121.442769549035887, 23.645913260175654 ], [ 121.442777144868458, 23.648170690328538 ], [ 121.445227659981725, 23.648163673203719 ], [ 121.445220022114, 23.645906243800532 ] ] ] } },
{ "type": "Feature", "properties": { "gridid": "301056", "time_bucket": null, "people_move_all": 0.0 }, "geometry": { "type": "Polygon", "coordinates": [ [ [ 121.499293052363001, 23.688632799491106 ], [ 121.496841801845846, 23.688640683706872 ], [ 121.49685034257061, 23.690898083864052 ], [ 121.499301635220561, 23.690890198807036 ], [ 121.499293052363001, 23.688632799491106 ] ] ] } },
{ "type": "Feature", "properties": { "gridid": "288169", "time_bucket": null, "people_move_all": 0.0 }, "geometry": { "type": "Polygon", "coordinates": [ [ [ 121.430509784455552, 23.643690326687654 ], [ 121.428059347821858, 23.643697110006677 ], [ 121.428066690529278, 23.645954545230008 ], [ 121.430517169193308, 23.645947761186136 ], [ 121.430509784455552, 23.643690326687654 ] ] ] } },
{ "type": "Feature", "properties": { "gridid": "296619", "time_bucket": null, "people_move_all": 0.0 }, "geometry": { "type": "Polygon", "coordinates": [ [ [ 121.462468557092507, 23.672945089829639 ], [ 121.460017586008391, 23.67295238660078 ], [ 121.460025487858815, 23.675209803501581 ], [ 121.4624765010403, 23.675202505951464 ], [ 121.462468557092507, 23.672945089829639 ] ] ] } },
{ "type": "Feature", "properties": { "gridid": "301683", "time_bucket": null, "people_move_all": 0.0 }, "geometry": { "type": "Polygon", "coordinates": [ [ [ 121.496850342497126, 23.690898083882317 ], [ 121.494399048786562, 23.690905930136239 ], [ 121.494407548433799, 23.693163330469737 ], [ 121.496858884282489, 23.693155483378675 ], [ 121.496850342497126, 23.690898083882317 ] ] ] } },
{ "type": "Feature", "properties": { "gridid": "284210", "time_bucket": null, "people_move_all": 0.0 }, "geometry": { "type": "Polygon", "coordinates": [ [ [ 121.435365862245547, 23.630132031823948 ], [ 121.432915679524413, 23.63013888818044 ], [ 121.432923100755048, 23.632396325904057 ], [ 121.435373325475041, 23.632389468814583 ], [ 121.435365862245547, 23.630132031823948 ] ] ] } },
{ "type": "Feature", "properties": { "gridid": "281558", "time_bucket": null, "people_move_all": 0.0 }, "geometry": { "type": "Polygon", "coordinates": [ [ [ 121.408385805934856, 23.621175537790602 ], [ 121.405935781297927, 23.621181965771214 ], [ 121.405942737075776, 23.623439413918696 ], [ 121.408392803691441, 23.623432985250698 ], [ 121.408385805934856, 23.621175537790602 ] ] ] } },
{ "type": "Feature", "properties": { "gridid": "279573", "time_bucket": null, "people_move_all": 0.0 }, "geometry": { "type": "Polygon", "coordinates": [ [ [ 121.391215509127164, 23.61444736090758 ], [ 121.388765604451393, 23.614453516172304 ], [ 121.388772263891084, 23.61671097099029 ], [ 121.391222210530415, 23.616704815067195 ], [ 121.391215509127164, 23.61444736090758 ] ] ] } },
{ "type": "Feature", "properties": { "gridid": "282883", "time_bucket": null, "people_move_all": 0.0 }, "geometry": { "type": "Polygon", "coordinates": [ [ [ 121.430450740088162, 23.625630826955057 ], [ 121.428000639509307, 23.625637604476136 ], [ 121.428007974917577, 23.627895044970874 ], [ 121.430458117484989, 23.62788826672513 ], [ 121.430450740088162, 23.625630826955057 ] ] ] } },
{ "type": "Feature", "properties": { "gridid": "286853", "time_bucket": null, "people_move_all": 0.0 }, "geometry": { "type": "Polygon", "coordinates": [ [ [ 121.408441812451471, 23.639235098971071 ], [ 121.405991451838375, 23.639241532451418 ], [ 121.405998414538288, 23.641498975329966 ], [ 121.408448817171902, 23.641492541162044 ], [ 121.408441812451471, 23.639235098971071 ] ] ] } },
{ "type": "Feature", "properties": { "gridid": "285549", "time_bucket": null, "people_move_all": 0.0 }, "geometry": { "type": "Polygon", "coordinates": [ [ [ 121.462333661024772, 23.634568914850632 ], [ 121.459883404796159, 23.634576198383208 ], [ 121.459891289970969, 23.636833626498149 ], [ 121.462341588208091, 23.636826342187042 ], [ 121.462333661024772, 23.634568914850632 ] ] ] } },
{ "type": "Feature", "properties": { "gridid": "299767", "time_bucket": null, "people_move_all": 0.0 }, "geometry": { "type": "Polygon", "coordinates": [ [ [ 121.428191656404636, 23.68433084312333 ], [ 121.425740461510927, 23.684337600700957 ], [ 121.42574777853315, 23.686595024773609 ], [ 121.428199015551371, 23.686588266474846 ], [ 121.428191656404636, 23.68433084312333 ] ] ] } },
{ "type": "Feature", "properties": { "gridid": "295979", "time_bucket": null, "people_move_all": 0.0 }, "geometry": { "type": "Polygon", "coordinates": [ [ [ 121.450205959196765, 23.670723765385439 ], [ 121.447755025349835, 23.670730867542936 ], [ 121.447762715756951, 23.67298828893642 ], [ 121.450213691696376, 23.672981186020667 ], [ 121.450205959196765, 23.670723765385439 ] ] ] } },
{ "type": "Feature", "properties": { "gridid": "299792", "time_bucket": null, "people_move_all": 0.0 }, "geometry": { "type": "Polygon", "coordinates": [ [ [ 121.489471218651147, 23.6841492962883 ], [ 121.487020048173903, 23.684157023658532 ], [ 121.487028418287522, 23.686414428460605 ], [ 121.489479630887416, 23.686406700265735 ], [ 121.489471218651147, 23.6841492962883 ] ] ] } },
{ "type": "Feature", "properties": { "gridid": "296597", "time_bucket": null, "people_move_all": 0.0 }, "geometry": { "type": "Polygon", "coordinates": [ [ [ 121.408546974364995, 23.67309666264908 ], [ 121.406095982895394, 23.673103106445389 ], [ 121.406102958585549, 23.675360539436415 ], [ 121.408553992154069, 23.675354094952191 ], [ 121.408546974364995, 23.67309666264908 ] ] ] } },
{ "type": "Feature", "properties": { "gridid": "290788", "time_bucket": null, "people_move_all": 0.0 }, "geometry": { "type": "Polygon", "coordinates": [ [ [ 121.477100640051546, 23.652583763142786 ], [ 121.474650053603284, 23.652591285305281 ], [ 121.474658198923535, 23.654848703410199 ], [ 121.477108827421702, 23.65484118044413 ], [ 121.477100640051546, 23.652583763142786 ] ] ] } },
{ "type": "Feature", "properties": { "gridid": "281568", "time_bucket": "2025-09-23T13:55:00", "people_move_all": 6.316209034543844 }, "geometry": { "type": "Polygon", "coordinates": [ [ [ 121.432886003574424, 23.621109130747108 ], [ 121.430435987874247, 23.621115945495458 ], [ 121.430443363436538, 23.623373386582955 ], [ 121.432893421114798, 23.623366571105855 ], [ 121.432886003574424, 23.621109130747108 ] ] ] } },
{ "type": "Feature", "properties": { "gridid": "286213", "time_bucket": null, "people_move_all": 0.0 }, "geometry": { "type": "Polygon", "coordinates": [ [ [ 121.457440990529108, 23.636840872120843 ], [ 121.454990690336558, 23.636848079022386 ], [ 121.454998492463957, 23.639105508022755 ], [ 121.457448834670402, 23.639098300350931 ], [ 121.457440990529108, 23.636840872120843 ] ] ] } },
{ "type": "Feature", "properties": { "gridid": "290782", "time_bucket": null, "people_move_all": 0.0 }, "geometry": { "type": "Polygon", "coordinates": [ [ [ 121.462397106199248, 23.652628315069769 ], [ 121.459946513756165, 23.652635604831328 ], [ 121.459954406775637, 23.654893027670749 ], [ 121.462405041269037, 23.654885737130449 ], [ 121.462397106199248, 23.652628315069769 ] ] ] } },
{ "type": "Feature", "properties": { "gridid": "282222", "time_bucket": null, "people_move_all": 0.0 }, "geometry": { "type": "Polygon", "coordinates": [ [ [ 121.423093184889197, 23.62339360093203 ], [ 121.420643123573356, 23.623400261686168 ], [ 121.420650332119024, 23.625657704988694 ], [ 121.423100435418448, 23.625651043522328 ], [ 121.423093184889197, 23.62339360093203 ] ] ] } },
{ "type": "Feature", "properties": { "gridid": "278916", "time_bucket": null, "people_move_all": 0.0 }, "geometry": { "type": "Polygon", "coordinates": [ [ [ 121.405907967149687, 23.612152166538326 ], [ 121.403458109510893, 23.612158553109072 ], [ 121.403465019871305, 23.614416004573041 ], [ 121.405914919468088, 23.614409617319129 ], [ 121.405907967149687, 23.612152166538326 ] ] ] } },
{ "type": "Feature", "properties": { "gridid": "285525", "time_bucket": null, "people_move_all": 0.0 }, "geometry": { "type": "Polygon", "coordinates": [ [ [ 121.403527251179739, 23.634733038119407 ], [ 121.40107697286652, 23.634739392820826 ], [ 121.401083849815166, 23.636996838379527 ], [ 121.403534170138599, 23.636990482998861 ], [ 121.403527251179739, 23.634733038119407 ] ] ] } },
{ "type": "Feature", "properties": { "gridid": "294671", "time_bucket": null, "people_move_all": 0.0 }, "geometry": { "type": "Polygon", "coordinates": [ [ [ 121.415878517096047, 23.66630480399477 ], [ 121.413427654522039, 23.666311362006631 ], [ 121.413434753862475, 23.668568794900075 ], [ 121.415885658519514, 23.668562236187949 ], [ 121.415878517096047, 23.66630480399477 ] ] ] } },
{ "type": "Feature", "properties": { "gridid": "276917", "time_bucket": null, "people_move_all": 0.0 }, "geometry": { "type": "Polygon", "coordinates": [ [ [ 121.400987650320531, 23.605392540646594 ], [ 121.398537916810838, 23.605398847871559 ], [ 121.39854474070826, 23.607656302663727 ], [ 121.400994516160353, 23.607649994763943 ], [ 121.400987650320531, 23.605392540646594 ] ] ] } },
{ "type": "Feature", "properties": { "gridid": "299134", "time_bucket": null, "people_move_all": 0.0 }, "geometry": { "type": "Polygon", "coordinates": [ [ [ 121.425733145314553, 23.682080175989093 ], [ 121.423281991631555, 23.682086894057242 ], [ 121.423289265625755, 23.684344319506813 ], [ 121.425740461428106, 23.684337600721683 ], [ 121.425733145314553, 23.682080175989093 ] ] ] } },
{ "type": "Feature", "properties": { "gridid": "298529", "time_bucket": null, "people_move_all": 0.0 }, "geometry": { "type": "Polygon", "coordinates": [ [ [ 121.489454396578324, 23.679634486353386 ], [ 121.487003310330749, 23.679642212074416 ], [ 121.487011678365562, 23.681899618197583 ], [ 121.489462806725371, 23.681891891651979 ], [ 121.489454396578324, 23.679634486353386 ] ] ] } },
{ "type": "Feature", "properties": { "gridid": "272246", "time_bucket": null, "people_move_all": 0.0 }, "geometry": { "type": "Polygon", "coordinates": [ [ [ 121.393591290698325, 23.589609135035683 ], [ 121.391141848109939, 23.589615321679283 ], [ 121.391148540348624, 23.591872783075644 ], [ 121.393598024843143, 23.591866595769776 ], [ 121.393591290698325, 23.589609135035683 ] ] ] } },
{ "type": "Feature", "properties": { "gridid": "284867", "time_bucket": null, "people_move_all": 0.0 }, "geometry": { "type": "Polygon", "coordinates": [ [ [ 121.418221732972285, 23.632436655812111 ], [ 121.415771501902796, 23.632443242020386 ], [ 121.415778630025471, 23.634700684100316 ], [ 121.418228903099518, 23.634694097187996 ], [ 121.418221732972285, 23.632436655812111 ] ] ] } },
{ "type": "Feature", "properties": { "gridid": "289470", "time_bucket": "2025-09-23T13:55:00", "people_move_all": 3.35 }, "geometry": { "type": "Polygon", "coordinates": [ [ [ 121.442777145150458, 23.648170690243933 ], [ 121.440326629093079, 23.648177668642891 ], [ 121.440334183829322, 23.650435098882031 ], [ 121.44278474192717, 23.650428119737484 ], [ 121.442777145150458, 23.648170690243933 ] ] ] } },
{ "type": "Feature", "properties": { "gridid": "286204", "time_bucket": null, "people_move_all": 0.0 }, "geometry": { "type": "Polygon", "coordinates": [ [ [ 121.435388253863565, 23.63690434081132 ], [ 121.432937945130135, 23.636911199366814 ], [ 121.432945369129143, 23.639168635113588 ], [ 121.435395719877121, 23.639161775825038 ], [ 121.435388253863565, 23.63690434081132 ] ] ] } },
{ "type": "Feature", "properties": { "gridid": "298527", "time_bucket": null, "people_move_all": 0.0 }, "geometry": { "type": "Polygon", "coordinates": [ [ [ 121.484552223727249, 23.679649899015629 ], [ 121.482101135406353, 23.679657547171267 ], [ 121.482109419216542, 23.681914954931187 ], [ 121.484560549649814, 23.681907305959246 ], [ 121.484552223727249, 23.679649899015629 ] ] ] } },
{ "type": "Feature", "properties": { "gridid": "281573", "time_bucket": null, "people_move_all": 0.0 }, "geometry": { "type": "Polygon", "coordinates": [ [ [ 121.445136068297629, 23.62107447680399 ], [ 121.442686057261568, 23.621081484934059 ], [ 121.442693642713536, 23.623338922336455 ], [ 121.44514369572731, 23.623331913456965 ], [ 121.445136068297629, 23.62107447680399 ] ] ] } },
{ "type": "Feature", "properties": { "gridid": "284208", "time_bucket": null, "people_move_all": 0.0 }, "geometry": { "type": "Polygon", "coordinates": [ [ [ 121.430465495164569, 23.630145705888129 ], [ 121.428015310603342, 23.630152484858549 ], [ 121.428022647835959, 23.63240992403572 ], [ 121.430472874396202, 23.632403144340596 ], [ 121.430465495164569, 23.630145705888129 ] ] ] } },
{ "type": "Feature", "properties": { "gridid": "301682", "time_bucket": null, "people_move_all": 0.0 }, "geometry": { "type": "Polygon", "coordinates": [ [ [ 121.494399049093886, 23.690905930166355 ], [ 121.491947754327967, 23.690913737617119 ], [ 121.491956211837007, 23.693171138783615 ], [ 121.494407548741123, 23.69316333049985 ], [ 121.494399049093886, 23.690905930166355 ] ] ] } },
{ "type": "Feature", "properties": { "gridid": "302306", "time_bucket": null, "people_move_all": 0.0 }, "geometry": { "type": "Polygon", "coordinates": [ [ [ 121.494407548636602, 23.693163330479742 ], [ 121.491956211732472, 23.693171138763507 ], [ 121.491964670291722, 23.695428539269187 ], [ 121.494416049339264, 23.695420730152399 ], [ 121.494407548636602, 23.693163330479742 ] ] ] } },
{ "type": "Feature", "properties": { "gridid": "282882", "time_bucket": null, "people_move_all": 0.0 }, "geometry": { "type": "Polygon", "coordinates": [ [ [ 121.428000639538496, 23.625637604536173 ], [ 121.42555053804756, 23.625644343372407 ], [ 121.42555783146716, 23.62790178458766 ], [ 121.428007974946738, 23.627895045030904 ], [ 121.428000639538496, 23.625637604536173 ] ] ] } },
{ "type": "Feature", "properties": { "gridid": "283530", "time_bucket": null, "people_move_all": 0.0 }, "geometry": { "type": "Polygon", "coordinates": [ [ [ 121.391255729563724, 23.627992076004013 ], [ 121.388805573028435, 23.62799823521928 ], [ 121.388812237438856, 23.630255686087651 ], [ 121.391262435969026, 23.630249526213877 ], [ 121.391255729563724, 23.627992076004013 ] ] ] } },
{ "type": "Feature", "properties": { "gridid": "302926", "time_bucket": null, "people_move_all": 0.0 }, "geometry": { "type": "Polygon", "coordinates": [ [ [ 121.487061908972606, 23.695444041070242 ], [ 121.484610526789893, 23.695451733752297 ], [ 121.484618859952917, 23.697709136071435 ], [ 121.487070284284556, 23.697701442568746 ], [ 121.487061908972606, 23.695444041070242 ] ] ] } },
{ "type": "Feature", "properties": { "gridid": "292088", "time_bucket": null, "people_move_all": 0.0 }, "geometry": { "type": "Polygon", "coordinates": [ [ [ 121.462412977268571, 23.657143158549662 ], [ 121.459962300719624, 23.657150449868723 ], [ 121.459970195701018, 23.659407871388783 ], [ 121.462420914310755, 23.659400579290928 ], [ 121.462412977268571, 23.657143158549662 ] ] ] } },
{ "type": "Feature", "properties": { "gridid": "299159", "time_bucket": null, "people_move_all": 0.0 }, "geometry": { "type": "Polygon", "coordinates": [ [ [ 121.487011678691857, 23.681899618252974 ], [ 121.484560549292723, 23.681907306011787 ], [ 121.484568876249398, 23.684164712294905 ], [ 121.487020047766052, 23.684157023715624 ], [ 121.487011678691857, 23.681899618252974 ] ] ] } },
{ "type": "Feature", "properties": { "gridid": "274254", "time_bucket": null, "people_move_all": 0.0 }, "geometry": { "type": "Polygon", "coordinates": [ [ [ 121.413208012200442, 23.596330615516042 ], [ 121.41075845072946, 23.596337113199919 ], [ 121.410765480838933, 23.598594567208792 ], [ 121.41321508423114, 23.598588068829507 ], [ 121.413208012200442, 23.596330615516042 ] ] ] } },
{ "type": "Feature", "properties": { "gridid": "297890", "time_bucket": null, "people_move_all": 0.0 }, "geometry": { "type": "Polygon", "coordinates": [ [ [ 121.472288657003404, 23.677430340326204 ], [ 121.469837605698288, 23.677437793771617 ], [ 121.469845677942814, 23.67969520621126 ], [ 121.472296771355474, 23.679687751970267 ], [ 121.472288657003404, 23.677430340326204 ] ] ] } },
{ "type": "Feature", "properties": { "gridid": "278910", "time_bucket": null, "people_move_all": 0.0 }, "geometry": { "type": "Polygon", "coordinates": [ [ [ 121.391208808563405, 23.612189906108224 ], [ 121.38875894584595, 23.612196060714602 ], [ 121.388765604457433, 23.614453516190693 ], [ 121.39121550913319, 23.614447360925968 ], [ 121.391208808563405, 23.612189906108224 ] ] ] } },
{ "type": "Feature", "properties": { "gridid": "287536", "time_bucket": null, "people_move_all": 0.0 }, "geometry": { "type": "Polygon", "coordinates": [ [ [ 121.4746093420205, 23.641304184860545 ], [ 121.472158964731349, 23.641311664292971 ], [ 121.4721670629676, 23.643569086495528 ], [ 121.47461748228055, 23.643561606263805 ], [ 121.4746093420205, 23.641304184860545 ] ] ] } },
{ "type": "Feature", "properties": { "gridid": "300424", "time_bucket": null, "people_move_all": 0.0 }, "geometry": { "type": "Polygon", "coordinates": [ [ [ 121.491930841605125, 23.686398933321648 ], [ 121.489479630049942, 23.686406700311526 ], [ 121.489488043330965, 23.688664103628316 ], [ 121.491939297013943, 23.688656335809636 ], [ 121.491930841605125, 23.686398933321648 ] ] ] } },
{ "type": "Feature", "properties": { "gridid": "289483", "time_bucket": null, "people_move_all": 0.0 }, "geometry": { "type": "Polygon", "coordinates": [ [ [ 121.474633765550024, 23.648076447049409 ], [ 121.472183262173772, 23.648083928879792 ], [ 121.472191363430213, 23.650341349103574 ], [ 121.474641908845982, 23.650333866473805 ], [ 121.474633765550024, 23.648076447049409 ] ] ] } },
{ "type": "Feature", "properties": { "gridid": "277593", "time_bucket": null, "people_move_all": 0.0 }, "geometry": { "type": "Polygon", "coordinates": [ [ [ 121.425492222741383, 23.607584789854688 ], [ 121.42304245606546, 23.607591484275769 ], [ 121.423049700285119, 23.609848931475362 ], [ 121.425499508908032, 23.609842236338082 ], [ 121.425492222741383, 23.607584789854688 ] ] ] } },
{ "type": "Feature", "properties": { "gridid": "272249", "time_bucket": null, "people_move_all": 0.0 }, "geometry": { "type": "Polygon", "coordinates": [ [ [ 121.40093961357455, 23.589590343409284 ], [ 121.398490173515711, 23.589596645911119 ], [ 121.398496991472499, 23.591854105308276 ], [ 121.400946473437244, 23.591847802131774 ], [ 121.40093961357455, 23.589590343409284 ] ] ] } },
{ "type": "Feature", "properties": { "gridid": "299772", "time_bucket": null, "people_move_all": 0.0 }, "geometry": { "type": "Polygon", "coordinates": [ [ [ 121.440447616782876, 23.684296473371312 ], [ 121.437996426510907, 23.68430342491051 ], [ 121.43800395415505, 23.686560845336032 ], [ 121.440455186551205, 23.686553893054988 ], [ 121.440447616782876, 23.684296473371312 ] ] ] } },
{ "type": "Feature", "properties": { "gridid": "275570", "time_bucket": null, "people_move_all": 0.0 }, "geometry": { "type": "Polygon", "coordinates": [ [ [ 121.369128411111134, 23.600956592915249 ], [ 121.366678750844102, 23.600962396466198 ], [ 121.366685027922443, 23.603219860970167 ], [ 121.369134730122269, 23.603214056798205 ], [ 121.369128411111134, 23.600956592915249 ] ] ] } },
{ "type": "Feature", "properties": { "gridid": "292108", "time_bucket": null, "people_move_all": 0.0 }, "geometry": { "type": "Polygon", "coordinates": [ [ [ 121.511426294309942, 23.656989196438371 ], [ 121.508975638478333, 23.656997262583616 ], [ 121.508984374660457, 23.659254667741649 ], [ 121.511435072551279, 23.659246600734853 ], [ 121.511426294309942, 23.656989196438371 ] ] ] } },
{ "type": "Feature", "properties": { "gridid": "292068", "time_bucket": "2025-09-23T13:55:00", "people_move_all": 6.7 }, "geometry": { "type": "Polygon", "coordinates": [ [ [ 121.413399265197, 23.657281623901046 ], [ 121.410948570021162, 23.657288140368973 ], [ 121.410955623771926, 23.659545576595868 ], [ 121.413406361009962, 23.659539059431911 ], [ 121.413399265197, 23.657281623901046 ] ] ] } },
{ "type": "Feature", "properties": { "gridid": "293396", "time_bucket": null, "people_move_all": 0.0 }, "geometry": { "type": "Polygon", "coordinates": [ [ [ 121.477133395136931, 23.661613428353281 ], [ 121.474682640457857, 23.6616209537302 ], [ 121.474690789827648, 23.663878369195569 ], [ 121.477141586577531, 23.66387084301498 ], [ 121.477133395136931, 23.661613428353281 ] ] ] } },
{ "type": "Feature", "properties": { "gridid": "288193", "time_bucket": null, "people_move_all": 0.0 }, "geometry": { "type": "Polygon", "coordinates": [ [ [ 121.489319976366502, 23.64351591177553 ], [ 121.486869563203214, 23.643523624306969 ], [ 121.4868779146192, 23.645781040991992 ], [ 121.489328369811076, 23.645773327636412 ], [ 121.489319976366502, 23.64351591177553 ] ] ] } },
{ "type": "Feature", "properties": { "gridid": "295981", "time_bucket": null, "people_move_all": 0.0 }, "geometry": { "type": "Polygon", "coordinates": [ [ [ 121.455107824141194, 23.670709444780808 ], [ 121.452656892220574, 23.670716624472373 ], [ 121.452664666812609, 23.672974044345207 ], [ 121.455115640825611, 23.672966863887115 ], [ 121.455107824141194, 23.670709444780808 ] ] ] } },
{ "type": "Feature", "properties": { "gridid": "296602", "time_bucket": "2025-09-23T13:55:00", "people_move_all": 3.35 }, "geometry": { "type": "Polygon", "coordinates": [ [ [ 121.420801918912716, 23.673063862064556 ], [ 121.418350931853936, 23.673070499721256 ], [ 121.418358118038043, 23.675327929231322 ], [ 121.420809147195385, 23.675321290866009 ], [ 121.420801918912716, 23.673063862064556 ] ] ] } },
{ "type": "Feature", "properties": { "gridid": "276249", "time_bucket": null, "people_move_all": 0.0 }, "geometry": { "type": "Polygon", "coordinates": [ [ [ 121.39853109417065, 23.603141392441216 ], [ 121.396081401749385, 23.603147660347222 ], [ 121.396088182860709, 23.605405116468059 ], [ 121.398537917219215, 23.60539884789139 ], [ 121.39853109417065, 23.603141392441216 ] ] ] } },
{ "type": "Feature", "properties": { "gridid": "278915", "time_bucket": "2025-09-23T13:55:00", "people_move_all": 3.35 }, "geometry": { "type": "Polygon", "coordinates": [ [ [ 121.403458109558443, 23.612158553128072 ], [ 121.401008251060134, 23.612164901038227 ], [ 121.401015119462571, 23.614422353181215 ], [ 121.403465019918883, 23.614416004592034 ], [ 121.403458109558443, 23.612158553128072 ] ] ] } },
{ "type": "Feature", "properties": { "gridid": "287527", "time_bucket": null, "people_move_all": 0.0 }, "geometry": { "type": "Polygon", "coordinates": [ [ [ 121.45255591056484, 23.641370106055774 ], [ 121.450105524404449, 23.641377237071552 ], [ 121.450113244422894, 23.643634666281599 ], [ 121.452563672607781, 23.643627534503754 ], [ 121.45255591056484, 23.641370106055774 ] ] ] } },
{ "type": "Feature", "properties": { "gridid": "289478", "time_bucket": null, "people_move_all": 0.0 }, "geometry": { "type": "Polygon", "coordinates": [ [ [ 121.462381239140157, 23.648113468989916 ], [ 121.459930730782062, 23.648120757194082 ], [ 121.459938621839896, 23.650378181352664 ], [ 121.462389172237906, 23.650370892369818 ], [ 121.462381239140157, 23.648113468989916 ] ] ] } },
{ "type": "Feature", "properties": { "gridid": "297864", "time_bucket": null, "people_move_all": 0.0 }, "geometry": { "type": "Polygon", "coordinates": [ [ [ 121.408561010597339, 23.677611526619692 ], [ 121.406109934924672, 23.677617971791854 ], [ 121.406116912348011, 23.679875403463736 ], [ 121.408568030130041, 23.679868957603617 ], [ 121.408561010597339, 23.677611526619692 ] ] ] } },
{ "type": "Feature", "properties": { "gridid": "290132", "time_bucket": null, "people_move_all": 0.0 }, "geometry": { "type": "Polygon", "coordinates": [ [ [ 121.472191363590852, 23.650341349145009 ], [ 121.469740817168173, 23.650348793045517 ], [ 121.469748877386749, 23.652606213404862 ], [ 121.472199465854189, 23.65259876870909 ], [ 121.472191363590852, 23.650341349145009 ] ] ] } },
{ "type": "Feature", "properties": { "gridid": "288179", "time_bucket": null, "people_move_all": 0.0 }, "geometry": { "type": "Polygon", "coordinates": [ [ [ 121.455014099598671, 23.643620364027296 ], [ 121.452563672378659, 23.643627534522484 ], [ 121.452571435386474, 23.645884962311126 ], [ 121.455021904636141, 23.64587779104972 ], [ 121.455014099598671, 23.643620364027296 ] ] ] } },
{ "type": "Feature", "properties": { "gridid": "297252", "time_bucket": null, "people_move_all": 0.0 }, "geometry": { "type": "Polygon", "coordinates": [ [ [ 121.460025488191206, 23.675209803568762 ], [ 121.457574474028121, 23.675217062343787 ], [ 121.457582334757461, 23.677474479359351 ], [ 121.460033391023231, 23.677467219809465 ], [ 121.460025488191206, 23.675209803568762 ] ] ] } },
{ "type": "Feature", "properties": { "gridid": "278240", "time_bucket": null, "people_move_all": 0.0 }, "geometry": { "type": "Polygon", "coordinates": [ [ [ 121.37650317130732, 23.609968794441826 ], [ 121.374053345652584, 23.609974716448409 ], [ 121.374059751715933, 23.612232176445673 ], [ 121.376509619324139, 23.612226253805577 ], [ 121.37650317130732, 23.609968794441826 ] ] ] } },
{ "type": "Feature", "properties": { "gridid": "285536", "time_bucket": null, "people_move_all": 0.0 }, "geometry": { "type": "Polygon", "coordinates": [ [ [ 121.43048025525124, 23.634660582121253 ], [ 121.428029986686738, 23.634667362541116 ], [ 121.428037325744015, 23.636924800400532 ], [ 121.430487636317977, 23.636918019255916 ], [ 121.43048025525124, 23.634660582121253 ] ] ] } },
{ "type": "Feature", "properties": { "gridid": "283560", "time_bucket": null, "people_move_all": 0.0 }, "geometry": { "type": "Polygon", "coordinates": [ [ [ 121.464760014012782, 23.627789308977334 ], [ 121.462309884763698, 23.627796628862605 ], [ 121.462317808990832, 23.630054058176622 ], [ 121.464767980232693, 23.63004673750876 ], [ 121.464760014012782, 23.627789308977334 ] ] ] } },
{ "type": "Feature", "properties": { "gridid": "290107", "time_bucket": null, "people_move_all": 0.0 }, "geometry": { "type": "Polygon", "coordinates": [ [ [ 121.410927414899319, 23.650515827676241 ], [ 121.408476845002397, 23.650522303325484 ], [ 121.408483854077417, 23.6527797422217 ], [ 121.410934466020905, 23.652773265880636 ], [ 121.410927414899319, 23.650515827676241 ] ] ] } },
{ "type": "Feature", "properties": { "gridid": "288798", "time_bucket": null, "people_move_all": 0.0 }, "geometry": { "type": "Polygon", "coordinates": [ [ [ 121.388858911723176, 23.646057823733152 ], [ 121.386408418253609, 23.646063949494092 ], [ 121.386415047258495, 23.648321395748159 ], [ 121.388865582764765, 23.648315269332684 ], [ 121.388858911723176, 23.646057823733152 ] ] ] } },
{ "type": "Feature", "properties": { "gridid": "299770", "time_bucket": null, "people_move_all": 0.0 }, "geometry": { "type": "Polygon", "coordinates": [ [ [ 121.435545235839299, 23.684310337625817 ], [ 121.433094043702937, 23.68431721158057 ], [ 121.43310148709854, 23.686574633477367 ], [ 121.435552721359187, 23.68656775878905 ], [ 121.435545235839299, 23.684310337625817 ] ] ] } },
{ "type": "Feature", "properties": { "gridid": "277576", "time_bucket": null, "people_move_all": 0.0 }, "geometry": { "type": "Polygon", "coordinates": [ [ [ 121.383846070599859, 23.607693338410428 ], [ 121.381396289314935, 23.607699375742079 ], [ 121.381402820426075, 23.609956834484329 ], [ 121.383852643659097, 23.609950796506784 ], [ 121.383846070599859, 23.607693338410428 ] ] ] } },
{ "type": "Feature", "properties": { "gridid": "272241", "time_bucket": null, "people_move_all": 0.0 }, "geometry": { "type": "Polygon", "coordinates": [ [ [ 121.381344069519784, 23.589639682054901 ], [ 121.378894622819715, 23.589645675600398 ], [ 121.378901105527021, 23.591903140246064 ], [ 121.381350594133494, 23.591897146058976 ], [ 121.381344069519784, 23.589639682054901 ] ] ] } },
{ "type": "Feature", "properties": { "gridid": "286212", "time_bucket": null, "people_move_all": 0.0 }, "geometry": { "type": "Polygon", "coordinates": [ [ [ 121.454990690020992, 23.636848078989168 ], [ 121.45254038885858, 23.636855247185832 ], [ 121.452548148971985, 23.639112676952347 ], [ 121.454998492148391, 23.639105507989544 ], [ 121.454990690020992, 23.636848078989168 ] ] ] } },
{ "type": "Feature", "properties": { "gridid": "303547", "time_bucket": null, "people_move_all": 0.0 }, "geometry": { "type": "Polygon", "coordinates": [ [ [ 121.484618860122836, 23.697709136088445 ], [ 121.482167434756533, 23.697716790775281 ], [ 121.482175726800023, 23.699974193250114 ], [ 121.484627194320538, 23.699966537746754 ], [ 121.484618860122836, 23.697709136088445 ] ] ] } },
{ "type": "Feature", "properties": { "gridid": "283549", "time_bucket": null, "people_move_all": 0.0 }, "geometry": { "type": "Polygon", "coordinates": [ [ [ 121.437808539250611, 23.627867699884639 ], [ 121.43535839945099, 23.627874594196975 ], [ 121.435365861752587, 23.630132031846486 ], [ 121.437816043545808, 23.630125136797059 ], [ 121.437808539250611, 23.627867699884639 ] ] ] } },
{ "type": "Feature", "properties": { "gridid": "297235", "time_bucket": "2025-09-23T13:55:00", "people_move_all": 6.7 }, "geometry": { "type": "Polygon", "coordinates": [ [ [ 121.418358118012577, 23.675327929274335 ], [ 121.415907087962538, 23.675334528863541 ], [ 121.415914232935435, 23.677591958418436 ], [ 121.418365305089367, 23.677585358124741 ], [ 121.418358118012577, 23.675327929274335 ] ] ] } },
{ "type": "Feature", "properties": { "gridid": "304169", "time_bucket": null, "people_move_all": 0.0 }, "geometry": { "type": "Polygon", "coordinates": [ [ [ 121.491981589884929, 23.699943338314366 ], [ 121.48953012548435, 23.699951110277492 ], [ 121.489538545035472, 23.702208509629404 ], [ 121.491990051595266, 23.702200736837309 ], [ 121.491981589884929, 23.699943338314366 ] ] ] } },
{ "type": "Feature", "properties": { "gridid": "289463", "time_bucket": "2025-09-23T13:55:00", "people_move_all": 3.35 }, "geometry": { "type": "Polygon", "coordinates": [ [ [ 121.425623512524226, 23.648218725826382 ], [ 121.423172990004232, 23.648225433142645 ], [ 121.423180250455303, 23.650482868485042 ], [ 121.42563081501622, 23.650476160452154 ], [ 121.425623512524226, 23.648218725826382 ] ] ] } },
{ "type": "Feature", "properties": { "gridid": "295967", "time_bucket": null, "people_move_all": 0.0 }, "geometry": { "type": "Polygon", "coordinates": [ [ [ 121.420794691313631, 23.670806432589558 ], [ 121.418343746348214, 23.670813069537669 ], [ 121.418350931639679, 23.673070499707354 ], [ 121.420801918698459, 23.673063862050657 ], [ 121.420794691313631, 23.670806432589558 ] ] ] } },
{ "type": "Feature", "properties": { "gridid": "284206", "time_bucket": null, "people_move_all": 0.0 }, "geometry": { "type": "Polygon", "coordinates": [ [ [ 121.42556512507322, 23.630159225060709 ], [ 121.423114938692777, 23.630165926644821 ], [ 121.423122191927149, 23.632423367259001 ], [ 121.425572420306764, 23.632416664958455 ], [ 121.42556512507322, 23.630159225060709 ] ] ] } },
{ "type": "Feature", "properties": { "gridid": "299771", "time_bucket": null, "people_move_all": 0.0 }, "geometry": { "type": "Polygon", "coordinates": [ [ [ 121.43799642731237, 23.684303424897514 ], [ 121.435545236105597, 23.684310337644526 ], [ 121.435552721625513, 23.686567758807762 ], [ 121.438003954956528, 23.686560845323037 ], [ 121.43799642731237, 23.684303424897514 ] ] ] } },
{ "type": "Feature", "properties": { "gridid": "300428", "time_bucket": null, "people_move_all": 0.0 }, "geometry": { "type": "Polygon", "coordinates": [ [ [ 121.501735677234151, 23.686367477406137 ], [ 121.499284469910251, 23.686375399575422 ], [ 121.499293051702054, 23.688632799552153 ], [ 121.501744301153465, 23.688624876537506 ], [ 121.501735677234151, 23.686367477406137 ] ] ] } },
{ "type": "Feature", "properties": { "gridid": "277597", "time_bucket": null, "people_move_all": 0.0 }, "geometry": { "type": "Polygon", "coordinates": [ [ [ 121.435291281019474, 23.607557625700164 ], [ 121.432841518000089, 23.607564474728193 ], [ 121.432848930007211, 23.609821919038193 ], [ 121.435298734973273, 23.609815069277413 ], [ 121.435291281019474, 23.607557625700164 ] ] ] } },
{ "type": "Feature", "properties": { "gridid": "289455", "time_bucket": null, "people_move_all": 0.0 }, "geometry": { "type": "Polygon", "coordinates": [ [ [ 121.406019307225264, 23.64827130003216 ], [ 121.403568777632969, 23.648277697536198 ], [ 121.403575701754022, 23.65053513846264 ], [ 121.406026273387795, 23.650528740275082 ], [ 121.406019307225264, 23.64827130003216 ] ] ] } },
{ "type": "Feature", "properties": { "gridid": "293397", "time_bucket": null, "people_move_all": 0.0 }, "geometry": { "type": "Polygon", "coordinates": [ [ [ 121.479584148592721, 23.661605864181251 ], [ 121.477133394931343, 23.661613428307984 ], [ 121.477141586371914, 23.663870842969686 ], [ 121.479592382103988, 23.663863278035141 ], [ 121.479584148592721, 23.661605864181251 ] ] ] } },
{ "type": "Feature", "properties": { "gridid": "286870", "time_bucket": null, "people_move_all": 0.0 }, "geometry": { "type": "Polygon", "coordinates": [ [ [ 121.450097805525701, 23.639119807182244 ], [ 121.447647460425074, 23.639126898726857 ], [ 121.447655137464608, 23.641384329354072 ], [ 121.4501055245846, 23.64137723705155 ], [ 121.450097805525701, 23.639119807182244 ] ] ] } },
{ "type": "Feature", "properties": { "gridid": "275577", "time_bucket": null, "people_move_all": 0.0 }, "geometry": { "type": "Polygon", "coordinates": [ [ [ 121.386276010540925, 23.600914886097776 ], [ 121.383826355886328, 23.600920960132193 ], [ 121.3838329264929, 23.603178420202156 ], [ 121.386282623079865, 23.603172345517766 ], [ 121.386276010540925, 23.600914886097776 ] ] ] } },
{ "type": "Feature", "properties": { "gridid": "288156", "time_bucket": null, "people_move_all": 0.0 }, "geometry": { "type": "Polygon", "coordinates": [ [ [ 121.398654038384151, 23.643775489819667 ], [ 121.396203590293652, 23.643781769801056 ], [ 121.396210386600188, 23.646039214070981 ], [ 121.398660876721934, 23.646032933418521 ], [ 121.398654038384151, 23.643775489819667 ] ] ] } },
{ "type": "Feature", "properties": { "gridid": "288171", "time_bucket": null, "people_move_all": 0.0 }, "geometry": { "type": "Polygon", "coordinates": [ [ [ 121.435410655504782, 23.643676643898786 ], [ 121.432960220712047, 23.643683504653524 ], [ 121.432967647480098, 23.645940938423017 ], [ 121.435418124303069, 23.645934076935159 ], [ 121.435410655504782, 23.643676643898786 ] ] ] } },
{ "type": "Feature", "properties": { "gridid": "297232", "time_bucket": null, "people_move_all": 0.0 }, "geometry": { "type": "Polygon", "coordinates": [ [ [ 121.411005025491932, 23.675347611691215 ], [ 121.408553992795191, 23.675354094951775 ], [ 121.408561011456044, 23.677611526595324 ], [ 121.411012086256861, 23.677605042642686 ], [ 121.411005025491932, 23.675347611691215 ] ] ] } },
{ "type": "Feature", "properties": { "gridid": "288830", "time_bucket": null, "people_move_all": 0.0 }, "geometry": { "type": "Polygon", "coordinates": [ [ [ 121.467274236591479, 23.64584135391161 ], [ 121.464823772244898, 23.645848718779522 ], [ 121.464831746391297, 23.648106142036152 ], [ 121.467282252772335, 23.648098776381314 ], [ 121.467274236591479, 23.64584135391161 ] ] ] } },
{ "type": "Feature", "properties": { "gridid": "285537", "time_bucket": null, "people_move_all": 0.0 }, "geometry": { "type": "Polygon", "coordinates": [ [ [ 121.432930522787728, 23.634653762934001 ], [ 121.430480255140807, 23.634660582055201 ], [ 121.430487636207573, 23.636918019189856 ], [ 121.43293794586387, 23.636911199339771 ], [ 121.432930522787728, 23.634653762934001 ] ] ] } },
{ "type": "Feature", "properties": { "gridid": "284881", "time_bucket": null, "people_move_all": 0.0 }, "geometry": { "type": "Polygon", "coordinates": [ [ [ 121.452524871466139, 23.632340385663458 ], [ 121.450074653351493, 23.632347513631238 ], [ 121.450082369532055, 23.63460494547806 ], [ 121.452532629650335, 23.634597816748315 ], [ 121.452524871466139, 23.632340385663458 ] ] ] } },
{ "type": "Feature", "properties": { "gridid": "305410", "time_bucket": null, "people_move_all": 0.0 }, "geometry": { "type": "Polygon", "coordinates": [ [ [ 121.514062405414904, 23.704386424834755 ], [ 121.511610866334607, 23.704394547906084 ], [ 121.511619667500639, 23.706651938325678 ], [ 121.5140712487499, 23.706643814388048 ], [ 121.514062405414904, 23.704386424834755 ] ] ] } },
{ "type": "Feature", "properties": { "gridid": "288815", "time_bucket": null, "people_move_all": 0.0 }, "geometry": { "type": "Polygon", "coordinates": [ [ [ 121.430517169013086, 23.645947761154268 ], [ 121.428066690349027, 23.645954545198137 ], [ 121.428074033969139, 23.64821197976234 ], [ 121.430524554668779, 23.648205194993594 ], [ 121.430517169013086, 23.645947761154268 ] ] ] } },
{ "type": "Feature", "properties": { "gridid": "297876", "time_bucket": null, "people_move_all": 0.0 }, "geometry": { "type": "Polygon", "coordinates": [ [ [ 121.437973849539873, 23.677531159715585 ], [ 121.435522784674475, 23.677538070249621 ], [ 121.435530267405866, 23.679795493392781 ], [ 121.437981374379817, 23.67978858212112 ], [ 121.437973849539873, 23.677531159715585 ] ] ] } },
{ "type": "Feature", "properties": { "gridid": "278243", "time_bucket": null, "people_move_all": 0.0 }, "geometry": { "type": "Polygon", "coordinates": [ [ [ 121.383852643166392, 23.609950796415934 ], [ 121.381402819933385, 23.609956834393472 ], [ 121.381409351856988, 23.612214292477788 ], [ 121.383859217043295, 23.612208253854327 ], [ 121.383852643166392, 23.609950796415934 ] ] ] } },
{ "type": "Feature", "properties": { "gridid": "276235", "time_bucket": null, "people_move_all": 0.0 }, "geometry": { "type": "Polygon", "coordinates": [ [ [ 121.364235325402177, 23.603225626460993 ], [ 121.361785621645637, 23.603231353343251 ], [ 121.361791815628763, 23.605488818419236 ], [ 121.364241561323439, 23.605483090924206 ], [ 121.364235325402177, 23.603225626460993 ] ] ] } },
{ "type": "Feature", "properties": { "gridid": "288191", "time_bucket": null, "people_move_all": 0.0 }, "geometry": { "type": "Polygon", "coordinates": [ [ [ 121.484419149430536, 23.64353129817199 ], [ 121.481968734196485, 23.64353893327046 ], [ 121.481977001555094, 23.645796351591361 ], [ 121.484427458817919, 23.645788715677021 ], [ 121.484419149430536, 23.64353129817199 ] ] ] } },
{ "type": "Feature", "properties": { "gridid": "296610", "time_bucket": null, "people_move_all": 0.0 }, "geometry": { "type": "Polygon", "coordinates": [ [ [ 121.440409782854857, 23.673009365078428 ], [ 121.437958803125312, 23.673016312908786 ], [ 121.437966326096145, 23.675273736634075 ], [ 121.440417347923699, 23.675266788062 ], [ 121.440409782854857, 23.673009365078428 ] ] ] } },
{ "type": "Feature", "properties": { "gridid": "294019", "time_bucket": null, "people_move_all": 0.0 }, "geometry": { "type": "Polygon", "coordinates": [ [ [ 121.408518911931282, 23.664066926808001 ], [ 121.406068088805057, 23.664073367852883 ], [ 121.406075061029711, 23.666330803481635 ], [ 121.408525926233935, 23.666324361748931 ], [ 121.408518911931282, 23.664066926808001 ] ] ] } },
{ "type": "Feature", "properties": { "gridid": "290128", "time_bucket": null, "people_move_all": 0.0 }, "geometry": { "type": "Polygon", "coordinates": [ [ [ 121.462389171668434, 23.650370892329846 ], [ 121.459938621270425, 23.650378181312682 ], [ 121.459946513309049, 23.65263560481171 ], [ 121.462397105752132, 23.652628315050155 ], [ 121.462389171668434, 23.650370892329846 ] ] ] } },
{ "type": "Feature", "properties": { "gridid": "284874", "time_bucket": null, "people_move_all": 0.0 }, "geometry": { "type": "Polygon", "coordinates": [ [ [ 121.435373324782319, 23.632389468786403 ], [ 121.432923100062325, 23.632396325875863 ], [ 121.432930522215671, 23.63465376294058 ], [ 121.435380788939753, 23.634646905118114 ], [ 121.435373324782319, 23.632389468786403 ] ] ] } },
{ "type": "Feature", "properties": { "gridid": "282216", "time_bucket": null, "people_move_all": 0.0 }, "geometry": { "type": "Polygon", "coordinates": [ [ [ 121.408392803490415, 23.623432985175626 ], [ 121.405942736874735, 23.623439413843613 ], [ 121.405949693517599, 23.625696861332646 ], [ 121.408399802117231, 23.625690431977247 ], [ 121.408392803490415, 23.623432985175626 ] ] ] } },
{ "type": "Feature", "properties": { "gridid": "284215", "time_bucket": null, "people_move_all": 0.0 }, "geometry": { "type": "Polygon", "coordinates": [ [ [ 121.447616761902935, 23.630097169650199 ], [ 121.445166583873473, 23.63010421947082 ], [ 121.445174215097794, 23.632361653488179 ], [ 121.447624435125775, 23.632354602913889 ], [ 121.447616761902935, 23.630097169650199 ] ] ] } },
{ "type": "Feature", "properties": { "gridid": "297229", "time_bucket": null, "people_move_all": 0.0 }, "geometry": { "type": "Polygon", "coordinates": [ [ [ 121.40365192394799, 23.675366945126989 ], [ 121.40120088865163, 23.675373312058387 ], [ 121.401207780999854, 23.677630745753326 ], [ 121.403658858400505, 23.677624378142266 ], [ 121.40365192394799, 23.675366945126989 ] ] ] } },
{ "type": "Feature", "properties": { "gridid": "278242", "time_bucket": null, "people_move_all": 0.0 }, "geometry": { "type": "Polygon", "coordinates": [ [ [ 121.381402820549297, 23.609956834422469 ], [ 121.378952996503827, 23.609962833743083 ], [ 121.378959486474074, 23.612220292469182 ], [ 121.381409352472886, 23.612214292506778 ], [ 121.381402820549297, 23.609956834422469 ] ] ] } },
{ "type": "Feature", "properties": { "gridid": "300390", "time_bucket": "2025-09-23T13:55:00", "people_move_all": 3.35 }, "geometry": { "type": "Polygon", "coordinates": [ [ [ 121.408589094092989, 23.686641246561063 ], [ 121.406137849951435, 23.686647694485202 ], [ 121.406144830841853, 23.688905123518222 ], [ 121.408596117113703, 23.688898674906032 ], [ 121.408589094092989, 23.686641246561063 ] ] ] } },
{ "type": "Feature", "properties": { "gridid": "287526", "time_bucket": null, "people_move_all": 0.0 }, "geometry": { "type": "Polygon", "coordinates": [ [ [ 121.450105524056895, 23.64137723713241 ], [ 121.447655136936916, 23.641384329434921 ], [ 121.447662814930794, 23.643641759402882 ], [ 121.450113244075354, 23.64363466634245 ], [ 121.450105524056895, 23.64137723713241 ] ] ] } },
{ "type": "Feature", "properties": { "gridid": "294044", "time_bucket": null, "people_move_all": 0.0 }, "geometry": { "type": "Polygon", "coordinates": [ [ [ 121.469789193289941, 23.663893305315803 ], [ 121.467338393518034, 23.663900715234135 ], [ 121.467346417671962, 23.666158132425778 ], [ 121.469797259520121, 23.666150721716161 ], [ 121.469789193289941, 23.663893305315803 ] ] ] } },
{ "type": "Feature", "properties": { "gridid": "290121", "time_bucket": null, "people_move_all": 0.0 }, "geometry": { "type": "Polygon", "coordinates": [ [ [ 121.445235298204977, 23.650421101909149 ], [ 121.442784741051327, 23.650428119783687 ], [ 121.442792338772207, 23.65268554861785 ], [ 121.445242937971472, 23.652678529993562 ], [ 121.445235298204977, 23.650421101909149 ] ] ] } },
{ "type": "Feature", "properties": { "gridid": "290785", "time_bucket": "2025-09-23T13:55:00", "people_move_all": 9.5679487179487186 }, "geometry": { "type": "Polygon", "coordinates": [ [ [ 121.46974887763696, 23.652606213346832 ], [ 121.467298288167768, 23.652613619309147 ], [ 121.467306307337978, 23.654871039799932 ], [ 121.469756938857273, 23.65486363304646 ], [ 121.46974887763696, 23.652606213346832 ] ] ] } },
{ "type": "Feature", "properties": { "gridid": "284209", "time_bucket": null, "people_move_all": 0.0 }, "geometry": { "type": "Polygon", "coordinates": [ [ [ 121.432915678706323, 23.630138888204993 ], [ 121.430465495062563, 23.630145705868468 ], [ 121.430472874294196, 23.632403144320932 ], [ 121.432923099936929, 23.63239632592861 ], [ 121.432915678706323, 23.630138888204993 ] ] ] } },
{ "type": "Feature", "properties": { "gridid": "285534", "time_bucket": null, "people_move_all": 0.0 }, "geometry": { "type": "Polygon", "coordinates": [ [ [ 121.425579717170507, 23.634674104202045 ], [ 121.423129446786518, 23.634680807219066 ], [ 121.423136701824674, 23.636938246515587 ], [ 121.425587014218266, 23.636931542782083 ], [ 121.425579717170507, 23.634674104202045 ] ] ] } },
{ "type": "Feature", "properties": { "gridid": "272901", "time_bucket": null, "people_move_all": 0.0 }, "geometry": { "type": "Polygon", "coordinates": [ [ [ 121.366653650184816, 23.591932531846801 ], [ 121.364204156816101, 23.591938294289683 ], [ 121.364210388859178, 23.59419576204068 ], [ 121.366659924139881, 23.594189998980994 ], [ 121.366653650184816, 23.591932531846801 ] ] ] } },
{ "type": "Feature", "properties": { "gridid": "276906", "time_bucket": null, "people_move_all": 0.0 }, "geometry": { "type": "Polygon", "coordinates": [ [ [ 121.374040536530927, 23.605459794427183 ], [ 121.37159079397081, 23.605465676517994 ], [ 121.371597156497558, 23.607723138460301 ], [ 121.374046941000742, 23.607717255740159 ], [ 121.374040536530927, 23.605459794427183 ] ] ] } },
{ "type": "Feature", "properties": { "gridid": "304788", "time_bucket": null, "people_move_all": 0.0 }, "geometry": { "type": "Polygon", "coordinates": [ [ [ 121.504247568377465, 23.702161290568757 ], [ 121.501796067122655, 23.702169257479841 ], [ 121.501804698540525, 23.70442665198437 ], [ 121.504256241959354, 23.704418684223583 ], [ 121.504247568377465, 23.702161290568757 ] ] ] } },
{ "type": "Feature", "properties": { "gridid": "284871", "time_bucket": null, "people_move_all": 0.0 }, "geometry": { "type": "Polygon", "coordinates": [ [ [ 121.428022648164898, 23.632409924041973 ], [ 121.425572420692347, 23.632416665039848 ], [ 121.425579716832956, 23.634674104278751 ], [ 121.428029986309795, 23.634667362560286 ], [ 121.428022648164898, 23.632409924041973 ] ] ] } },
{ "type": "Feature", "properties": { "gridid": "294692", "time_bucket": null, "people_move_all": 0.0 }, "geometry": { "type": "Polygon", "coordinates": [ [ [ 121.467346417367494, 23.666158132434195 ], [ 121.464895574522345, 23.666165504385454 ], [ 121.464903557591711, 23.668422921704291 ], [ 121.467354442518413, 23.668415548965854 ], [ 121.467346417367494, 23.666158132434195 ] ] ] } },
{ "type": "Feature", "properties": { "gridid": "286190", "time_bucket": null, "people_move_all": 0.0 }, "geometry": { "type": "Polygon", "coordinates": [ [ [ 121.401083850191256, 23.636996838423073 ], [ 121.398633529012855, 23.637003155097609 ], [ 121.398640364800997, 23.639260600672753 ], [ 121.401090727994884, 23.639254283323091 ], [ 121.401083850191256, 23.636996838423073 ] ] ] } },
{ "type": "Feature", "properties": { "gridid": "299750", "time_bucket": null, "people_move_all": 0.0 }, "geometry": { "type": "Polygon", "coordinates": [ [ [ 121.386521222835839, 23.684440446132577 ], [ 121.384070013206397, 23.684446544230276 ], [ 121.384076614101389, 23.686703979929046 ], [ 121.386527865856465, 23.686697881180582 ], [ 121.386521222835839, 23.684440446132577 ] ] ] } },
{ "type": "Feature", "properties": { "gridid": "294684", "time_bucket": null, "people_move_all": 0.0 }, "geometry": { "type": "Polygon", "coordinates": [ [ [ 121.447739647588605, 23.666216022786202 ], [ 121.445288796955865, 23.666223084668424 ], [ 121.445296443370324, 23.668480508135648 ], [ 121.447747336085186, 23.668473445499366 ], [ 121.447739647588605, 23.666216022786202 ] ] ] } },
{ "type": "Feature", "properties": { "gridid": "278925", "time_bucket": "2025-09-23T13:55:00", "people_move_all": 6.316209034543844 }, "geometry": { "type": "Polygon", "coordinates": [ [ [ 121.427956646355256, 23.6120929477249 ], [ 121.425506796686605, 23.612099682238497 ], [ 121.425514084666091, 23.614357127405146 ], [ 121.427963976292062, 23.614350392171165 ], [ 121.427956646355256, 23.6120929477249 ] ] ] } },
{ "type": "Feature", "properties": { "gridid": "286214", "time_bucket": null, "people_move_all": 0.0 }, "geometry": { "type": "Polygon", "coordinates": [ [ [ 121.459891290034605, 23.636833626454621 ], [ 121.457440990817162, 23.636840872060979 ], [ 121.45744883495847, 23.639098300291064 ], [ 121.459899176189737, 23.639091053910285 ], [ 121.459891290034605, 23.636833626454621 ] ] ] } },
{ "type": "Feature", "properties": { "gridid": "296612", "time_bucket": null, "people_move_all": 0.0 }, "geometry": { "type": "Polygon", "coordinates": [ [ [ 121.445311738814624, 23.67299535305289 ], [ 121.44286076096968, 23.673002378426055 ], [ 121.442868368136445, 23.67525980066377 ], [ 121.445319388079284, 23.675252774540606 ], [ 121.445311738814624, 23.67299535305289 ] ] ] } },
{ "type": "Feature", "properties": { "gridid": "282227", "time_bucket": null, "people_move_all": 0.0 }, "geometry": { "type": "Polygon", "coordinates": [ [ [ 121.435343477650704, 23.62335971693669 ], [ 121.432893420894899, 23.623366571094383 ], [ 121.432900839357714, 23.625624010794422 ], [ 121.435350938096732, 23.625617155903821 ], [ 121.435343477650704, 23.62335971693669 ] ] ] } },
{ "type": "Feature", "properties": { "gridid": "289447", "time_bucket": null, "people_move_all": 0.0 }, "geometry": { "type": "Polygon", "coordinates": [ [ [ 121.386415046761201, 23.648321395672092 ], [ 121.383964510430999, 23.648327483360415 ], [ 121.383971098217827, 23.650584929606101 ], [ 121.386421676590032, 23.650578841267354 ], [ 121.386415046761201, 23.648321395672092 ] ] ] } },
{ "type": "Feature", "properties": { "gridid": "288166", "time_bucket": null, "people_move_all": 0.0 }, "geometry": { "type": "Polygon", "coordinates": [ [ [ 121.423158471862379, 23.64371056048666 ], [ 121.42070803250644, 23.643717227651688 ], [ 121.420715249122367, 23.645974665024763 ], [ 121.423165730508856, 23.645967997147292 ], [ 121.423158471862379, 23.64371056048666 ] ] ] } },
{ "type": "Feature", "properties": { "gridid": "277573", "time_bucket": null, "people_move_all": 0.0 }, "geometry": { "type": "Polygon", "coordinates": [ [ [ 121.376496724732888, 23.607711334430142 ], [ 121.374046941026421, 23.607717255803244 ], [ 121.374053346292996, 23.609974716458378 ], [ 121.376503171947704, 23.609968794451788 ], [ 121.376496724732888, 23.607711334430142 ] ] ] } },
{ "type": "Feature", "properties": { "gridid": "280905", "time_bucket": null, "people_move_all": 0.0 }, "geometry": { "type": "Polygon", "coordinates": [ [ [ 121.418178730679188, 23.618891993751276 ], [ 121.415728751527595, 23.618898575735745 ], [ 121.415735874334189, 23.621156021767362 ], [ 121.418185895459047, 23.621149439078984 ], [ 121.418178730679188, 23.618891993751276 ] ] ] } },
{ "type": "Feature", "properties": { "gridid": "292760", "time_bucket": null, "people_move_all": 0.0 }, "geometry": { "type": "Polygon", "coordinates": [ [ [ 121.51388576921785, 23.659238494996693 ], [ 121.511435072417839, 23.659246600748226 ], [ 121.511443851750002, 23.661504004384383 ], [ 121.513894590614356, 23.661495897767129 ], [ 121.51388576921785, 23.659238494996693 ] ] ] } },
{ "type": "Feature", "properties": { "gridid": "288834", "time_bucket": null, "people_move_all": 0.0 }, "geometry": { "type": "Polygon", "coordinates": [ [ [ 121.477076083514518, 23.645811507260028 ], [ 121.474625623184465, 23.645819027011981 ], [ 121.474633765468369, 23.648076447096056 ], [ 121.477084267832595, 23.648068926540613 ], [ 121.477076083514518, 23.645811507260028 ] ] ] } },
{ "type": "Feature", "properties": { "gridid": "277574", "time_bucket": null, "people_move_all": 0.0 }, "geometry": { "type": "Polygon", "coordinates": [ [ [ 121.378946507357796, 23.607705374421482 ], [ 121.376496724453276, 23.60771133444748 ], [ 121.376503171668091, 23.609968794469125 ], [ 121.378952996520823, 23.609962833805501 ], [ 121.378946507357796, 23.607705374421482 ] ] ] } },
{ "type": "Feature", "properties": { "gridid": "280253", "time_bucket": null, "people_move_all": 0.0 }, "geometry": { "type": "Polygon", "coordinates": [ [ [ 121.437771031631527, 23.616580505382927 ], [ 121.435321101721513, 23.616587396010171 ], [ 121.435328559384772, 23.618844836953357 ], [ 121.437778531262239, 23.618837945589146 ], [ 121.437771031631527, 23.616580505382927 ] ] ] } },
{ "type": "Feature", "properties": { "gridid": "286874", "time_bucket": null, "people_move_all": 0.0 }, "geometry": { "type": "Polygon", "coordinates": [ [ [ 121.459899175552636, 23.639091053996548 ], [ 121.457448834321355, 23.63909830037732 ], [ 121.457456679437826, 23.64135572794811 ], [ 121.459907062688131, 23.641348480792892 ], [ 121.459899175552636, 23.639091053996548 ] ] ] } },
{ "type": "Feature", "properties": { "gridid": "304167", "time_bucket": null, "people_move_all": 0.0 }, "geometry": { "type": "Polygon", "coordinates": [ [ [ 121.487078660086794, 23.699958843409419 ], [ 121.484627193601028, 23.699966537732756 ], [ 121.484635528833479, 23.702223938730192 ], [ 121.487087037478616, 23.702216243586157 ], [ 121.487078660086794, 23.699958843409419 ] ] ] } },
{ "type": "Feature", "properties": { "gridid": "276928", "time_bucket": null, "people_move_all": 0.0 }, "geometry": { "type": "Polygon", "coordinates": [ [ [ 121.427934661798389, 23.605320610419426 ], [ 121.425484937970438, 23.605327342772032 ], [ 121.425492223230762, 23.607584789913719 ], [ 121.427941989000402, 23.607578056840811 ], [ 121.427934661798389, 23.605320610419426 ] ] ] } },
{ "type": "Feature", "properties": { "gridid": "280901", "time_bucket": null, "people_move_all": 0.0 }, "geometry": { "type": "Polygon", "coordinates": [ [ [ 121.408378809381887, 23.618918089605597 ], [ 121.40592882671848, 23.61892451689884 ], [ 121.405935781631371, 23.621181965704732 ], [ 121.408385806268271, 23.621175537724117 ], [ 121.408378809381887, 23.618918089605597 ] ] ] } },
{ "type": "Feature", "properties": { "gridid": "286849", "time_bucket": null, "people_move_all": 0.0 }, "geometry": { "type": "Polygon", "coordinates": [ [ [ 121.398640364208092, 23.639260600632966 ], [ 121.396190000164353, 23.639266879272288 ], [ 121.396196794781503, 23.641524324859741 ], [ 121.398647200846028, 23.641518045549404 ], [ 121.398640364208092, 23.639260600632966 ] ] ] } },
{ "type": "Feature", "properties": { "gridid": "297225", "time_bucket": null, "people_move_all": 0.0 }, "geometry": { "type": "Polygon", "coordinates": [ [ [ 121.393847777853296, 23.675392180237356 ], [ 121.391396739163966, 23.675398392062469 ], [ 121.39140346309442, 23.677655828434652 ], [ 121.393854543888295, 23.677649615946432 ], [ 121.393847777853296, 23.675392180237356 ] ] ] } },
{ "type": "Feature", "properties": { "gridid": "294010", "time_bucket": null, "people_move_all": 0.0 }, "geometry": { "type": "Polygon", "coordinates": [ [ [ 121.386461473087493, 23.664123500998141 ], [ 121.38401064235353, 23.664129593239888 ], [ 121.38401723587323, 23.666387034872809 ], [ 121.386468108685776, 23.666380941980488 ], [ 121.386461473087493, 23.664123500998141 ] ] ] } },
{ "type": "Feature", "properties": { "gridid": "282895", "time_bucket": null, "people_move_all": 0.0 }, "geometry": { "type": "Polygon", "coordinates": [ [ [ 121.459851873483103, 23.625546479345189 ], [ 121.457401784256476, 23.625553721079822 ], [ 121.457409623523006, 23.627811152605659 ], [ 121.459859754737366, 23.627803910096734 ], [ 121.459851873483103, 23.625546479345189 ] ] ] } },
{ "type": "Feature", "properties": { "gridid": "278919", "time_bucket": null, "people_move_all": 0.0 }, "geometry": { "type": "Polygon", "coordinates": [ [ [ 121.413257534908055, 23.612132774881655 ], [ 121.410807679878999, 23.612139277433858 ], [ 121.41081471611308, 23.614396726835938 ], [ 121.413264613099869, 23.614390223588167 ], [ 121.413257534908055, 23.612132774881655 ] ] ] } },
{ "type": "Feature", "properties": { "gridid": "288189", "time_bucket": null, "people_move_all": 0.0 }, "geometry": { "type": "Polygon", "coordinates": [ [ [ 121.479518317484292, 23.643546529676875 ], [ 121.477067900200339, 23.643554087342093 ], [ 121.477076083501231, 23.645811507282321 ], [ 121.479526542814085, 23.645803948809512 ], [ 121.479518317484292, 23.643546529676875 ] ] ] } },
{ "type": "Feature", "properties": { "gridid": "291430", "time_bucket": "2025-09-23T13:55:00", "people_move_all": 3.35 }, "geometry": { "type": "Polygon", "coordinates": [ [ [ 121.445250579306276, 23.654935957417813 ], [ 121.442799938056183, 23.65494297679188 ], [ 121.442807537665672, 23.657200404307133 ], [ 121.445258220971837, 23.657193384183262 ], [ 121.445250579306276, 23.654935957417813 ] ] ] } },
{ "type": "Feature", "properties": { "gridid": "297881", "time_bucket": null, "people_move_all": 0.0 }, "geometry": { "type": "Polygon", "coordinates": [ [ [ 121.4502291599063, 23.677496025336399 ], [ 121.447778099766182, 23.677503129768734 ], [ 121.447785793039628, 23.679760549182348 ], [ 121.450236895287944, 23.679753443991682 ], [ 121.4502291599063, 23.677496025336399 ] ] ] } },
{ "type": "Feature", "properties": { "gridid": "290138", "time_bucket": null, "people_move_all": 0.0 }, "geometry": { "type": "Polygon", "coordinates": [ [ [ 121.486894620397294, 23.65029587238077 ], [ 121.484444080094377, 23.650303548655856 ], [ 121.484452392580522, 23.652560964181557 ], [ 121.486902974927787, 23.652553287086388 ], [ 121.486894620397294, 23.65029587238077 ] ] ] } },
{ "type": "Feature", "properties": { "gridid": "274908", "time_bucket": null, "people_move_all": 0.0 }, "geometry": { "type": "Polygon", "coordinates": [ [ [ 121.381370172729319, 23.598669534184793 ], [ 121.378920558372371, 23.598675530296795 ], [ 121.378927044307019, 23.600932992312014 ], [ 121.381376700591261, 23.600926995558346 ], [ 121.381370172729319, 23.598669534184793 ] ] ] } },
{ "type": "Feature", "properties": { "gridid": "286865", "time_bucket": null, "people_move_all": 0.0 }, "geometry": { "type": "Polygon", "coordinates": [ [ [ 121.437846069934125, 23.639154877886622 ], [ 121.435395720114315, 23.63916177588467 ], [ 121.435403187056053, 23.641419210239313 ], [ 121.43785357889557, 23.641412311504062 ], [ 121.437846069934125, 23.639154877886622 ] ] ] } },
{ "type": "Feature", "properties": { "gridid": "273572", "time_bucket": null, "people_move_all": 0.0 }, "geometry": { "type": "Polygon", "coordinates": [ [ [ 121.374008525697164, 23.594172478058791 ], [ 121.371558992774297, 23.594178357003219 ], [ 121.371565351344316, 23.596435822233865 ], [ 121.374014926184188, 23.596429942660208 ], [ 121.374008525697164, 23.594172478058791 ] ] ] } },
{ "type": "Feature", "properties": { "gridid": "286197", "time_bucket": null, "people_move_all": 0.0 }, "geometry": { "type": "Polygon", "coordinates": [ [ [ 121.418236074090558, 23.636951537865837 ], [ 121.41578575900671, 23.636958125482231 ], [ 121.415792888901933, 23.639215566244545 ], [ 121.418243246000813, 23.639208977924049 ], [ 121.418236074090558, 23.636951537865837 ] ] ] } },
{ "type": "Feature", "properties": { "gridid": "278244", "time_bucket": null, "people_move_all": 0.0 }, "geometry": { "type": "Polygon", "coordinates": [ [ [ 121.386302465780929, 23.609944719811484 ], [ 121.3838526433656, 23.609950796445908 ], [ 121.383859217242474, 23.612208253884301 ], [ 121.386309081611046, 23.612202176599819 ], [ 121.386302465780929, 23.609944719811484 ] ] ] } },
{ "type": "Feature", "properties": { "gridid": "278922", "time_bucket": null, "people_move_all": 0.0 }, "geometry": { "type": "Polygon", "coordinates": [ [ [ 121.420607094643245, 23.612113035243837 ], [ 121.418157242270908, 23.612119653776997 ], [ 121.41816440437799, 23.614377101079967 ], [ 121.420614298707832, 23.614370481838836 ], [ 121.420607094643245, 23.612113035243837 ] ] ] } },
{ "type": "Feature", "properties": { "gridid": "295332", "time_bucket": "2025-09-23T13:55:00", "people_move_all": 3.35 }, "geometry": { "type": "Polygon", "coordinates": [ [ [ 121.450198227632114, 23.668466344035139 ], [ 121.447747335872478, 23.668473445434408 ], [ 121.44775502532427, 23.670730867487752 ], [ 121.4502059591712, 23.670723765330262 ], [ 121.450198227632114, 23.668466344035139 ] ] ] } },
{ "type": "Feature", "properties": { "gridid": "281552", "time_bucket": null, "people_move_all": 0.0 }, "geometry": { "type": "Polygon", "coordinates": [ [ [ 121.393685645427439, 23.621213525497286 ], [ 121.391235615679037, 23.62121972141459 ], [ 121.391242319583, 23.623477173599547 ], [ 121.393692391310566, 23.623470977019675 ], [ 121.393685645427439, 23.621213525497286 ] ] ] } },
{ "type": "Feature", "properties": { "gridid": "276907", "time_bucket": null, "people_move_all": 0.0 }, "geometry": { "type": "Polygon", "coordinates": [ [ [ 121.376490278161057, 23.605453873718488 ], [ 121.374040536397629, 23.605459794458113 ], [ 121.374046940867444, 23.607717255771089 ], [ 121.376496724573911, 23.60771133439799 ], [ 121.376490278161057, 23.605453873718488 ] ] ] } },
{ "type": "Feature", "properties": { "gridid": "284214", "time_bucket": null, "people_move_all": 0.0 }, "geometry": { "type": "Polygon", "coordinates": [ [ [ 121.445166583376619, 23.630104219520756 ], [ 121.442716404398368, 23.630111230648666 ], [ 121.442723993624099, 23.632368665415548 ], [ 121.445174214600939, 23.632361653538108 ], [ 121.445166583376619, 23.630104219520756 ] ] ] } },
{ "type": "Feature", "properties": { "gridid": "299138", "time_bucket": null, "people_move_all": 0.0 }, "geometry": { "type": "Polygon", "coordinates": [ [ [ 121.435537751243245, 23.682052915863107 ], [ 121.433086601225995, 23.682059789084313 ], [ 121.433094043697238, 23.684317211641115 ], [ 121.435545235833573, 23.684310337686362 ], [ 121.435537751243245, 23.682052915863107 ] ] ] } },
{ "type": "Feature", "properties": { "gridid": "289488", "time_bucket": null, "people_move_all": 0.0 }, "geometry": { "type": "Polygon", "coordinates": [ [ [ 121.486886266895567, 23.648038457061407 ], [ 121.484435768631755, 23.648046132516431 ], [ 121.484444080084884, 23.650303548701956 ], [ 121.486894620387815, 23.650295872426877 ], [ 121.486886266895567, 23.648038457061407 ] ] ] } },
{ "type": "Feature", "properties": { "gridid": "282877", "time_bucket": null, "people_move_all": 0.0 }, "geometry": { "type": "Polygon", "coordinates": [ [ [ 121.415750122751618, 23.625670911873247 ], [ 121.413300016778578, 23.625677457284386 ], [ 121.413307100253917, 23.627934902040213 ], [ 121.415757248215925, 23.627928355929239 ], [ 121.415750122751618, 23.625670911873247 ] ] ] } },
{ "type": "Feature", "properties": { "gridid": "272912", "time_bucket": null, "people_move_all": 0.0 }, "geometry": { "type": "Polygon", "coordinates": [ [ [ 121.393598025233672, 23.591866595832858 ], [ 121.391148540739152, 23.591872783138726 ], [ 121.391155233810679, 23.594130243877441 ], [ 121.393604760216519, 23.594124055909283 ], [ 121.393598025233672, 23.591866595832858 ] ] ] } },
{ "type": "Feature", "properties": { "gridid": "272244", "time_bucket": null, "people_move_all": 0.0 }, "geometry": { "type": "Polygon", "coordinates": [ [ [ 121.38869240443465, 23.589621469697089 ], [ 121.386242960185925, 23.589627579101606 ], [ 121.386249568612271, 23.591885041810091 ], [ 121.388699054767201, 23.591878931751577 ], [ 121.38869240443465, 23.589621469697089 ] ] ] } },
{ "type": "Feature", "properties": { "gridid": "295984", "time_bucket": null, "people_move_all": 0.0 }, "geometry": { "type": "Polygon", "coordinates": [ [ [ 121.462460614538514, 23.670687673089613 ], [ 121.46000968554651, 23.670694969081815 ], [ 121.460017586415418, 23.672952386642649 ], [ 121.462468557499548, 23.672945089871504 ], [ 121.462460614538514, 23.670687673089613 ] ] ] } },
{ "type": "Feature", "properties": { "gridid": "299763", "time_bucket": null, "people_move_all": 0.0 }, "geometry": { "type": "Polygon", "coordinates": [ [ [ 121.418386871455581, 23.684357640682737 ], [ 121.415935672958611, 23.684364243090059 ], [ 121.415942821482048, 23.686621670005909 ], [ 121.4183940621038, 23.686615066893996 ], [ 121.418386871455581, 23.684357640682737 ] ] ] } },
{ "type": "Feature", "properties": { "gridid": "295996", "time_bucket": null, "people_move_all": 0.0 }, "geometry": { "type": "Polygon", "coordinates": [ [ [ 121.491871683895894, 23.670597097413932 ], [ 121.489420767089001, 23.670604858602957 ], [ 121.489429173058511, 23.672862266543273 ], [ 121.491880131956606, 23.672854504525631 ], [ 121.491871683895894, 23.670597097413932 ] ] ] } },
{ "type": "Feature", "properties": { "gridid": "284857", "time_bucket": null, "people_move_all": 0.0 }, "geometry": { "type": "Polygon", "coordinates": [ [ [ 121.393719383310255, 23.6325007764842 ], [ 121.391269143613968, 23.632506975714588 ], [ 121.391275851687112, 23.634764424607479 ], [ 121.393726133388654, 23.634758224714417 ], [ 121.393719383310255, 23.6325007764842 ] ] ] } },
{ "type": "Feature", "properties": { "gridid": "294021", "time_bucket": null, "people_move_all": 0.0 }, "geometry": { "type": "Polygon", "coordinates": [ [ [ 121.4134205559793, 23.664053928444368 ], [ 121.410969734601181, 23.66406044700047 ], [ 121.410976790981778, 23.666317881249434 ], [ 121.413427654437768, 23.666311361997231 ], [ 121.4134205559793, 23.664053928444368 ] ] ] } },
{ "type": "Feature", "properties": { "gridid": "287508", "time_bucket": "2025-09-23T13:55:00", "people_move_all": 6.5245901639344259 }, "geometry": { "type": "Polygon", "coordinates": [ [ [ 121.405998414473302, 23.64149897537056 ], [ 121.40354801097412, 23.641505370824174 ], [ 121.403554932513785, 23.643762813727339 ], [ 121.406005378038785, 23.643756417590279 ], [ 121.405998414473302, 23.64149897537056 ] ] ] } },
{ "type": "Feature", "properties": { "gridid": "290790", "time_bucket": null, "people_move_all": 0.0 }, "geometry": { "type": "Polygon", "coordinates": [ [ [ 121.48200180998171, 23.652568602617265 ], [ 121.479551225573488, 23.652576202246234 ], [ 121.479559454993421, 23.654833618739879 ], [ 121.482010081451349, 23.654826018299069 ], [ 121.48200180998171, 23.652568602617265 ] ] ] } },
{ "type": "Feature", "properties": { "gridid": "292751", "time_bucket": null, "people_move_all": 0.0 }, "geometry": { "type": "Polygon", "coordinates": [ [ [ 121.491829459323654, 23.659310051937297 ], [ 121.489378752894396, 23.659317808983676 ], [ 121.489387153643818, 23.661575220225064 ], [ 121.491837902138116, 23.661567462350209 ], [ 121.491829459323654, 23.659310051937297 ] ] ] } },
{ "type": "Feature", "properties": { "gridid": "288197", "time_bucket": null, "people_move_all": 0.0 }, "geometry": { "type": "Polygon", "coordinates": [ [ [ 121.499121618207553, 23.643484674507793 ], [ 121.496671209248532, 23.643492541904394 ], [ 121.496679728778332, 23.64574995526802 ], [ 121.499130179765601, 23.64574208703073 ], [ 121.499121618207553, 23.643484674507793 ] ] ] } },
{ "type": "Feature", "properties": { "gridid": "299139", "time_bucket": null, "people_move_all": 0.0 }, "geometry": { "type": "Polygon", "coordinates": [ [ [ 121.43798889971896, 23.682046003836856 ], [ 121.435537750631198, 23.682052915846175 ], [ 121.435545235221525, 23.684310337669434 ], [ 121.437996426428285, 23.684303424922437 ], [ 121.43798889971896, 23.682046003836856 ] ] ] } },
{ "type": "Feature", "properties": { "gridid": "285523", "time_bucket": null, "people_move_all": 0.0 }, "geometry": { "type": "Polygon", "coordinates": [ [ [ 121.398626694042321, 23.634745708846317 ], [ 121.396176414024509, 23.634751986143677 ], [ 121.396183206952543, 23.637009433048473 ], [ 121.398633528980696, 23.637003155080144 ], [ 121.398626694042321, 23.634745708846317 ] ] ] } },
{ "type": "Feature", "properties": { "gridid": "274924", "time_bucket": null, "people_move_all": 0.0 }, "geometry": { "type": "Polygon", "coordinates": [ [ [ 121.420563888505114, 23.598568341895998 ], [ 121.418114287768447, 23.598574956181803 ], [ 121.418121444531749, 23.600832407434016 ], [ 121.420571087194674, 23.600825792440379 ], [ 121.420563888505114, 23.598568341895998 ] ] ] } },
{ "type": "Feature", "properties": { "gridid": "304177", "time_bucket": null, "people_move_all": 0.0 }, "geometry": { "type": "Polygon", "coordinates": [ [ [ 121.511593266974273, 23.699879765118315 ], [ 121.50914181112384, 23.699887847637893 ], [ 121.509150567946435, 23.702145240242096 ], [ 121.511602065955415, 23.702137156860427 ], [ 121.511593266974273, 23.699879765118315 ] ] ] } },
{ "type": "Feature", "properties": { "gridid": "297879", "time_bucket": null, "people_move_all": 0.0 }, "geometry": { "type": "Polygon", "coordinates": [ [ [ 121.445327038967463, 23.677510195361776 ], [ 121.442875976921542, 23.677517222234975 ], [ 121.442883585978379, 23.679774643152829 ], [ 121.445334690132654, 23.679767615529578 ], [ 121.445327038967463, 23.677510195361776 ] ] ] } },
{ "type": "Feature", "properties": { "gridid": "278250", "time_bucket": null, "people_move_all": 0.0 }, "geometry": { "type": "Polygon", "coordinates": [ [ [ 121.401001383413998, 23.609907448228785 ], [ 121.398551566014291, 23.609913756803422 ], [ 121.398558391609612, 23.612171210279453 ], [ 121.401008250962178, 23.612164901029949 ], [ 121.401001383413998, 23.609907448228785 ] ] ] } },
{ "type": "Feature", "properties": { "gridid": "278927", "time_bucket": "2025-09-23T13:55:00", "people_move_all": 3.35 }, "geometry": { "type": "Polygon", "coordinates": [ [ [ 121.432856342483731, 23.612079362689418 ], [ 121.430406494643634, 23.612086174523021 ], [ 121.430413866537705, 23.614343618244774 ], [ 121.432863756334982, 23.614336805682523 ], [ 121.432856342483731, 23.612079362689418 ] ] ] } },
{ "type": "Feature", "properties": { "gridid": "289477", "time_bucket": null, "people_move_all": 0.0 }, "geometry": { "type": "Polygon", "coordinates": [ [ [ 121.459930730650484, 23.648120757164335 ], [ 121.457480221311656, 23.648128006643056 ], [ 121.457488070329589, 23.650385431576186 ], [ 121.459938621708332, 23.650378181322914 ], [ 121.459930730650484, 23.648120757164335 ] ] ] } },
{ "type": "Feature", "properties": { "gridid": "303552", "time_bucket": null, "people_move_all": 0.0 }, "geometry": { "type": "Polygon", "coordinates": [ [ [ 121.49687597112495, 23.697670280416357 ], [ 121.494424550984348, 23.697678129181785 ], [ 121.494433053798133, 23.699935527532602 ], [ 121.496884516092578, 23.699927677929949 ], [ 121.49687597112495, 23.697670280416357 ] ] ] } },
{ "type": "Feature", "properties": { "gridid": "288822", "time_bucket": null, "people_move_all": 0.0 }, "geometry": { "type": "Polygon", "coordinates": [ [ [ 121.447670493621786, 23.645899188615594 ], [ 121.445220021492943, 23.645906243712371 ], [ 121.445227659360668, 23.648163673115555 ], [ 121.447678173524608, 23.648156617264942 ], [ 121.447670493621786, 23.645899188615594 ] ] ] } },
{ "type": "Feature", "properties": { "gridid": "302929", "time_bucket": null, "people_move_all": 0.0 }, "geometry": { "type": "Polygon", "coordinates": [ [ [ 121.494416049181837, 23.695420730193163 ], [ 121.491964670134308, 23.695428539309944 ], [ 121.491973129743826, 23.697685939154763 ], [ 121.494424550940039, 23.697678129204917 ], [ 121.494416049181837, 23.695420730193163 ] ] ] } },
{ "type": "Feature", "properties": { "gridid": "294667", "time_bucket": null, "people_move_all": 0.0 }, "geometry": { "type": "Polygon", "coordinates": [ [ [ 121.406075061010597, 23.666330803530276 ], [ 121.403624194940122, 23.666337206503155 ], [ 121.40363112594774, 23.668594642156251 ], [ 121.40608203410153, 23.668588238499666 ], [ 121.406075061010597, 23.666330803530276 ] ] ] } },
{ "type": "Feature", "properties": { "gridid": "294045", "time_bucket": null, "people_move_all": 0.0 }, "geometry": { "type": "Polygon", "coordinates": [ [ [ 121.472239991750783, 23.663885856635424 ], [ 121.469789192980983, 23.663893305307891 ], [ 121.469797259211148, 23.666150721708252 ], [ 121.472248100057101, 23.666143272240355 ], [ 121.472239991750783, 23.663885856635424 ] ] ] } },
{ "type": "Feature", "properties": { "gridid": "284216", "time_bucket": null, "people_move_all": 0.0 }, "geometry": { "type": "Polygon", "coordinates": [ [ [ 121.450066938426716, 23.630090081181759 ], [ 121.447616761351227, 23.63009716969502 ], [ 121.447624434574067, 23.632354602958713 ], [ 121.450074653648002, 23.632347513687648 ], [ 121.450066938426716, 23.630090081181759 ] ] ] } },
{ "type": "Feature", "properties": { "gridid": "297234", "time_bucket": null, "people_move_all": 0.0 }, "geometry": { "type": "Polygon", "coordinates": [ [ [ 121.415907087508316, 23.675334528811206 ], [ 121.413456056570809, 23.675341089624244 ], [ 121.413463159439743, 23.677598519879496 ], [ 121.4159142324812, 23.677591958366101 ], [ 121.415907087508316, 23.675334528811206 ] ] ] } },
{ "type": "Feature", "properties": { "gridid": "306635", "time_bucket": null, "people_move_all": 0.0 }, "geometry": { "type": "Polygon", "coordinates": [ [ [ 121.511628470127278, 23.708909328114526 ], [ 121.509176845611194, 23.708917414082659 ], [ 121.50918560678295, 23.711174804041757 ], [ 121.511637273478527, 23.711166717211405 ], [ 121.511628470127278, 23.708909328114526 ] ] ] } },
{ "type": "Feature", "properties": { "gridid": "286206", "time_bucket": null, "people_move_all": 0.0 }, "geometry": { "type": "Polygon", "coordinates": [ [ [ 121.440288868918373, 23.636890507643187 ], [ 121.43783856204638, 23.636897443609332 ], [ 121.437846070074428, 23.639154877885861 ], [ 121.440296418960827, 23.639147941178386 ], [ 121.440288868918373, 23.636890507643187 ] ] ] } },
{ "type": "Feature", "properties": { "gridid": "299135", "time_bucket": null, "people_move_all": 0.0 }, "geometry": { "type": "Polygon", "coordinates": [ [ [ 121.428184297800598, 23.682073419154449 ], [ 121.4257331450262, 23.682080176010949 ], [ 121.425740461139753, 23.684337600743532 ], [ 121.428191656033448, 23.684330843165913 ], [ 121.428184297800598, 23.682073419154449 ] ] ] } },
{ "type": "Feature", "properties": { "gridid": "295978", "time_bucket": "2025-09-23T13:55:00", "people_move_all": 3.35 }, "geometry": { "type": "Polygon", "coordinates": [ [ [ 121.447755025720696, 23.670730867490903 ], [ 121.445304090918484, 23.67073793088128 ], [ 121.445311739233034, 23.672995353028881 ], [ 121.447762716127826, 23.672988288884387 ], [ 121.447755025720696, 23.670730867490903 ] ] ] } },
{ "type": "Feature", "properties": { "gridid": "290137", "time_bucket": null, "people_move_all": 0.0 }, "geometry": { "type": "Polygon", "coordinates": [ [ [ 121.484444079936011, 23.650303548636231 ], [ 121.481993538600065, 23.650311186182368 ], [ 121.482001809041819, 23.65256860252402 ], [ 121.484452392422156, 23.652560964161932 ], [ 121.484444079936011, 23.650303548636231 ] ] ] } },
{ "type": "Feature", "properties": { "gridid": "293392", "time_bucket": null, "people_move_all": 0.0 }, "geometry": { "type": "Polygon", "coordinates": [ [ [ 121.467330370288124, 23.661643297362428 ], [ 121.464879611590362, 23.66165066773943 ], [ 121.464887592676334, 23.663908086378111 ], [ 121.467338393445161, 23.663900715213988 ], [ 121.467330370288124, 23.661643297362428 ] ] ] } },
{ "type": "Feature", "properties": { "gridid": "300420", "time_bucket": null, "people_move_all": 0.0 }, "geometry": { "type": "Polygon", "coordinates": [ [ [ 121.482125989934858, 23.686429768470802 ], [ 121.479674774232137, 23.686437380280225 ], [ 121.479683019001087, 23.688694786870837 ], [ 121.482134276831957, 23.688687174249175 ], [ 121.482125989934858, 23.686429768470802 ] ] ] } },
{ "type": "Feature", "properties": { "gridid": "293402", "time_bucket": null, "people_move_all": 0.0 }, "geometry": { "type": "Polygon", "coordinates": [ [ [ 121.491837901832966, 23.661567462352604 ], [ 121.489387153338654, 23.661575220227451 ], [ 121.489395555131921, 23.663832630808724 ], [ 121.491846345696516, 23.663824872105369 ], [ 121.491837901832966, 23.661567462352604 ] ] ] } },
{ "type": "Feature", "properties": { "gridid": "294695", "time_bucket": "2025-09-23T13:55:00", "people_move_all": 3.35 }, "geometry": { "type": "Polygon", "coordinates": [ [ [ 121.474698940742073, 23.666135783986832 ], [ 121.472248100903542, 23.666143272212967 ], [ 121.472256210217296, 23.668400687157877 ], [ 121.474707092137123, 23.668393198132154 ], [ 121.474698940742073, 23.666135783986832 ] ] ] } },
{ "type": "Feature", "properties": { "gridid": "296625", "time_bucket": null, "people_move_all": 0.0 }, "geometry": { "type": "Polygon", "coordinates": [ [ [ 121.477174362801648, 23.672900495091632 ], [ 121.474723397716431, 23.672908024487182 ], [ 121.474731552149919, 23.675165436652051 ], [ 121.47718255933205, 23.675157906452696 ], [ 121.477174362801648, 23.672900495091632 ] ] ] } },
{ "type": "Feature", "properties": { "gridid": "294042", "time_bucket": null, "people_move_all": 0.0 }, "geometry": { "type": "Polygon", "coordinates": [ [ [ 121.46488759336053, 23.663908086382889 ], [ 121.462436791600027, 23.663915418792751 ], [ 121.462444731601281, 23.666172837554534 ], [ 121.464895575438192, 23.666165504361675 ], [ 121.46488759336053, 23.663908086382889 ] ] ] } },
{ "type": "Feature", "properties": { "gridid": "295311", "time_bucket": null, "people_move_all": 0.0 }, "geometry": { "type": "Polygon", "coordinates": [ [ [ 121.398729307037158, 23.66860733314741 ], [ 121.39627839631568, 23.668613620511771 ], [ 121.396285201918474, 23.670871057531844 ], [ 121.398736154728667, 23.67086476949617 ], [ 121.398729307037158, 23.66860733314741 ] ] ] } },
{ "type": "Feature", "properties": { "gridid": "294694", "time_bucket": "2025-09-23T13:55:00", "people_move_all": 3.35 }, "geometry": { "type": "Polygon", "coordinates": [ [ [ 121.472248100286464, 23.666143272267185 ], [ 121.469797259440512, 23.666150721735082 ], [ 121.469805326672855, 23.668408137475438 ], [ 121.472256209600204, 23.668400687212085 ], [ 121.472248100286464, 23.666143272267185 ] ] ] } },
{ "type": "Feature", "properties": { "gridid": "293395", "time_bucket": null, "people_move_all": 0.0 }, "geometry": { "type": "Polygon", "coordinates": [ [ [ 121.474682640678608, 23.661620953727411 ], [ 121.472231884986996, 23.661628440354452 ], [ 121.472239992285964, 23.663885856619359 ], [ 121.474690790048427, 23.663878369192791 ], [ 121.474682640678608, 23.661620953727411 ] ] ] } },
{ "type": "Feature", "properties": { "gridid": "294693", "time_bucket": null, "people_move_all": 0.0 }, "geometry": { "type": "Polygon", "coordinates": [ [ [ 121.469797259828255, 23.666150721649636 ], [ 121.467346417980096, 23.666158132359257 ], [ 121.467354443131001, 23.66841554889092 ], [ 121.469805327060627, 23.668408137389992 ], [ 121.469797259828255, 23.666150721649636 ] ] ] } },
{ "type": "Feature", "properties": { "gridid": "294046", "time_bucket": null, "people_move_all": 0.0 }, "geometry": { "type": "Polygon", "coordinates": [ [ [ 121.474690790209038, 23.663878369157125 ], [ 121.472239992446589, 23.663885856583693 ], [ 121.472248100752907, 23.66614327218862 ], [ 121.474698940591438, 23.666135783962488 ], [ 121.474690790209038, 23.663878369157125 ] ] ] } },
{ "type": "Feature", "properties": { "gridid": "288160", "time_bucket": "2025-09-23T13:55:00", "people_move_all": 3.35 }, "geometry": { "type": "Polygon", "coordinates": [ [ [ 121.408455822606399, 23.643749982741308 ], [ 121.406005377947025, 23.643756417596819 ], [ 121.406012342378119, 23.646013859157648 ], [ 121.408462829068483, 23.64600742361452 ], [ 121.408455822606399, 23.643749982741308 ] ] ] } },
{ "type": "Feature", "properties": { "gridid": "301688", "time_bucket": null, "people_move_all": 0.0 }, "geometry": { "type": "Polygon", "coordinates": [ [ [ 121.509106794474675, 23.690858270593669 ], [ 121.506655506119429, 23.69086631086239 ], [ 121.506664216456457, 23.693123706968787 ], [ 121.509115546949417, 23.693115665842221 ], [ 121.509106794474675, 23.690858270593669 ] ] ] } },
{ "type": "Feature", "properties": { "gridid": "295989", "time_bucket": null, "people_move_all": 0.0 }, "geometry": { "type": "Polygon", "coordinates": [ [ [ 121.474715243815822, 23.670650611646305 ], [ 121.472264319809454, 23.670658101471638 ], [ 121.472272431138293, 23.672915515096342 ], [ 121.474723397236417, 23.672908024471379 ], [ 121.474715243815822, 23.670650611646305 ] ] ] } },
{ "type": "Feature", "properties": { "gridid": "284875", "time_bucket": null, "people_move_all": 0.0 }, "geometry": { "type": "Polygon", "coordinates": [ [ [ 121.437823549316292, 23.632382573005383 ], [ 121.435373325524253, 23.632389468791938 ], [ 121.435380789681702, 23.634646905123653 ], [ 121.437831055477787, 23.634640008599956 ], [ 121.437823549316292, 23.632382573005383 ] ] ] } },
{ "type": "Feature", "properties": { "gridid": "292092", "time_bucket": null, "people_move_all": 0.0 }, "geometry": { "type": "Polygon", "coordinates": [ [ [ 121.472215673159241, 23.657113605840166 ], [ 121.469765000586506, 23.657121052126538 ], [ 121.469773063810521, 23.659378470506606 ], [ 121.47222377844372, 23.659371023424892 ], [ 121.472215673159241, 23.657113605840166 ] ] ] } },
{ "type": "Feature", "properties": { "gridid": "296624", "time_bucket": null, "people_move_all": 0.0 }, "geometry": { "type": "Polygon", "coordinates": [ [ [ 121.47472339735657, 23.672908024476051 ], [ 121.47227243125846, 23.672915515101014 ], [ 121.472280543594948, 23.67517292806556 ], [ 121.474731551790057, 23.675165436640924 ], [ 121.47472339735657, 23.672908024476051 ] ] ] } },
{ "type": "Feature", "properties": { "gridid": "293394", "time_bucket": null, "people_move_all": 0.0 }, "geometry": { "type": "Polygon", "coordinates": [ [ [ 121.472231885217695, 23.661628440303652 ], [ 121.469781128518804, 23.66163588818074 ], [ 121.469789193746877, 23.663893305241043 ], [ 121.472239992516663, 23.663885856568559 ], [ 121.472231885217695, 23.661628440303652 ] ] ] } },
{ "type": "Feature", "properties": { "gridid": "290784", "time_bucket": null, "people_move_all": 0.0 }, "geometry": { "type": "Polygon", "coordinates": [ [ [ 121.467298288160293, 23.652613619319045 ], [ 121.46484769769458, 23.652620986547841 ], [ 121.464855674814615, 23.654878407825635 ], [ 121.467306307330489, 23.65487103980983 ], [ 121.467298288160293, 23.652613619319045 ] ] ] } },
{ "type": "Feature", "properties": { "gridid": "279568", "time_bucket": null, "people_move_all": 0.0 }, "geometry": { "type": "Polygon", "coordinates": [ [ [ 121.378965977080881, 23.614477750550378 ], [ 121.376516068316121, 23.614483712489317 ], [ 121.37652251793719, 23.616741170537129 ], [ 121.378972468665793, 23.616735207960485 ], [ 121.378965977080881, 23.614477750550378 ] ] ] } },
{ "type": "Feature", "properties": { "gridid": "276251", "time_bucket": null, "people_move_all": 0.0 }, "geometry": { "type": "Polygon", "coordinates": [ [ [ 121.403430476382056, 23.603128740671892 ], [ 121.400980785663577, 23.603135085866167 ], [ 121.40098765064937, 23.605392540641539 ], [ 121.403437383304961, 23.605386194768329 ], [ 121.403430476382056, 23.603128740671892 ] ] ] } },
{ "type": "Feature", "properties": { "gridid": "300382", "time_bucket": null, "people_move_all": 0.0 }, "geometry": { "type": "Polygon", "coordinates": [ [ [ 121.388979117009498, 23.686691743664145 ], [ 121.386527866079433, 23.686697881210129 ], [ 121.386534509925099, 23.688955315598523 ], [ 121.388985802985971, 23.68894917739761 ], [ 121.388979117009498, 23.686691743664145 ] ] ] } },
{ "type": "Feature", "properties": { "gridid": "276244", "time_bucket": null, "people_move_all": 0.0 }, "geometry": { "type": "Polygon", "coordinates": [ [ [ 121.38628262309706, 23.603172345501182 ], [ 121.383832926510095, 23.603178420185575 ], [ 121.383839497934147, 23.605435879597714 ], [ 121.38628923645868, 23.605429804263338 ], [ 121.38628262309706, 23.603172345501182 ] ] ] } },
{ "type": "Feature", "properties": { "gridid": "297868", "time_bucket": "2025-09-23T13:55:00", "people_move_all": 7.9822123401889939 }, "geometry": { "type": "Polygon", "coordinates": [ [ [ 121.418365304619485, 23.677585358051424 ], [ 121.415914232465553, 23.677591958345115 ], [ 121.415921378325976, 23.679849387240324 ], [ 121.418372492589015, 23.679842786242109 ], [ 121.418365304619485, 23.677585358051424 ] ] ] } },
{ "type": "Feature", "properties": { "gridid": "286186", "time_bucket": null, "people_move_all": 0.0 }, "geometry": { "type": "Polygon", "coordinates": [ [ [ 121.391282559906358, 23.637021872901901 ], [ 121.388832235360283, 23.637028034751303 ], [ 121.38883890308577, 23.639285482985631 ], [ 121.391289269647615, 23.639279320477645 ], [ 121.391282559906358, 23.637021872901901 ] ] ] } },
{ "type": "Feature", "properties": { "gridid": "296632", "time_bucket": null, "people_move_all": 0.0 }, "geometry": { "type": "Polygon", "coordinates": [ [ [ 121.494331089845105, 23.672846703759586 ], [ 121.491880131996481, 23.672854504547342 ], [ 121.491888581106707, 23.675111910998652 ], [ 121.494339581051676, 23.675104109378118 ], [ 121.494331089845105, 23.672846703759586 ] ] ] } },
{ "type": "Feature", "properties": { "gridid": "292093", "time_bucket": null, "people_move_all": 0.0 }, "geometry": { "type": "Polygon", "coordinates": [ [ [ 121.474666344625476, 23.657106120768042 ], [ 121.472215673059878, 23.657113605796088 ], [ 121.472223778344357, 23.659371023380803 ], [ 121.474674491970347, 23.659363537553283 ], [ 121.474666344625476, 23.657106120768042 ] ] ] } },
{ "type": "Feature", "properties": { "gridid": "276241", "time_bucket": null, "people_move_all": 0.0 }, "geometry": { "type": "Polygon", "coordinates": [ [ [ 121.378933531221961, 23.603190453602274 ], [ 121.376483832198204, 23.603196412353078 ], [ 121.376490277809154, 23.605453873690383 ], [ 121.378940018770678, 23.605447914301998 ], [ 121.378933531221961, 23.603190453602274 ] ] ] } },
{ "type": "Feature", "properties": { "gridid": "295985", "time_bucket": null, "people_move_all": 0.0 }, "geometry": { "type": "Polygon", "coordinates": [ [ [ 121.464911541999115, 23.670680338296748 ], [ 121.462460613993798, 23.670687673055696 ], [ 121.46246855695486, 23.672945089837576 ], [ 121.464919527052245, 23.672937754295546 ], [ 121.464911541999115, 23.670680338296748 ] ] ] } },
{ "type": "Feature", "properties": { "gridid": "300392", "time_bucket": null, "people_move_all": 0.0 }, "geometry": { "type": "Polygon", "coordinates": [ [ [ 121.413491580088021, 23.686628234356267 ], [ 121.411040337695923, 23.686634759874408 ], [ 121.411047402846862, 23.688892187527177 ], [ 121.413498687369156, 23.688885661312707 ], [ 121.413491580088021, 23.686628234356267 ] ] ] } },
{ "type": "Feature", "properties": { "gridid": "290791", "time_bucket": null, "people_move_all": 0.0 }, "geometry": { "type": "Polygon", "coordinates": [ [ [ 121.484452392442961, 23.65256096425766 ], [ 121.482001809062609, 23.652568602619748 ], [ 121.48201008053222, 23.654826018301559 ], [ 121.484460705962206, 23.654818379123487 ], [ 121.484452392442961, 23.65256096425766 ] ] ] } },
{ "type": "Feature", "properties": { "gridid": "292739", "time_bucket": null, "people_move_all": 0.0 }, "geometry": { "type": "Polygon", "coordinates": [ [ [ 121.462420913807122, 23.659400579289631 ], [ 121.459970195197414, 23.659407871387483 ], [ 121.459978091159854, 23.661665292247786 ], [ 121.462428851835583, 23.661657999371126 ], [ 121.462420913807122, 23.659400579289631 ] ] ] } },
{ "type": "Feature", "properties": { "gridid": "289480", "time_bucket": null, "people_move_all": 0.0 }, "geometry": { "type": "Polygon", "coordinates": [ [ [ 121.467282252111829, 23.648098776347421 ], [ 121.464831745730777, 23.648106142002252 ], [ 121.464839720868298, 23.650363564599321 ], [ 121.467290269289066, 23.650356198157532 ], [ 121.467282252111829, 23.648098776347421 ] ] ] } },
{ "type": "Feature", "properties": { "gridid": "297896", "time_bucket": null, "people_move_all": 0.0 }, "geometry": { "type": "Polygon", "coordinates": [ [ [ 121.486994943618868, 23.677384805313967 ], [ 121.484543898439071, 23.677392491431917 ], [ 121.484552223327569, 23.679649899035983 ], [ 121.487003310614426, 23.679642212097615 ], [ 121.486994943618868, 23.677384805313967 ] ] ] } },
{ "type": "Feature", "properties": { "gridid": "297246", "time_bucket": "2025-09-23T13:55:00", "people_move_all": 5.4950980392156863 }, "geometry": { "type": "Polygon", "coordinates": [ [ [ 121.445319388389763, 23.675252774607333 ], [ 121.442868368446923, 23.675259800730505 ], [ 121.442875976558696, 23.677517222308303 ], [ 121.44532703860466, 23.677510195435108 ], [ 121.445319388389763, 23.675252774607333 ] ] ] } },
{ "type": "Feature", "properties": { "gridid": "297256", "time_bucket": null, "people_move_all": 0.0 }, "geometry": { "type": "Polygon", "coordinates": [ [ [ 121.469829535007293, 23.675180380685052 ], [ 121.467378524801944, 23.675187794560077 ], [ 121.467386553941537, 23.67744520845137 ], [ 121.469837606249229, 23.677437793784925 ], [ 121.469829535007293, 23.675180380685052 ] ] ] } },
{ "type": "Feature", "properties": { "gridid": "290134", "time_bucket": null, "people_move_all": 0.0 }, "geometry": { "type": "Polygon", "coordinates": [ [ [ 121.477092453536642, 23.650326345115189 ], [ 121.474641909132984, 23.650333866474153 ], [ 121.474650053441067, 23.652591285238838 ], [ 121.477100639889343, 23.65258376307634 ], [ 121.477092453536642, 23.650326345115189 ] ] ] } },
{ "type": "Feature", "properties": { "gridid": "284885", "time_bucket": null, "people_move_all": 0.0 }, "geometry": { "type": "Polygon", "coordinates": [ [ [ 121.462325734514536, 23.632311486810792 ], [ 121.459875520289245, 23.632318769564858 ], [ 121.459883404483776, 23.634576198339015 ], [ 121.462333660712389, 23.634568914806451 ], [ 121.462325734514536, 23.632311486810792 ] ] ] } },
{ "type": "Feature", "properties": { "gridid": "273582", "time_bucket": null, "people_move_all": 0.0 }, "geometry": { "type": "Polygon", "coordinates": [ [ [ 121.39850381001439, 23.59411156406879 ], [ 121.396054285289978, 23.594117829292351 ], [ 121.396061063027403, 23.596375288044619 ], [ 121.398510629668166, 23.596369022150483 ], [ 121.39850381001439, 23.59411156406879 ] ] ] } },
{ "type": "Feature", "properties": { "gridid": "270920", "time_bucket": null, "people_move_all": 0.0 }, "geometry": { "type": "Polygon", "coordinates": [ [ [ 121.408273960396343, 23.585056288832078 ], [ 121.405824606709771, 23.585062705817595 ], [ 121.405831548656053, 23.587320164493775 ], [ 121.408280944237902, 23.587313746821238 ], [ 121.408273960396343, 23.585056288832078 ] ] ] } },
{ "type": "Feature", "properties": { "gridid": "297257", "time_bucket": null, "people_move_all": 0.0 }, "geometry": { "type": "Polygon", "coordinates": [ [ [ 121.472280543454843, 23.675172927994382 ], [ 121.469829534252028, 23.675180380644239 ], [ 121.469837605493964, 23.677437793744115 ], [ 121.47228865679908, 23.677430340298709 ], [ 121.472280543454843, 23.675172927994382 ] ] ] } },
{ "type": "Feature", "properties": { "gridid": "295318", "time_bucket": null, "people_move_all": 0.0 }, "geometry": { "type": "Polygon", "coordinates": [ [ [ 121.415885657695242, 23.668562236173866 ], [ 121.413434753038203, 23.668568794885978 ], [ 121.413441853260636, 23.670826227119942 ], [ 121.415892800005935, 23.670819667707548 ], [ 121.415885657695242, 23.668562236173866 ] ] ] } },
{ "type": "Feature", "properties": { "gridid": "281564", "time_bucket": null, "people_move_all": 0.0 }, "geometry": { "type": "Polygon", "coordinates": [ [ [ 121.423085935349519, 23.621136157659343 ], [ 121.420635916012003, 23.621142817701276 ], [ 121.420643123661335, 23.6234002616624 ], [ 121.423093184977191, 23.623393600908262 ], [ 121.423085935349519, 23.621136157659343 ] ] ] } },
{ "type": "Feature", "properties": { "gridid": "292100", "time_bucket": null, "people_move_all": 0.0 }, "geometry": { "type": "Polygon", "coordinates": [ [ [ 121.491821016816942, 23.657052640822009 ], [ 121.489370352447523, 23.657060397039931 ], [ 121.489378752153158, 23.659317808941392 ], [ 121.491829458582373, 23.659310051895023 ], [ 121.491821016816942, 23.657052640822009 ] ] ] } },
{ "type": "Feature", "properties": { "gridid": "297856", "time_bucket": null, "people_move_all": 0.0 }, "geometry": { "type": "Polygon", "coordinates": [ [ [ 121.388952381429092, 23.677662002156897 ], [ 121.386501298969989, 23.677668137083362 ], [ 121.386507939515937, 23.679925574109912 ], [ 121.388959064084929, 23.6799194385286 ], [ 121.388952381429092, 23.677662002156897 ] ] ] } },
{ "type": "Feature", "properties": { "gridid": "274906", "time_bucket": null, "people_move_all": 0.0 }, "geometry": { "type": "Polygon", "coordinates": [ [ [ 121.376470943460987, 23.598681487783573 ], [ 121.374021327495356, 23.598687406622901 ], [ 121.374027729575303, 23.600944869909078 ], [ 121.376477387468327, 23.60093895043634 ], [ 121.376470943460987, 23.598681487783573 ] ] ] } },
{ "type": "Feature", "properties": { "gridid": "300419", "time_bucket": null, "people_move_all": 0.0 }, "geometry": { "type": "Polygon", "coordinates": [ [ [ 121.479674773510851, 23.686437380263364 ], [ 121.477223556784296, 23.686444953277487 ], [ 121.477231759425024, 23.688702360676206 ], [ 121.479683018279786, 23.688694786853976 ], [ 121.479674773510851, 23.686437380263364 ] ] ] } },
{ "type": "Feature", "properties": { "gridid": "299162", "time_bucket": null, "people_move_all": 0.0 }, "geometry": { "type": "Polygon", "coordinates": [ [ [ 121.494365060948894, 23.68187632221289 ], [ 121.49191393468351, 23.681884126331926 ], [ 121.491922387992474, 23.684141530141215 ], [ 121.49437355637518, 23.684133725189287 ], [ 121.494365060948894, 23.68187632221289 ] ] ] } },
{ "type": "Feature", "properties": { "gridid": "281561", "time_bucket": null, "people_move_all": 0.0 }, "geometry": { "type": "Polygon", "coordinates": [ [ [ 121.415735874653791, 23.621156021715546 ], [ 121.413285852643085, 23.621162565727072 ], [ 121.41329293435696, 23.623420011799983 ], [ 121.415742998346232, 23.623413467088668 ], [ 121.415735874653791, 23.621156021715546 ] ] ] } },
{ "type": "Feature", "properties": { "gridid": "275576", "time_bucket": null, "people_move_all": 0.0 }, "geometry": { "type": "Polygon", "coordinates": [ [ [ 121.383826355915843, 23.600920960093998 ], [ 121.381376700443809, 23.60092699548807 ], [ 121.381383229117958, 23.603184456203866 ], [ 121.383832926522416, 23.603178420163957 ], [ 121.383826355915843, 23.600920960093998 ] ] ] } },
{ "type": "Feature", "properties": { "gridid": "290776", "time_bucket": null, "people_move_all": 0.0 }, "geometry": { "type": "Polygon", "coordinates": [ [ [ 121.447693536254206, 23.652671472672363 ], [ 121.445242938004426, 23.652678530030723 ], [ 121.445250578720419, 23.654935957455692 ], [ 121.447701219020956, 23.65492889934341 ], [ 121.447693536254206, 23.652671472672363 ] ] ] } },
{ "type": "Feature", "properties": { "gridid": "299798", "time_bucket": null, "people_move_all": 0.0 }, "geometry": { "type": "Polygon", "coordinates": [ [ [ 121.504178219110656, 23.684102117527367 ], [ 121.501727054979838, 23.684110077641872 ], [ 121.501735677828279, 23.686367477434029 ], [ 121.504186884081292, 23.686359516470048 ], [ 121.504178219110656, 23.684102117527367 ] ] ] } },
{ "type": "Feature", "properties": { "gridid": "303550", "time_bucket": null, "people_move_all": 0.0 }, "geometry": { "type": "Polygon", "coordinates": [ [ [ 121.491973129331853, 23.697685939098886 ], [ 121.48952170708526, 23.697693710233072 ], [ 121.489530125591173, 23.699951110245916 ], [ 121.491981589991738, 23.699943338282786 ], [ 121.491973129331853, 23.697685939098886 ] ] ] } },
{ "type": "Feature", "properties": { "gridid": "297862", "time_bucket": null, "people_move_all": 0.0 }, "geometry": { "type": "Polygon", "coordinates": [ [ [ 121.403658858570779, 23.677624378116409 ], [ 121.401207781170129, 23.677630745727477 ], [ 121.401214674374486, 23.679888178762866 ], [ 121.403665793884656, 23.679881810472118 ], [ 121.403658858570779, 23.677624378116409 ] ] ] } },
{ "type": "Feature", "properties": { "gridid": "286873", "time_bucket": null, "people_move_all": 0.0 }, "geometry": { "type": "Polygon", "coordinates": [ [ [ 121.45744883504976, 23.639098300364818 ], [ 121.45499849284333, 23.63910550803665 ], [ 121.455006295940663, 23.641362936377753 ], [ 121.457456680166246, 23.641355727935611 ], [ 121.45744883504976, 23.639098300364818 ] ] ] } },
{ "type": "Feature", "properties": { "gridid": "287528", "time_bucket": null, "people_move_all": 0.0 }, "geometry": { "type": "Polygon", "coordinates": [ [ [ 121.455006296070209, 23.641362936381231 ], [ 121.452555910874608, 23.64137010611023 ], [ 121.452563672917577, 23.643627534558213 ], [ 121.455014100137589, 23.643620364063018 ], [ 121.455006296070209, 23.641362936381231 ] ] ] } },
{ "type": "Feature", "properties": { "gridid": "304173", "time_bucket": "2025-09-23T13:55:00", "people_move_all": 3.35 }, "geometry": { "type": "Polygon", "coordinates": [ [ [ 121.501787437450204, 23.699911862249508 ], [ 121.49933597728284, 23.69991978949141 ], [ 121.499344565470366, 23.702177185502588 ], [ 121.501796067796604, 23.702169257415157 ], [ 121.501787437450204, 23.699911862249508 ] ] ] } },
{ "type": "Feature", "properties": { "gridid": "279583", "time_bucket": null, "people_move_all": 0.0 }, "geometry": { "type": "Polygon", "coordinates": [ [ [ 121.415714509026358, 23.61438368167909 ], [ 121.413264612919974, 23.614390223591368 ], [ 121.413271691992207, 23.616647671639551 ], [ 121.415721630061455, 23.616641129027546 ], [ 121.415714509026358, 23.61438368167909 ] ] ] } },
{ "type": "Feature", "properties": { "gridid": "301018", "time_bucket": null, "people_move_all": 0.0 }, "geometry": { "type": "Polygon", "coordinates": [ [ [ 121.406144831224609, 23.688905123504032 ], [ 121.403693544085812, 23.688911533315014 ], [ 121.403700483707595, 23.691168962372128 ], [ 121.40615181298196, 23.691162551877213 ], [ 121.406144831224609, 23.688905123504032 ] ] ] } },
{ "type": "Feature", "properties": { "gridid": "286188", "time_bucket": null, "people_move_all": 0.0 }, "geometry": { "type": "Polygon", "coordinates": [ [ [ 121.39618320705398, 23.637009433058299 ], [ 121.393732884181276, 23.637015672320373 ], [ 121.393739635938232, 23.63927311923339 ], [ 121.396190000826564, 23.639266879304447 ], [ 121.39618320705398, 23.637009433058299 ] ] ] } },
{ "type": "Feature", "properties": { "gridid": "272239", "time_bucket": null, "people_move_all": 0.0 }, "geometry": { "type": "Polygon", "coordinates": [ [ [ 121.376445175230316, 23.589651630537222 ], [ 121.373995726922089, 23.589657546843124 ], [ 121.374002125816418, 23.591915012759578 ], [ 121.376451616031176, 23.591909095820355 ], [ 121.376445175230316, 23.589651630537222 ] ] ] } },
{ "type": "Feature", "properties": { "gridid": "291417", "time_bucket": "2025-09-23T13:55:00", "people_move_all": 6.7 }, "geometry": { "type": "Polygon", "coordinates": [ [ [ 121.413392170608034, 23.655024187719945 ], [ 121.410941517489164, 23.655030703491871 ], [ 121.410948570363459, 23.657288140377979 ], [ 121.413399265539326, 23.657281623910045 ], [ 121.413392170608034, 23.655024187719945 ] ] ] } },
{ "type": "Feature", "properties": { "gridid": "288838", "time_bucket": null, "people_move_all": 0.0 }, "geometry": { "type": "Polygon", "coordinates": [ [ [ 121.486877914396416, 23.645781041042056 ], [ 121.484427458166479, 23.645788715677039 ], [ 121.484435768586664, 23.648046132522342 ], [ 121.486886266850505, 23.648038457067322 ], [ 121.486877914396416, 23.645781041042056 ] ] ] } },
{ "type": "Feature", "properties": { "gridid": "292745", "time_bucket": null, "people_move_all": 0.0 }, "geometry": { "type": "Polygon", "coordinates": [ [ [ 121.477125204611724, 23.659356013025651 ], [ 121.474674491998186, 23.659363537598914 ], [ 121.474682640355496, 23.661620953724245 ], [ 121.477133395034599, 23.661613428347334 ], [ 121.477125204611724, 23.659356013025651 ] ] ] } },
{ "type": "Feature", "properties": { "gridid": "292743", "time_bucket": null, "people_move_all": 0.0 }, "geometry": { "type": "Polygon", "coordinates": [ [ [ 121.47222377868718, 23.659371023471902 ], [ 121.469773064053967, 23.659378470553619 ], [ 121.46978112827999, 23.661635888273825 ], [ 121.472231884978854, 23.661628440396743 ], [ 121.47222377868718, 23.659371023471902 ] ] ] } },
{ "type": "Feature", "properties": { "gridid": "290759", "time_bucket": null, "people_move_all": 0.0 }, "geometry": { "type": "Polygon", "coordinates": [ [ [ 121.406033240406117, 23.652786179806611 ], [ 121.403582626725623, 23.652792578677726 ], [ 121.403589552567936, 23.655050018286119 ], [ 121.406040208300354, 23.655043618731437 ], [ 121.406033240406117, 23.652786179806611 ] ] ] } },
{ "type": "Feature", "properties": { "gridid": "280233", "time_bucket": null, "people_move_all": 0.0 }, "geometry": { "type": "Polygon", "coordinates": [ [ [ 121.388772263092008, 23.61671097101339 ], [ 121.386322315624426, 23.616717088267279 ], [ 121.386328933923565, 23.618974543081375 ], [ 121.388778923359993, 23.618968425173222 ], [ 121.388772263092008, 23.61671097101339 ] ] ] } },
{ "type": "Feature", "properties": { "gridid": "289467", "time_bucket": "2025-09-23T13:55:00", "people_move_all": 3.35 }, "geometry": { "type": "Polygon", "coordinates": [ [ [ 121.435425593611811, 23.648191509323823 ], [ 121.432975074753401, 23.648198371544837 ], [ 121.432982503367825, 23.6504558039959 ], [ 121.435433064266903, 23.65044894104172 ], [ 121.435425593611811, 23.648191509323823 ] ] ] } },
{ "type": "Feature", "properties": { "gridid": "290097", "time_bucket": null, "people_move_all": 0.0 }, "geometry": { "type": "Polygon", "coordinates": [ [ [ 121.386421677371487, 23.650578841275767 ], [ 121.383971098999254, 23.650584929614521 ], [ 121.383977687604911, 23.652842375201391 ], [ 121.386428308024335, 23.652836286212192 ], [ 121.386421677371487, 23.650578841275767 ] ] ] } },
{ "type": "Feature", "properties": { "gridid": "277584", "time_bucket": null, "people_move_all": 0.0 }, "geometry": { "type": "Polygon", "coordinates": [ [ [ 121.403444290465103, 23.607643648249965 ], [ 121.400994515867154, 23.607649994802124 ], [ 121.401001382561105, 23.609907448261399 ], [ 121.403451199106627, 23.60990110103026 ], [ 121.403444290465103, 23.607643648249965 ] ] ] } },
{ "type": "Feature", "properties": { "gridid": "302305", "time_bucket": null, "people_move_all": 0.0 }, "geometry": { "type": "Polygon", "coordinates": [ [ [ 121.491956211233429, 23.693171138767958 ], [ 121.489504873279103, 23.693178908244342 ], [ 121.489513289694827, 23.695436309578909 ], [ 121.491964669792665, 23.695428539273642 ], [ 121.491956211233429, 23.693171138767958 ] ] ] } },
{ "type": "Feature", "properties": { "gridid": "289476", "time_bucket": null, "people_move_all": 0.0 }, "geometry": { "type": "Polygon", "coordinates": [ [ [ 121.457480221158207, 23.648128006640832 ], [ 121.455029710843917, 23.648135217394053 ], [ 121.455037517821808, 23.6503926430976 ], [ 121.457488070176112, 23.650385431573969 ], [ 121.457480221158207, 23.648128006640832 ] ] ] } },
{ "type": "Feature", "properties": { "gridid": "286208", "time_bucket": null, "people_move_all": 0.0 }, "geometry": { "type": "Polygon", "coordinates": [ [ [ 121.445189479962892, 23.636876519583456 ], [ 121.44273917497317, 23.63688353296002 ], [ 121.442746767029973, 23.639140965749757 ], [ 121.445197114033945, 23.639133951623595 ], [ 121.445189479962892, 23.636876519583456 ] ] ] } },
{ "type": "Feature", "properties": { "gridid": "273573", "time_bucket": null, "people_move_all": 0.0 }, "geometry": { "type": "Polygon", "coordinates": [ [ [ 121.376458057340486, 23.594166560460387 ], [ 121.374008525214009, 23.594172478032956 ], [ 121.374014925701033, 23.596429942634366 ], [ 121.376464499744472, 23.596424024428433 ], [ 121.376458057340486, 23.594166560460387 ] ] ] } },
{ "type": "Feature", "properties": { "gridid": "280241", "time_bucket": null, "people_move_all": 0.0 }, "geometry": { "type": "Polygon", "coordinates": [ [ [ 121.408371812831462, 23.616660640820612 ], [ 121.405921872136403, 23.616667067426512 ], [ 121.405928826184351, 23.618924516890754 ], [ 121.408378808847729, 23.618918089597518 ], [ 121.408371812831462, 23.616660640820612 ] ] ] } },
{ "type": "Feature", "properties": { "gridid": "285532", "time_bucket": null, "people_move_all": 0.0 }, "geometry": { "type": "Polygon", "coordinates": [ [ [ 121.420679175079499, 23.634687471591221 ], [ 121.4182289028969, 23.634694097205163 ], [ 121.418236073915637, 23.636951537922236 ], [ 121.420686388107967, 23.636944911600089 ], [ 121.420679175079499, 23.634687471591221 ] ] ] } },
{ "type": "Feature", "properties": { "gridid": "291415", "time_bucket": null, "people_move_all": 0.0 }, "geometry": { "type": "Polygon", "coordinates": [ [ [ 121.408490863538859, 23.655037180467122 ], [ 121.406040208672394, 23.655043618760942 ], [ 121.406047177432583, 23.657301057026654 ], [ 121.408497874356158, 23.657294618045096 ], [ 121.408490863538859, 23.655037180467122 ] ] ] } },
{ "type": "Feature", "properties": { "gridid": "277590", "time_bucket": null, "people_move_all": 0.0 }, "geometry": { "type": "Polygon", "coordinates": [ [ [ 121.418142920005806, 23.607604757167582 ], [ 121.415693150642241, 23.607611335632861 ], [ 121.415700269020604, 23.609868784956234 ], [ 121.418150080331344, 23.609862205787163 ], [ 121.418142920005806, 23.607604757167582 ] ] ] } },
{ "type": "Feature", "properties": { "gridid": "302303", "time_bucket": null, "people_move_all": 0.0 }, "geometry": { "type": "Polygon", "coordinates": [ [ [ 121.487053534419388, 23.693186638950667 ], [ 121.484602194380344, 23.693194330812105 ], [ 121.484610526508774, 23.695451733792027 ], [ 121.487061908691501, 23.695444041109983 ], [ 121.487053534419388, 23.693186638950667 ] ] ] } },
{ "type": "Feature", "properties": { "gridid": "290758", "time_bucket": null, "people_move_all": 0.0 }, "geometry": { "type": "Polygon", "coordinates": [ [ [ 121.403582626862445, 23.652792578733383 ], [ 121.401132012321298, 23.652798938869449 ], [ 121.40113889611159, 23.655056379157273 ], [ 121.40358955270473, 23.655050018341779 ], [ 121.403582626862445, 23.652792578733383 ] ] ] } },
{ "type": "Feature", "properties": { "gridid": "286199", "time_bucket": null, "people_move_all": 0.0 }, "geometry": { "type": "Polygon", "coordinates": [ [ [ 121.423136701181463, 23.636938246568334 ], [ 121.420686387885866, 23.636944911596185 ], [ 121.420693601811095, 23.639202350946181 ], [ 121.423143957121567, 23.639195685205959 ], [ 121.423136701181463, 23.636938246568334 ] ] ] } },
{ "type": "Feature", "properties": { "gridid": "288825", "time_bucket": null, "people_move_all": 0.0 }, "geometry": { "type": "Polygon", "coordinates": [ [ [ 121.455021905129712, 23.645877791073353 ], [ 121.452571435880074, 23.645884962334776 ], [ 121.452579199852849, 23.648142389464031 ], [ 121.455029711137357, 23.648135217436362 ], [ 121.455021905129712, 23.645877791073353 ] ] ] } },
{ "type": "Feature", "properties": { "gridid": "296598", "time_bucket": null, "people_move_all": 0.0 }, "geometry": { "type": "Polygon", "coordinates": [ [ [ 121.410997964879684, 23.673090180107977 ], [ 121.408546974281791, 23.673096662676475 ], [ 121.408553992070892, 23.675354094979593 ], [ 121.411005024767618, 23.67534761171904 ], [ 121.410997964879684, 23.673090180107977 ] ] ] } },
{ "type": "Feature", "properties": { "gridid": "300388", "time_bucket": null, "people_move_all": 0.0 }, "geometry": { "type": "Polygon", "coordinates": [ [ [ 121.403686605087628, 23.686654103574256 ], [ 121.40123535921758, 23.686660473904183 ], [ 121.40124225584718, 23.688917904300876 ], [ 121.40369354384768, 23.688911533291183 ], [ 121.403686605087628, 23.686654103574256 ] ] ] } },
{ "type": "Feature", "properties": { "gridid": "296627", "time_bucket": null, "people_move_all": 0.0 }, "geometry": { "type": "Polygon", "coordinates": [ [ [ 121.482076289684073, 23.672885319929119 ], [ 121.479625326640317, 23.672892926865629 ], [ 121.479633565267548, 23.675150337418742 ], [ 121.482084570408048, 23.675142729670153 ], [ 121.482076289684073, 23.672885319929119 ] ] ] } },
{ "type": "Feature", "properties": { "gridid": "297266", "time_bucket": null, "people_move_all": 0.0 }, "geometry": { "type": "Polygon", "coordinates": [ [ [ 121.494339580367196, 23.675104109372899 ], [ 121.491888580422227, 23.675111910993426 ], [ 121.491897030582024, 23.677369316784304 ], [ 121.494348072628569, 23.677361514330975 ], [ 121.494339580367196, 23.675104109372899 ] ] ] } },
{ "type": "Feature", "properties": { "gridid": "293393", "time_bucket": null, "people_move_all": 0.0 }, "geometry": { "type": "Polygon", "coordinates": [ [ [ 121.469781127754175, 23.661635888181994 ], [ 121.467330370053261, 23.661643297309062 ], [ 121.467338393210312, 23.663900715160629 ], [ 121.469789192982219, 23.663893305242297 ], [ 121.469781127754175, 23.661635888181994 ] ] ] } },
{ "type": "Feature", "properties": { "gridid": "305408", "time_bucket": null, "people_move_all": 0.0 }, "geometry": { "type": "Polygon", "coordinates": [ [ [ 121.509159325673792, 23.70440263220015 ], [ 121.506707784413763, 23.704410677616345 ], [ 121.506716501241641, 23.706668069756105 ], [ 121.50916808467079, 23.706660023481895 ], [ 121.509159325673792, 23.70440263220015 ] ] ] } },
{ "type": "Feature", "properties": { "gridid": "296633", "time_bucket": null, "people_move_all": 0.0 }, "geometry": { "type": "Polygon", "coordinates": [ [ [ 121.496782046269558, 23.672838864191998 ], [ 121.494331089475693, 23.672846703749798 ], [ 121.494339580682265, 23.675104109368331 ], [ 121.496790579572433, 23.675096268973618 ], [ 121.496782046269558, 23.672838864191998 ] ] ] } },
{ "type": "Feature", "properties": { "gridid": "282235", "time_bucket": null, "people_move_all": 0.0 }, "geometry": { "type": "Polygon", "coordinates": [ [ [ 121.454943897935166, 23.623303491113216 ], [ 121.452493848746926, 23.623310654713531 ], [ 121.452501603073515, 23.625568088434502 ], [ 121.454951694244414, 23.625560924068193 ], [ 121.454943897935166, 23.623303491113216 ] ] ] } },
{ "type": "Feature", "properties": { "gridid": "288153", "time_bucket": null, "people_move_all": 0.0 }, "geometry": { "type": "Polygon", "coordinates": [ [ [ 121.391302691690427, 23.643794213600451 ], [ 121.388852241081409, 23.643800377425684 ], [ 121.388858911293866, 23.646057823683982 ], [ 121.391309403934329, 23.64605165920009 ], [ 121.391302691690427, 23.643794213600451 ] ] ] } },
{ "type": "Feature", "properties": { "gridid": "284887", "time_bucket": null, "people_move_all": 0.0 }, "geometry": { "type": "Polygon", "coordinates": [ [ [ 121.46722616052331, 23.632296805297067 ], [ 121.464775948274038, 23.632304165443902 ], [ 121.464783916475142, 23.634561592656912 ], [ 121.467234170727579, 23.6345542317233 ], [ 121.46722616052331, 23.632296805297067 ] ] ] } },
{ "type": "Feature", "properties": { "gridid": "279592", "time_bucket": null, "people_move_all": 0.0 }, "geometry": { "type": "Polygon", "coordinates": [ [ [ 121.437763533115429, 23.614323064522619 ], [ 121.435313645167696, 23.614329954412913 ], [ 121.435321101903469, 23.616587396014694 ], [ 121.437771031813455, 23.61658050538745 ], [ 121.437763533115429, 23.614323064522619 ] ] ] } },
{ "type": "Feature", "properties": { "gridid": "286850", "time_bucket": null, "people_move_all": 0.0 }, "geometry": { "type": "Polygon", "coordinates": [ [ [ 121.401090727772782, 23.639254283314351 ], [ 121.398640364578895, 23.639260600664013 ], [ 121.398647201216846, 23.64151804558044 ], [ 121.401097606431463, 23.641511727555621 ], [ 121.401090727772782, 23.639254283314351 ] ] ] } },
{ "type": "Feature", "properties": { "gridid": "292712", "time_bucket": null, "people_move_all": 0.0 }, "geometry": { "type": "Polygon", "coordinates": [ [ [ 121.39625118303826, 23.659583865812742 ], [ 121.393800439774225, 23.659590111744453 ], [ 121.393807199927807, 23.661847552068586 ], [ 121.396257985259695, 23.661841305469789 ], [ 121.39625118303826, 23.659583865812742 ] ] ] } },
{ "type": "Feature", "properties": { "gridid": "283540", "time_bucket": null, "people_move_all": 0.0 }, "geometry": { "type": "Polygon", "coordinates": [ [ [ 121.415757248304374, 23.627928355852113 ], [ 121.413307100342351, 23.627934901963087 ], [ 121.413314184698507, 23.630192346060301 ], [ 121.415764374654728, 23.63018579924946 ], [ 121.415757248304374, 23.627928355852113 ] ] ] } },
{ "type": "Feature", "properties": { "gridid": "293365", "time_bucket": null, "people_move_all": 0.0 }, "geometry": { "type": "Polygon", "coordinates": [ [ [ 121.401159552730007, 23.661828696027765 ], [ 121.398708769093801, 23.661835020130042 ], [ 121.398715614233524, 23.664092458456668 ], [ 121.401166439942685, 23.66408613367901 ], [ 121.401159552730007, 23.661828696027765 ] ] ] } },
{ "type": "Feature", "properties": { "gridid": "283544", "time_bucket": null, "people_move_all": 0.0 }, "geometry": { "type": "Polygon", "coordinates": [ [ [ 121.425557831528451, 23.627901784590037 ], [ 121.423107687141965, 23.627908485457759 ], [ 121.423114939474559, 23.630165926730687 ], [ 121.425565125855002, 23.630159225146564 ], [ 121.425557831528451, 23.627901784590037 ] ] ] } },
{ "type": "Feature", "properties": { "gridid": "295965", "time_bucket": null, "people_move_all": 0.0 }, "geometry": { "type": "Polygon", "coordinates": [ [ [ 121.415892800296987, 23.670819667752962 ], [ 121.413441853551689, 23.67082622716536 ], [ 121.413448954656261, 23.673083658739809 ], [ 121.415899943495049, 23.673077098627104 ], [ 121.415892800296987, 23.670819667752962 ] ] ] } },
{ "type": "Feature", "properties": { "gridid": "299160", "time_bucket": null, "people_move_all": 0.0 }, "geometry": { "type": "Polygon", "coordinates": [ [ [ 121.489462807113441, 23.681891891670841 ], [ 121.487011678753632, 23.681899618216455 ], [ 121.487020047827826, 23.684157023679109 ], [ 121.48947121830507, 23.684149296308881 ], [ 121.489462807113441, 23.681891891670841 ] ] ] } },
{ "type": "Feature", "properties": { "gridid": "288158", "time_bucket": null, "people_move_all": 0.0 }, "geometry": { "type": "Polygon", "coordinates": [ [ [ 121.403554932500455, 23.643762813676297 ], [ 121.401104486115059, 23.643769171094856 ], [ 121.401111366484017, 23.646026614018506 ], [ 121.403561854900516, 23.646020255920604 ], [ 121.403554932500455, 23.643762813676297 ] ] ] } },
{ "type": "Feature", "properties": { "gridid": "280911", "time_bucket": null, "people_move_all": 0.0 }, "geometry": { "type": "Polygon", "coordinates": [ [ [ 121.432878587047881, 23.618851689682668 ], [ 121.430428613320544, 23.618858503702302 ], [ 121.430435987965694, 23.621115945448423 ], [ 121.432886003665871, 23.621109130700074 ], [ 121.432878587047881, 23.618851689682668 ] ] ] } },
{ "type": "Feature", "properties": { "gridid": "292720", "time_bucket": "2025-09-23T13:55:00", "people_move_all": 3.35 }, "geometry": { "type": "Polygon", "coordinates": [ [ [ 121.415857097313946, 23.659532503457577 ], [ 121.413406360957651, 23.659539059368786 ], [ 121.413413457652396, 23.66179649424036 ], [ 121.415864236076018, 23.661789937628967 ], [ 121.415857097313946, 23.659532503457577 ] ] ] } },
{ "type": "Feature", "properties": { "gridid": "286846", "time_bucket": null, "people_move_all": 0.0 }, "geometry": { "type": "Polygon", "coordinates": [ [ [ 121.391289269498458, 23.639279320401403 ], [ 121.388838902936641, 23.639285482909386 ], [ 121.388845571491061, 23.641542930485087 ], [ 121.391295980073863, 23.641536767318488 ], [ 121.391289269498458, 23.639279320401403 ] ] ] } },
{ "type": "Feature", "properties": { "gridid": "277583", "time_bucket": "2025-09-23T13:55:00", "people_move_all": 3.35 }, "geometry": { "type": "Polygon", "coordinates": [ [ [ 121.40099451586596, 23.607649994737692 ], [ 121.398544740413868, 23.607656302637466 ], [ 121.39855156516019, 23.609913756771586 ], [ 121.401001382559912, 23.609907448196964 ], [ 121.40099451586596, 23.607649994737692 ] ] ] } },
{ "type": "Feature", "properties": { "gridid": "297891", "time_bucket": null, "people_move_all": 0.0 }, "geometry": { "type": "Polygon", "coordinates": [ [ [ 121.47473970744575, 23.677422848135578 ], [ 121.472288657148439, 23.677430340359905 ], [ 121.47229677150051, 23.679687752003971 ], [ 121.474747863905264, 23.679680258979914 ], [ 121.47473970744575, 23.677422848135578 ] ] ] } },
{ "type": "Feature", "properties": { "gridid": "293371", "time_bucket": null, "people_move_all": 0.0 }, "geometry": { "type": "Polygon", "coordinates": [ [ [ 121.415864236905378, 23.661789937636623 ], [ 121.413413458481756, 23.661796494248037 ], [ 121.413420556058327, 23.664053928460284 ], [ 121.415871376554534, 23.664047371148655 ], [ 121.415864236905378, 23.661789937636623 ] ] ] } },
{ "type": "Feature", "properties": { "gridid": "290787", "time_bucket": null, "people_move_all": 0.0 }, "geometry": { "type": "Polygon", "coordinates": [ [ [ 121.474650053582593, 23.652591285308691 ], [ 121.47219946612212, 23.652598768737864 ], [ 121.472207569392438, 23.65485618764221 ], [ 121.474658198902858, 23.654848703413609 ], [ 121.474650053582593, 23.652591285308691 ] ] ] } },
{ "type": "Feature", "properties": { "gridid": "280913", "time_bucket": null, "people_move_all": 0.0 }, "geometry": { "type": "Polygon", "coordinates": [ [ [ 121.437778531150215, 23.618837945643246 ], [ 121.435328559272733, 23.618844837007462 ], [ 121.435336017863477, 23.621102277292003 ], [ 121.437786031713671, 23.621095385190799 ], [ 121.437778531150215, 23.618837945643246 ] ] ] } },
{ "type": "Feature", "properties": { "gridid": "297885", "time_bucket": null, "people_move_all": 0.0 }, "geometry": { "type": "Polygon", "coordinates": [ [ [ 121.460033390753026, 23.677467219810868 ], [ 121.45758233448727, 23.67747447936075 ], [ 121.457590196193038, 23.679731895716206 ], [ 121.460041294566707, 23.679724635391445 ], [ 121.460033390753026, 23.677467219810868 ] ] ] } },
{ "type": "Feature", "properties": { "gridid": "297882", "time_bucket": null, "people_move_all": 0.0 }, "geometry": { "type": "Polygon", "coordinates": [ [ [ 121.452680219371857, 23.67748888212687 ], [ 121.450229160192464, 23.677496025338684 ], [ 121.450236895574122, 23.679753443993967 ], [ 121.452687996861599, 23.67974630001968 ], [ 121.452680219371857, 23.67748888212687 ] ] ] } },
{ "type": "Feature", "properties": { "gridid": "283542", "time_bucket": null, "people_move_all": 0.0 }, "geometry": { "type": "Polygon", "coordinates": [ [ [ 121.420657541421576, 23.627915147566885 ], [ 121.418207395236877, 23.627921771056347 ], [ 121.418214563581401, 23.630179213749688 ], [ 121.420664751760157, 23.6301725895521 ], [ 121.420657541421576, 23.627915147566885 ] ] ] } },
{ "type": "Feature", "properties": { "gridid": "276922", "time_bucket": null, "people_move_all": 0.0 }, "geometry": { "type": "Polygon", "coordinates": [ [ [ 121.413236305303627, 23.605360424839173 ], [ 121.410786576116479, 23.605366925304807 ], [ 121.410793609725317, 23.607624376681521 ], [ 121.413243380854553, 23.607617875520383 ], [ 121.413236305303627, 23.605360424839173 ] ] ] } },
{ "type": "Feature", "properties": { "gridid": "282886", "time_bucket": null, "people_move_all": 0.0 }, "geometry": { "type": "Polygon", "coordinates": [ [ [ 121.437801035721662, 23.625610262324262 ], [ 121.435350937910371, 23.62561715589953 ], [ 121.435358399284155, 23.627874594207881 ], [ 121.437808539083804, 23.627867699895539 ], [ 121.437801035721662, 23.625610262324262 ] ] ] } },
{ "type": "Feature", "properties": { "gridid": "278920", "time_bucket": null, "people_move_all": 0.0 }, "geometry": { "type": "Polygon", "coordinates": [ [ [ 121.415707388489025, 23.612126233700291 ], [ 121.413257534340346, 23.612132774912862 ], [ 121.413264612532117, 23.614390223619377 ], [ 121.415714508638487, 23.6143836817071 ], [ 121.415707388489025, 23.612126233700291 ] ] ] } },
{ "type": "Feature", "properties": { "gridid": "282879", "time_bucket": null, "people_move_all": 0.0 }, "geometry": { "type": "Polygon", "coordinates": [ [ [ 121.420650331874086, 23.625657704992133 ], [ 121.418200227678241, 23.625664327773471 ], [ 121.418207395131489, 23.627921771125479 ], [ 121.420657541316189, 23.627915147636024 ], [ 121.420650331874086, 23.625657704992133 ] ] ] } },
{ "type": "Feature", "properties": { "gridid": "274248", "time_bucket": null, "people_move_all": 0.0 }, "geometry": { "type": "Polygon", "coordinates": [ [ [ 121.398510629549591, 23.596369022161891 ], [ 121.396061062908799, 23.596375288056024 ], [ 121.396067841489582, 23.598632746150503 ], [ 121.398517450051997, 23.598626479585771 ], [ 121.398510629549591, 23.596369022161891 ] ] ] } },
{ "type": "Feature", "properties": { "gridid": "293364", "time_bucket": null, "people_move_all": 0.0 }, "geometry": { "type": "Polygon", "coordinates": [ [ [ 121.398708769191742, 23.661835020166965 ], [ 121.396257984705088, 23.661841305517523 ], [ 121.396264787771756, 23.664098744515393 ], [ 121.398715614331451, 23.664092458493595 ], [ 121.398708769191742, 23.661835020166965 ] ] ] } },
{ "type": "Feature", "properties": { "gridid": "280910", "time_bucket": null, "people_move_all": 0.0 }, "geometry": { "type": "Polygon", "coordinates": [ [ [ 121.430428613492865, 23.618858503755526 ], [ 121.427978638848444, 23.618865279102778 ], [ 121.427985971520656, 23.621122721573489 ], [ 121.430435988138001, 23.621115945501653 ], [ 121.430428613492865, 23.618858503755526 ] ] ] } },
{ "type": "Feature", "properties": { "gridid": "274916", "time_bucket": null, "people_move_all": 0.0 }, "geometry": { "type": "Polygon", "coordinates": [ [ [ 121.400967057699646, 23.598620174373384 ], [ 121.398517449985917, 23.598626479574008 ], [ 121.398524271336953, 23.60088393634004 ], [ 121.400973920977449, 23.600877630464659 ], [ 121.400967057699646, 23.598620174373384 ] ] ] } },
{ "type": "Feature", "properties": { "gridid": "292761", "time_bucket": null, "people_move_all": 0.0 }, "geometry": { "type": "Polygon", "coordinates": [ [ [ 121.516336464637661, 23.659230350458252 ], [ 121.513885768933719, 23.659238494954458 ], [ 121.51389459033021, 23.661495897724897 ], [ 121.51634532809841, 23.661487752358834 ], [ 121.516336464637661, 23.659230350458252 ] ] ] } },
{ "type": "Feature", "properties": { "gridid": "280252", "time_bucket": null, "people_move_all": 0.0 }, "geometry": { "type": "Polygon", "coordinates": [ [ [ 121.435321102078987, 23.616587396049532 ], [ 121.43287117124153, 23.616594248008656 ], [ 121.432878586937207, 23.618851689684679 ], [ 121.435328559742231, 23.618844836992725 ], [ 121.435321102078987, 23.616587396049532 ] ] ] } },
{ "type": "Feature", "properties": { "gridid": "283541", "time_bucket": null, "people_move_all": 0.0 }, "geometry": { "type": "Polygon", "coordinates": [ [ [ 121.418207394864254, 23.627921771058457 ], [ 121.415757247788278, 23.627928355858693 ], [ 121.415764374138647, 23.630185799256044 ], [ 121.41821456320875, 23.630179213751806 ], [ 121.418207394864254, 23.627921771058457 ] ] ] } },
{ "type": "Feature", "properties": { "gridid": "282875", "time_bucket": null, "people_move_all": 0.0 }, "geometry": { "type": "Polygon", "coordinates": [ [ [ 121.41084990961879, 23.625683963962743 ], [ 121.408399801889502, 23.625690432003449 ], [ 121.408406801386647, 23.627947878146546 ], [ 121.41085695110506, 23.627941409414277 ], [ 121.41084990961879, 23.625683963962743 ] ] ] } },
{ "type": "Feature", "properties": { "gridid": "298493", "time_bucket": null, "people_move_all": 0.0 }, "geometry": { "type": "Polygon", "coordinates": [ [ [ 121.401214674681597, 23.679888178759409 ], [ 121.398763554315238, 23.679894508265384 ], [ 121.398770406261008, 23.682151941316743 ], [ 121.401221568742187, 23.682145611135201 ], [ 121.401214674681597, 23.679888178759409 ] ] ] } },
{ "type": "Feature", "properties": { "gridid": "283546", "time_bucket": null, "people_move_all": 0.0 }, "geometry": { "type": "Polygon", "coordinates": [ [ [ 121.430458117625037, 23.627888266721584 ], [ 121.428007975057625, 23.627895044967328 ], [ 121.428015311378047, 23.630152484803311 ], [ 121.430465495939274, 23.630145705832874 ], [ 121.430458117625037, 23.627888266721584 ] ] ] } },
{ "type": "Feature", "properties": { "gridid": "281562", "time_bucket": null, "people_move_all": 0.0 }, "geometry": { "type": "Polygon", "coordinates": [ [ [ 121.418185895221626, 23.621149439028056 ], [ 121.415735874096768, 23.62115602171643 ], [ 121.415742997789181, 23.623413467089549 ], [ 121.41819306089252, 23.623406883697243 ], [ 121.418185895221626, 23.621149439028056 ] ] ] } },
{ "type": "Feature", "properties": { "gridid": "271584", "time_bucket": null, "people_move_all": 0.0 }, "geometry": { "type": "Polygon", "coordinates": [ [ [ 121.40093275404972, 23.587332884018291 ], [ 121.398483355891557, 23.587339185845472 ], [ 121.398490172999956, 23.589596645900304 ], [ 121.400939613058782, 23.589590343398477 ], [ 121.40093275404972, 23.587332884018291 ] ] ] } },
{ "type": "Feature", "properties": { "gridid": "297863", "time_bucket": null, "people_move_all": 0.0 }, "geometry": { "type": "Polygon", "coordinates": [ [ [ 121.406109935085325, 23.67761797176701 ], [ 121.403658858546066, 23.677624378158647 ], [ 121.403665793859929, 23.679881810514352 ], [ 121.406116912508665, 23.679875403438889 ], [ 121.406109935085325, 23.67761797176701 ] ] ] } },
{ "type": "Feature", "properties": { "gridid": "297897", "time_bucket": null, "people_move_all": 0.0 }, "geometry": { "type": "Polygon", "coordinates": [ [ [ 121.489445988045787, 23.677377080435949 ], [ 121.486994943905174, 23.677384805332423 ], [ 121.487003310900732, 23.679642212116075 ], [ 121.489454397148336, 23.679634486395035 ], [ 121.489445988045787, 23.677377080435949 ] ] ] } },
{ "type": "Feature", "properties": { "gridid": "280248", "time_bucket": null, "people_move_all": 0.0 }, "geometry": { "type": "Polygon", "coordinates": [ [ [ 121.425521372843249, 23.616614571836948 ], [ 121.423071438348131, 23.616621269122959 ], [ 121.423078686172857, 23.618878713688961 ], [ 121.425528662635799, 23.618872015686659 ], [ 121.425521372843249, 23.616614571836948 ] ] ] } },
{ "type": "Feature", "properties": { "gridid": "294047", "time_bucket": null, "people_move_all": 0.0 }, "geometry": { "type": "Polygon", "coordinates": [ [ [ 121.477141586664729, 23.663870842980934 ], [ 121.474690789914874, 23.663878369161523 ], [ 121.474698940297259, 23.66613578396689 ], [ 121.477149779123124, 23.666128256982603 ], [ 121.477141586664729, 23.663870842980934 ] ] ] } },
{ "type": "Feature", "properties": { "gridid": "277589", "time_bucket": null, "people_move_all": 0.0 }, "geometry": { "type": "Polygon", "coordinates": [ [ [ 121.415693151422133, 23.607611335642734 ], [ 121.413243381173118, 23.607617875455979 ], [ 121.413250457604263, 23.609875325478999 ], [ 121.415700269800524, 23.609868784966103 ], [ 121.415693151422133, 23.607611335642734 ] ] ] } },
{ "type": "Feature", "properties": { "gridid": "292747", "time_bucket": null, "people_move_all": 0.0 }, "geometry": { "type": "Polygon", "coordinates": [ [ [ 121.482026626526007, 23.659340847687798 ], [ 121.479575915953006, 23.659348449752354 ], [ 121.479584148441305, 23.661605864266257 ], [ 121.482034901079714, 23.661598261389781 ], [ 121.482026626526007, 23.659340847687798 ] ] ] } },
{ "type": "Feature", "properties": { "gridid": "301017", "time_bucket": null, "people_move_all": 0.0 }, "geometry": { "type": "Polygon", "coordinates": [ [ [ 121.403693543723278, 23.688911533363751 ], [ 121.401242255722792, 23.688917904373444 ], [ 121.40124915320888, 23.691175334110351 ], [ 121.403700483345062, 23.691168962420861 ], [ 121.403693543723278, 23.688911533363751 ] ] ] } },
{ "type": "Feature", "properties": { "gridid": "276923", "time_bucket": null, "people_move_all": 0.0 }, "geometry": { "type": "Polygon", "coordinates": [ [ [ 121.415686033892541, 23.60535388566397 ], [ 121.413236305585556, 23.605360424777579 ], [ 121.413243381136482, 23.607617875458793 ], [ 121.415693151385497, 23.607611335645551 ], [ 121.415686033892541, 23.60535388566397 ] ] ] } },
{ "type": "Feature", "properties": { "gridid": "278255", "time_bucket": null, "people_move_all": 0.0 }, "geometry": { "type": "Polygon", "coordinates": [ [ [ 121.413250457370694, 23.609875325500816 ], [ 121.410800644294142, 23.609881827357469 ], [ 121.410807679653047, 23.612139277417807 ], [ 121.413257534682117, 23.612132774865607 ], [ 121.413250457370694, 23.609875325500816 ] ] ] } },
{ "type": "Feature", "properties": { "gridid": "288829", "time_bucket": null, "people_move_all": 0.0 }, "geometry": { "type": "Polygon", "coordinates": [ [ [ 121.464823772104268, 23.645848718779764 ], [ 121.462373306766651, 23.645856044926493 ], [ 121.462381238878464, 23.648113468965928 ], [ 121.464831746250638, 23.648106142036401 ], [ 121.464823772104268, 23.645848718779764 ] ] ] } },
{ "type": "Feature", "properties": { "gridid": "290775", "time_bucket": null, "people_move_all": 0.0 }, "geometry": { "type": "Polygon", "coordinates": [ [ [ 121.445242938754348, 23.652678529963477 ], [ 121.442792339555069, 23.652685548587776 ], [ 121.442799938220247, 23.654942976762509 ], [ 121.44525057947034, 23.654935957388435 ], [ 121.445242938754348, 23.652678529963477 ] ] ] } },
{ "type": "Feature", "properties": { "gridid": "288819", "time_bucket": null, "people_move_all": 0.0 }, "geometry": { "type": "Polygon", "coordinates": [ [ [ 121.440319075090656, 23.645920237776725 ], [ 121.437868600129676, 23.645927176708334 ], [ 121.437876111891711, 23.648184608348206 ], [ 121.440326628887988, 23.648177668675167 ], [ 121.440319075090656, 23.645920237776725 ] ] ] } },
{ "type": "Feature", "properties": { "gridid": "288817", "time_bucket": null, "people_move_all": 0.0 }, "geometry": { "type": "Polygon", "coordinates": [ [ [ 121.435418124057023, 23.6459340769613 ], [ 121.432967647234051, 23.645940938449158 ], [ 121.432975074925281, 23.64819837155947 ], [ 121.435425593783691, 23.648191509338456 ], [ 121.435418124057023, 23.6459340769613 ] ] ] } },
{ "type": "Feature", "properties": { "gridid": "291411", "time_bucket": null, "people_move_all": 0.0 }, "geometry": { "type": "Polygon", "coordinates": [ [ [ 121.39868823936952, 23.65506270118663 ], [ 121.396237581070608, 23.655068984523592 ], [ 121.396244381601775, 23.657326425498844 ], [ 121.398695081958039, 23.657320141490707 ], [ 121.39868823936952, 23.65506270118663 ] ] ] } },
{ "type": "Feature", "properties": { "gridid": "278928", "time_bucket": null, "people_move_all": 0.0 }, "geometry": { "type": "Polygon", "coordinates": [ [ [ 121.435306189044098, 23.61207251222482 ], [ 121.432856342126115, 23.61207936271834 ], [ 121.432863755977365, 23.614336805711446 ], [ 121.435313644852471, 23.614329954485143 ], [ 121.435306189044098, 23.61207251222482 ] ] ] } },
{ "type": "Feature", "properties": { "gridid": "280251", "time_bucket": null, "people_move_all": 0.0 }, "geometry": { "type": "Polygon", "coordinates": [ [ [ 121.432871171523914, 23.616594248018227 ], [ 121.430421239764215, 23.616601061309169 ], [ 121.430428613492268, 23.618858503713884 ], [ 121.432878587219591, 23.618851689694253 ], [ 121.432871171523914, 23.616594248018227 ] ] ] } },
{ "type": "Feature", "properties": { "gridid": "282864", "time_bucket": null, "people_move_all": 0.0 }, "geometry": { "type": "Polygon", "coordinates": [ [ [ 121.383898678204133, 23.625752984754822 ], [ 121.381448561188478, 23.625759027254269 ], [ 121.381455098800984, 23.628016480731645 ], [ 121.383905257806475, 23.628010437586131 ], [ 121.383898678204133, 23.625752984754822 ] ] ] } },
{ "type": "Feature", "properties": { "gridid": "286191", "time_bucket": null, "people_move_all": 0.0 }, "geometry": { "type": "Polygon", "coordinates": [ [ [ 121.403534170756032, 23.63699048300861 ], [ 121.401083850432599, 23.636996838389287 ], [ 121.401090728236255, 23.639254283289301 ], [ 121.403541090575118, 23.639247927229352 ], [ 121.403534170756032, 23.63699048300861 ] ] ] } },
{ "type": "Feature", "properties": { "gridid": "282870", "time_bucket": null, "people_move_all": 0.0 }, "geometry": { "type": "Polygon", "coordinates": [ [ [ 121.39859936274172, 23.625715917273183 ], [ 121.396149250713023, 23.625722191886844 ], [ 121.396156040263577, 23.62797964142576 ], [ 121.398606194281697, 23.627973366141205 ], [ 121.39859936274172, 23.625715917273183 ] ] ] } },
{ "type": "Feature", "properties": { "gridid": "280226", "time_bucket": null, "people_move_all": 0.0 }, "geometry": { "type": "Polygon", "coordinates": [ [ [ 121.371622613809635, 23.616752979716992 ], [ 121.369172660690097, 23.616758826285142 ], [ 121.369178985205764, 23.619016285563234 ], [ 121.37162898029456, 23.619010438369774 ], [ 121.371622613809635, 23.616752979716992 ] ] ] } },
{ "type": "Feature", "properties": { "gridid": "288816", "time_bucket": null, "people_move_all": 0.0 }, "geometry": { "type": "Polygon", "coordinates": [ [ [ 121.43296764753633, 23.645940938456725 ], [ 121.430517169790207, 23.645947761222629 ], [ 121.430524555445928, 23.648205195061959 ], [ 121.43297507522756, 23.648198371567037 ], [ 121.43296764753633, 23.645940938456725 ] ] ] } },
{ "type": "Feature", "properties": { "gridid": "292714", "time_bucket": null, "people_move_all": 0.0 }, "geometry": { "type": "Polygon", "coordinates": [ [ [ 121.401152666122655, 23.659571257736378 ], [ 121.398701924554203, 23.659577581163276 ], [ 121.398708768843463, 23.661835020149105 ], [ 121.401159552479655, 23.66182869604684 ], [ 121.401152666122655, 23.659571257736378 ] ] ] } },
{ "type": "Feature", "properties": { "gridid": "273591", "time_bucket": null, "people_move_all": 0.0 }, "geometry": { "type": "Polygon", "coordinates": [ [ [ 121.420549493479683, 23.594053438846821 ], [ 121.418099976579825, 23.594060051717026 ], [ 121.418107131562422, 23.596317504285263 ], [ 121.420556690378078, 23.596310890707272 ], [ 121.420549493479683, 23.594053438846821 ] ] ] } },
{ "type": "Feature", "properties": { "gridid": "280243", "time_bucket": null, "people_move_all": 0.0 }, "geometry": { "type": "Polygon", "coordinates": [ [ [ 121.413271691990573, 23.616647671643367 ], [ 121.410821753040821, 23.616654175586724 ], [ 121.410828791025338, 23.618911623672151 ], [ 121.413278771943283, 23.618905119033176 ], [ 121.413271691990573, 23.616647671643367 ] ] ] } },
{ "type": "Feature", "properties": { "gridid": "297262", "time_bucket": null, "people_move_all": 0.0 }, "geometry": { "type": "Polygon", "coordinates": [ [ [ 121.484535574654146, 23.675135083172542 ], [ 121.48208457054227, 23.675142729695651 ], [ 121.482092852294926, 23.677400138776367 ], [ 121.484543898508676, 23.677392491437008 ], [ 121.484535574654146, 23.675135083172542 ] ] ] } },
{ "type": "Feature", "properties": { "gridid": "276901", "time_bucket": null, "people_move_all": 0.0 }, "geometry": { "type": "Polygon", "coordinates": [ [ [ 121.361791815341618, 23.605488818402083 ], [ 121.359342068876387, 23.60549450724805 ], [ 121.359348221686702, 23.607751972275022 ], [ 121.361798010095356, 23.607746282820397 ], [ 121.361791815341618, 23.605488818402083 ] ] ] } },
{ "type": "Feature", "properties": { "gridid": "276262", "time_bucket": null, "people_move_all": 0.0 }, "geometry": { "type": "Polygon", "coordinates": [ [ [ 121.430377015860714, 23.603056393090394 ], [ 121.427927334880579, 23.603063163366198 ], [ 121.427934661171136, 23.605320610445862 ], [ 121.430384384087617, 23.605313839445635 ], [ 121.430377015860714, 23.603056393090394 ] ] ] } },
{ "type": "Feature", "properties": { "gridid": "277569", "time_bucket": null, "people_move_all": 0.0 }, "geometry": { "type": "Polygon", "coordinates": [ [ [ 121.366697584207486, 23.607734787985745 ], [ 121.364247797345342, 23.607740554746716 ], [ 121.364254034818273, 23.609998017894483 ], [ 121.366703863628885, 23.609992250516559 ], [ 121.366697584207486, 23.607734787985745 ] ] ] } },
{ "type": "Feature", "properties": { "gridid": "289466", "time_bucket": null, "people_move_all": 0.0 }, "geometry": { "type": "Polygon", "coordinates": [ [ [ 121.432975075093779, 23.64819837152131 ], [ 121.430524555312147, 23.648205195016232 ], [ 121.430531941885846, 23.65046262819634 ], [ 121.432982503708232, 23.650455803972385 ], [ 121.432975075093779, 23.64819837152131 ] ] ] } },
{ "type": "Feature", "properties": { "gridid": "278906", "time_bucket": null, "people_move_all": 0.0 }, "geometry": { "type": "Polygon", "coordinates": [ [ [ 121.381409352120997, 23.612214292530048 ], [ 121.37895948612217, 23.612220292492438 ], [ 121.378965976899721, 23.614477750560571 ], [ 121.381415884857105, 23.614471749956369 ], [ 121.381409352120997, 23.612214292530048 ] ] ] } },
{ "type": "Feature", "properties": { "gridid": "289454", "time_bucket": null, "people_move_all": 0.0 }, "geometry": { "type": "Polygon", "coordinates": [ [ [ 121.403568777676298, 23.648277697554814 ], [ 121.401118247223465, 23.648284056332077 ], [ 121.401125129302955, 23.650541497937915 ], [ 121.403575701797322, 23.650535138481263 ], [ 121.403568777676298, 23.648277697554814 ] ] ] } },
{ "type": "Feature", "properties": { "gridid": "282218", "time_bucket": null, "people_move_all": 0.0 }, "geometry": { "type": "Polygon", "coordinates": [ [ [ 121.413292934633645, 23.623420011786045 ], [ 121.410842869763698, 23.623426517816313 ], [ 121.410849910374438, 23.625683963926388 ], [ 121.413300017228224, 23.625677457200435 ], [ 121.413292934633645, 23.623420011786045 ] ] ] } },
{ "type": "Feature", "properties": { "gridid": "271585", "time_bucket": null, "people_move_all": 0.0 }, "geometry": { "type": "Polygon", "coordinates": [ [ [ 121.403382151672602, 23.587326543549057 ], [ 121.400932754368, 23.587332883991419 ], [ 121.400939613377105, 23.589590343371604 ], [ 121.403389052582327, 23.589584002250469 ], [ 121.403382151672602, 23.587326543549057 ] ] ] } },
{ "type": "Feature", "properties": { "gridid": "279586", "time_bucket": null, "people_move_all": 0.0 }, "geometry": { "type": "Polygon", "coordinates": [ [ [ 121.42306419174588, 23.614363823941396 ], [ 121.420614298312103, 23.614370481846862 ], [ 121.42062150327277, 23.616627927783465 ], [ 121.423071438669268, 23.616621269165865 ], [ 121.42306419174588, 23.614363823941396 ] ] ] } },
{ "type": "Feature", "properties": { "gridid": "285521", "time_bucket": null, "people_move_all": 0.0 }, "geometry": { "type": "Polygon", "coordinates": [ [ [ 121.393726132894599, 23.634758224681612 ], [ 121.391275851193058, 23.634764424574676 ], [ 121.391282560100223, 23.637021872809019 ], [ 121.393732883812234, 23.637015672253252 ], [ 121.393726132894599, 23.634758224681612 ] ] ] } },
{ "type": "Feature", "properties": { "gridid": "295994", "time_bucket": null, "people_move_all": 0.0 }, "geometry": { "type": "Polygon", "coordinates": [ [ [ 121.486969849028739, 23.670612580955535 ], [ 121.484518930138719, 23.670620264612396 ], [ 121.484527251925599, 23.672877674197515 ], [ 121.486978212906976, 23.672869989720311 ], [ 121.486969849028739, 23.670612580955535 ] ] ] } },
{ "type": "Feature", "properties": { "gridid": "296628", "time_bucket": null, "people_move_all": 0.0 }, "geometry": { "type": "Polygon", "coordinates": [ [ [ 121.48452725212141, 23.672877674251001 ], [ 121.482076290106249, 23.672885319957892 ], [ 121.482084570830224, 23.67514272969893 ], [ 121.4845355749421, 23.675135083175821 ], [ 121.48452725212141, 23.672877674251001 ] ] ] } },
{ "type": "Feature", "properties": { "gridid": "287525", "time_bucket": null, "people_move_all": 0.0 }, "geometry": { "type": "Polygon", "coordinates": [ [ [ 121.447655137546391, 23.641384329411139 ], [ 121.445204749472055, 23.641391383000325 ], [ 121.445212385441295, 23.643648813722081 ], [ 121.447662815540269, 23.643641759379108 ], [ 121.447655137546391, 23.641384329411139 ] ] ] } },
{ "type": "Feature", "properties": { "gridid": "291444", "time_bucket": null, "people_move_all": 0.0 }, "geometry": { "type": "Polygon", "coordinates": [ [ [ 121.479559454032767, 23.654833618704533 ], [ 121.477108826552112, 23.654841180407988 ], [ 121.477117014939722, 23.657098597049504 ], [ 121.479567684475413, 23.657091034538315 ], [ 121.479559454032767, 23.654833618704533 ] ] ] } },
{ "type": "Feature", "properties": { "gridid": "276929", "time_bucket": null, "people_move_all": 0.0 }, "geometry": { "type": "Polygon", "coordinates": [ [ [ 121.430384384371834, 23.605313839456802 ], [ 121.427934661455353, 23.605320610457028 ], [ 121.427941988657338, 23.607578056878417 ], [ 121.430391753515465, 23.607571285153742 ], [ 121.430384384371834, 23.605313839456802 ] ] ] } },
{ "type": "Feature", "properties": { "gridid": "276238", "time_bucket": null, "people_move_all": 0.0 }, "geometry": { "type": "Polygon", "coordinates": [ [ [ 121.371584431323683, 23.603208213922223 ], [ 121.369134729910073, 23.60321405673897 ], [ 121.369141049707352, 23.605471519964222 ], [ 121.371590793058928, 23.6054656765223 ], [ 121.371584431323683, 23.603208213922223 ] ] ] } },
{ "type": "Feature", "properties": { "gridid": "282869", "time_bucket": null, "people_move_all": 0.0 }, "geometry": { "type": "Polygon", "coordinates": [ [ [ 121.396149250158558, 23.625722191881554 ], [ 121.393699137285637, 23.625728427809634 ], [ 121.393705884846668, 23.627985878015295 ], [ 121.396156039709098, 23.627979641420467 ], [ 121.396149250158558, 23.625722191881554 ] ] ] } },
{ "type": "Feature", "properties": { "gridid": "279587", "time_bucket": null, "people_move_all": 0.0 }, "geometry": { "type": "Polygon", "coordinates": [ [ [ 121.425514084313903, 23.614357127366354 ], [ 121.423064191781421, 23.614363823936102 ], [ 121.423071438704781, 23.616621269160571 ], [ 121.425521373199899, 23.616614571874553 ], [ 121.425514084313903, 23.614357127366354 ] ] ] } },
{ "type": "Feature", "properties": { "gridid": "298539", "time_bucket": null, "people_move_all": 0.0 }, "geometry": { "type": "Polygon", "coordinates": [ [ [ 121.513965200679166, 23.679555096168354 ], [ 121.511514125111901, 23.679563209712359 ], [ 121.511522914265186, 23.681820607403434 ], [ 121.513974031943832, 23.681812492993455 ], [ 121.513965200679166, 23.679555096168354 ] ] ] } },
{ "type": "Feature", "properties": { "gridid": "287501", "time_bucket": null, "people_move_all": 0.0 }, "geometry": { "type": "Polygon", "coordinates": [ [ [ 121.388845571520761, 23.641542930529976 ], [ 121.386395162108954, 23.641549054981887 ], [ 121.386401789466106, 23.643806502553407 ], [ 121.388852240904185, 23.643800377446997 ], [ 121.388845571520761, 23.641542930529976 ] ] ] } },
{ "type": "Feature", "properties": { "gridid": "284221", "time_bucket": null, "people_move_all": 0.0 }, "geometry": { "type": "Polygon", "coordinates": [ [ [ 121.46231780900689, 23.63005405817097 ], [ 121.459867636779677, 23.63006134014655 ], [ 121.459875519994071, 23.632318769579886 ], [ 121.462325734219348, 23.632311486825824 ], [ 121.46231780900689, 23.63005405817097 ] ] ] } },
{ "type": "Feature", "properties": { "gridid": "294011", "time_bucket": null, "people_move_all": 0.0 }, "geometry": { "type": "Polygon", "coordinates": [ [ [ 121.388912302636015, 23.664117370046412 ], [ 121.386461472726467, 23.664123501044269 ], [ 121.386468108324721, 23.666380942026606 ], [ 121.388918980312809, 23.666374810374037 ], [ 121.388912302636015, 23.664117370046412 ] ] ] } },
{ "type": "Feature", "properties": { "gridid": "281571", "time_bucket": null, "people_move_all": 0.0 }, "geometry": { "type": "Polygon", "coordinates": [ [ [ 121.440236045216082, 23.621088454434947 ], [ 121.437786032298717, 23.621095385212502 ], [ 121.437793533795016, 23.623352824101346 ], [ 121.440243588690237, 23.623345892582634 ], [ 121.440236045216082, 23.621088454434947 ] ] ] } },
{ "type": "Feature", "properties": { "gridid": "273570", "time_bucket": null, "people_move_all": 0.0 }, "geometry": { "type": "Polygon", "coordinates": [ [ [ 121.369109459402793, 23.594184197261903 ], [ 121.366659924902805, 23.594189998949904 ], [ 121.366666199638615, 23.596447465426603 ], [ 121.369115776055722, 23.596441663117645 ], [ 121.369109459402793, 23.594184197261903 ] ] ] } },
{ "type": "Feature", "properties": { "gridid": "292061", "time_bucket": null, "people_move_all": 0.0 }, "geometry": { "type": "Polygon", "coordinates": [ [ [ 121.396244381428218, 23.65732642551724 ], [ 121.393793680226821, 23.657332670781894 ], [ 121.393800439540442, 23.65959011176513 ], [ 121.396251182804477, 23.659583865833422 ], [ 121.396244381428218, 23.65732642551724 ] ] ] } },
{ "type": "Feature", "properties": { "gridid": "295963", "time_bucket": null, "people_move_all": 0.0 }, "geometry": { "type": "Polygon", "coordinates": [ [ [ 121.41099090627003, 23.670832747824747 ], [ 121.408539957765782, 23.670839229701226 ], [ 121.408546974683148, 23.673096662663863 ], [ 121.410997965281041, 23.673090180095361 ], [ 121.41099090627003, 23.670832747824747 ] ] ] } },
{ "type": "Feature", "properties": { "gridid": "299794", "time_bucket": null, "people_move_all": 0.0 }, "geometry": { "type": "Polygon", "coordinates": [ [ [ 121.494373556481293, 23.684133725226246 ], [ 121.491922388098601, 23.684141530178174 ], [ 121.491930842457492, 23.686398933326835 ], [ 121.494382052962678, 23.686391127541992 ], [ 121.494373556481293, 23.684133725226246 ] ] ] } },
{ "type": "Feature", "properties": { "gridid": "295344", "time_bucket": null, "people_move_all": 0.0 }, "geometry": { "type": "Polygon", "coordinates": [ [ [ 121.479608852175843, 23.668378103758066 ], [ 121.477157972286719, 23.668385670308307 ], [ 121.477166166780947, 23.670643082989777 ], [ 121.479617088756441, 23.670635515631645 ], [ 121.479608852175843, 23.668378103758066 ] ] ] } },
{ "type": "Feature", "properties": { "gridid": "292716", "time_bucket": "2025-09-23T13:55:00", "people_move_all": 3.35 }, "geometry": { "type": "Polygon", "coordinates": [ [ [ 121.406054147196755, 23.659558494668381 ], [ 121.403603407344789, 23.659564895590279 ], [ 121.403610335769457, 23.661822333221242 ], [ 121.406061117689049, 23.661815931615706 ], [ 121.406054147196755, 23.659558494668381 ] ] ] } },
{ "type": "Feature", "properties": { "gridid": "298528", "time_bucket": null, "people_move_all": 0.0 }, "geometry": { "type": "Polygon", "coordinates": [ [ [ 121.48700331015408, 23.679642212133469 ], [ 121.484552222867222, 23.679649899071826 ], [ 121.484560548789759, 23.681907306015436 ], [ 121.487011678188921, 23.68189961825664 ], [ 121.48700331015408, 23.679642212133469 ] ] ] } },
{ "type": "Feature", "properties": { "gridid": "294051", "time_bucket": null, "people_move_all": 0.0 }, "geometry": { "type": "Polygon", "coordinates": [ [ [ 121.48694476346175, 23.663840350697178 ], [ 121.484493970814484, 23.663848031893206 ], [ 121.484502289500412, 23.66610544345895 ], [ 121.486953124223376, 23.666097761442675 ], [ 121.48694476346175, 23.663840350697178 ] ] ] } },
{ "type": "Feature", "properties": { "gridid": "277571", "time_bucket": null, "people_move_all": 0.0 }, "geometry": { "type": "Polygon", "coordinates": [ [ [ 121.371597156475332, 23.607723138453753 ], [ 121.369147371180603, 23.607728982520896 ], [ 121.369153692550483, 23.609986444430628 ], [ 121.371603519793581, 23.609980599738257 ], [ 121.371597156475332, 23.607723138453753 ] ] ] } },
{ "type": "Feature", "properties": { "gridid": "274251", "time_bucket": null, "people_move_all": 0.0 }, "geometry": { "type": "Polygon", "coordinates": [ [ [ 121.405859324386626, 23.596349992629531 ], [ 121.403409760307269, 23.596356374418782 ], [ 121.403416664652681, 23.598613830489064 ], [ 121.405866270653462, 23.598607448016818 ], [ 121.405859324386626, 23.596349992629531 ] ] ] } },
{ "type": "Feature", "properties": { "gridid": "295314", "time_bucket": null, "people_move_all": 0.0 }, "geometry": { "type": "Polygon", "coordinates": [ [ [ 121.406082034620397, 23.668588238517593 ], [ 121.403631126466607, 23.668594642174188 ], [ 121.40363805833536, 23.670852077167901 ], [ 121.40608900857768, 23.670845672827575 ], [ 121.406082034620397, 23.668588238517593 ] ] ] } },
{ "type": "Feature", "properties": { "gridid": "299787", "time_bucket": null, "people_move_all": 0.0 }, "geometry": { "type": "Polygon", "coordinates": [ [ [ 121.477215355530731, 23.684187545230252 ], [ 121.474764179908647, 23.684195078645097 ], [ 121.47477233940775, 23.686452487508266 ], [ 121.477223557152897, 23.686444953289477 ], [ 121.477215355530731, 23.684187545230252 ] ] ] } },
{ "type": "Feature", "properties": { "gridid": "298494", "time_bucket": null, "people_move_all": 0.0 }, "geometry": { "type": "Polygon", "coordinates": [ [ [ 121.403665794196101, 23.679881810505844 ], [ 121.401214674685946, 23.679888178796595 ], [ 121.401221568746536, 23.682145611172384 ], [ 121.403672730371426, 23.682139242201931 ], [ 121.403665794196101, 23.679881810505844 ] ] ] } },
{ "type": "Feature", "properties": { "gridid": "275581", "time_bucket": "2025-09-23T13:55:00", "people_move_all": 3.35 }, "geometry": { "type": "Polygon", "coordinates": [ [ [ 121.396074621015543, 23.60089020353384 ], [ 121.39362496968279, 23.600896432129112 ], [ 121.393631708018432, 23.603153889574383 ], [ 121.396081401283269, 23.603147660312604 ], [ 121.396074621015543, 23.60089020353384 ] ] ] } },
{ "type": "Feature", "properties": { "gridid": "297884", "time_bucket": null, "people_move_all": 0.0 }, "geometry": { "type": "Polygon", "coordinates": [ [ [ 121.457582334295211, 23.6774744793141 ], [ 121.455131277053013, 23.677481700084684 ], [ 121.455139096650811, 23.679739117210893 ], [ 121.457590196000979, 23.679731895669562 ], [ 121.457582334295211, 23.6774744793141 ] ] ] } },
{ "type": "Feature", "properties": { "gridid": "277570", "time_bucket": null, "people_move_all": 0.0 }, "geometry": { "type": "Polygon", "coordinates": [ [ [ 121.369147370842697, 23.607728982568698 ], [ 121.366697584761667, 23.607734787982778 ], [ 121.366703864183094, 23.609992250513596 ], [ 121.369153692212578, 23.60998644447843 ], [ 121.369147370842697, 23.607728982568698 ] ] ] } },
{ "type": "Feature", "properties": { "gridid": "279572", "time_bucket": null, "people_move_all": 0.0 }, "geometry": { "type": "Polygon", "coordinates": [ [ [ 121.388765603523055, 23.614453516111951 ], [ 121.386315698019075, 23.614459632711615 ], [ 121.386322315495136, 23.616717088183844 ], [ 121.388772262962746, 23.616710970929947 ], [ 121.388765603523055, 23.614453516111951 ] ] ] } },
{ "type": "Feature", "properties": { "gridid": "294664", "time_bucket": null, "people_move_all": 0.0 }, "geometry": { "type": "Polygon", "coordinates": [ [ [ 121.398722460419421, 23.666349896153921 ], [ 121.396271591781456, 23.666356182846993 ], [ 121.396278396538804, 23.668613620526383 ], [ 121.398729307260282, 23.668607333162019 ], [ 121.398722460419421, 23.666349896153921 ] ] ] } },
{ "type": "Feature", "properties": { "gridid": "282223", "time_bucket": null, "people_move_all": 0.0 }, "geometry": { "type": "Polygon", "coordinates": [ [ [ 121.425543245446647, 23.623386901448768 ], [ 121.423093185032371, 23.623393600883741 ], [ 121.423100435561622, 23.625651043474043 ], [ 121.42555053795941, 23.625644343322715 ], [ 121.425543245446647, 23.623386901448768 ] ] ] } },
{ "type": "Feature", "properties": { "gridid": "282229", "time_bucket": null, "people_move_all": 0.0 }, "geometry": { "type": "Polygon", "coordinates": [ [ [ 121.44024358873726, 23.623345892593232 ], [ 121.43779353384204, 23.62335282411194 ], [ 121.437801036271239, 23.625610262342025 ], [ 121.440251133149516, 23.625603330082136 ], [ 121.44024358873726, 23.623345892593232 ] ] ] } },
{ "type": "Feature", "properties": { "gridid": "294699", "time_bucket": null, "people_move_all": 0.0 }, "geometry": { "type": "Polygon", "coordinates": [ [ [ 121.484502289538781, 23.666105443486451 ], [ 121.482051453782248, 23.666113086744833 ], [ 121.482059731420733, 23.668370498466562 ], [ 121.484510609258251, 23.66836285439204 ], [ 121.484502289538781, 23.666105443486451 ] ] ] } },
{ "type": "Feature", "properties": { "gridid": "277568", "time_bucket": null, "people_move_all": 0.0 }, "geometry": { "type": "Polygon", "coordinates": [ [ [ 121.364247797569689, 23.607740554704872 ], [ 121.36179800993169, 23.607746282812695 ], [ 121.361804205456068, 23.610003746573277 ], [ 121.36425403504262, 23.609998017852636 ], [ 121.364247797569689, 23.607740554704872 ] ] ] } },
{ "type": "Feature", "properties": { "gridid": "275571", "time_bucket": null, "people_move_all": 0.0 }, "geometry": { "type": "Polygon", "coordinates": [ [ [ 121.37157807075171, 23.60095075070647 ], [ 121.369128411270808, 23.600956592898061 ], [ 121.369134730281914, 23.603214056781013 ], [ 121.371584431695553, 23.603208213964258 ], [ 121.37157807075171, 23.60095075070647 ] ] ] } },
{ "type": "Feature", "properties": { "gridid": "278235", "time_bucket": null, "people_move_all": 0.0 }, "geometry": { "type": "Polygon", "coordinates": [ [ [ 121.364254035157302, 23.609998017926838 ], [ 121.361804205570735, 23.610003746647475 ], [ 121.361810401865824, 23.612261209750283 ], [ 121.364260273406131, 23.612255480416803 ], [ 121.364254035157302, 23.609998017926838 ] ] ] } },
{ "type": "Feature", "properties": { "gridid": "290762", "time_bucket": "2025-09-23T13:55:00", "people_move_all": 3.35 }, "geometry": { "type": "Polygon", "coordinates": [ [ [ 121.413385077021687, 23.652766750838875 ], [ 121.410934465954554, 23.652773265914824 ], [ 121.410941517952452, 23.655030703460092 ], [ 121.413392171071351, 23.655024187688166 ], [ 121.413385077021687, 23.652766750838875 ] ] ] } },
{ "type": "Feature", "properties": { "gridid": "286857", "time_bucket": null, "people_move_all": 0.0 }, "geometry": { "type": "Polygon", "coordinates": [ [ [ 121.418243245653585, 23.639208977942705 ], [ 121.415792888554677, 23.639215566263189 ], [ 121.415800019336288, 23.641473006366628 ], [ 121.418250418455429, 23.641466417342027 ], [ 121.418243245653585, 23.639208977942705 ] ] ] } },
{ "type": "Feature", "properties": { "gridid": "294669", "time_bucket": null, "people_move_all": 0.0 }, "geometry": { "type": "Polygon", "coordinates": [ [ [ 121.410976791058474, 23.666317881258326 ], [ 121.408525926725744, 23.66632436175081 ], [ 121.408532941899921, 23.668581796032356 ], [ 121.410983848315809, 23.668575314847885 ], [ 121.410976791058474, 23.666317881258326 ] ] ] } },
{ "type": "Feature", "properties": { "gridid": "281548", "time_bucket": null, "people_move_all": 0.0 }, "geometry": { "type": "Polygon", "coordinates": [ [ [ 121.383885521037584, 23.62123807704365 ], [ 121.381435487985925, 23.62124411825101 ], [ 121.38144202397271, 23.623501573044898 ], [ 121.383892099003774, 23.623495531191502 ], [ 121.383885521037584, 23.62123807704365 ] ] ] } },
{ "type": "Feature", "properties": { "gridid": "275595", "time_bucket": null, "people_move_all": 0.0 }, "geometry": { "type": "Polygon", "coordinates": [ [ [ 121.430369649352087, 23.600798946023982 ], [ 121.42792001030314, 23.600805715575412 ], [ 121.427927335682313, 23.603063163313305 ], [ 121.430377016662405, 23.603056393037491 ], [ 121.430369649352087, 23.600798946023982 ] ] ] } },
{ "type": "Feature", "properties": { "gridid": "292711", "time_bucket": null, "people_move_all": 0.0 }, "geometry": { "type": "Polygon", "coordinates": [ [ [ 121.393800439492196, 23.659590111754071 ], [ 121.3913496953882, 23.659596318938096 ], [ 121.391356413473844, 23.661853759925183 ], [ 121.39380719964575, 23.661847552078207 ], [ 121.393800439492196, 23.659590111754071 ] ] ] } },
{ "type": "Feature", "properties": { "gridid": "279584", "time_bucket": null, "people_move_all": 0.0 }, "geometry": { "type": "Polygon", "coordinates": [ [ [ 121.418164403602134, 23.614377101097759 ], [ 121.415714508381384, 23.614383681674486 ], [ 121.415721629416481, 23.616641129022941 ], [ 121.418171566600037, 23.616634547742358 ], [ 121.418164403602134, 23.614377101097759 ] ] ] } },
{ "type": "Feature", "properties": { "gridid": "278239", "time_bucket": null, "people_move_all": 0.0 }, "geometry": { "type": "Polygon", "coordinates": [ [ [ 121.374053345682483, 23.609974716454641 ], [ 121.371603519230959, 23.609980599804135 ], [ 121.371609883340781, 23.61223806043078 ], [ 121.374059751745833, 23.612232176451904 ], [ 121.374053345682483, 23.609974716454641 ] ] ] } },
{ "type": "Feature", "properties": { "gridid": "277587", "time_bucket": null, "people_move_all": 0.0 }, "geometry": { "type": "Polygon", "coordinates": [ [ [ 121.410793609247037, 23.60762437659934 ], [ 121.408343837242796, 23.60763083910831 ], [ 121.408350829779252, 23.609888290518246 ], [ 121.410800643730866, 23.609881827317889 ], [ 121.410793609247037, 23.60762437659934 ] ] ] } },
{ "type": "Feature", "properties": { "gridid": "274914", "time_bucket": "2025-09-23T13:55:00", "people_move_all": 3.35 }, "geometry": { "type": "Polygon", "coordinates": [ [ [ 121.396067841472529, 23.598632746138676 ], [ 121.393618232066686, 23.598638974067455 ], [ 121.393624969564016, 23.60089643217059 ], [ 121.396074620896741, 23.600890203575322 ], [ 121.396067841472529, 23.598632746138676 ] ] ] } },
{ "type": "Feature", "properties": { "gridid": "282225", "time_bucket": null, "people_move_all": 0.0 }, "geometry": { "type": "Polygon", "coordinates": [ [ [ 121.430443363553806, 23.623373386588536 ], [ 121.427993304958335, 23.623380163384983 ], [ 121.428000639454524, 23.625637604538426 ], [ 121.430450740033351, 23.625630827017346 ], [ 121.430443363553806, 23.623373386588536 ] ] ] } },
{ "type": "Feature", "properties": { "gridid": "273594", "time_bucket": null, "people_move_all": 0.0 }, "geometry": { "type": "Polygon", "coordinates": [ [ [ 121.427898039255112, 23.594033368477199 ], [ 121.425448525057277, 23.594040097228625 ], [ 121.425455805787109, 23.596297547661113 ], [ 121.427905361900528, 23.596290818189498 ], [ 121.427898039255112, 23.594033368477199 ] ] ] } },
{ "type": "Feature", "properties": { "gridid": "276254", "time_bucket": null, "people_move_all": 0.0 }, "geometry": { "type": "Polygon", "coordinates": [ [ [ 121.410779543179871, 23.603109473233609 ], [ 121.408329855054717, 23.603115934359881 ], [ 121.408336845851665, 23.60537338708604 ], [ 121.410786575913761, 23.605366925268431 ], [ 121.410779543179871, 23.603109473233609 ] ] ] } },
{ "type": "Feature", "properties": { "gridid": "271582", "time_bucket": null, "people_move_all": 0.0 }, "geometry": { "type": "Polygon", "coordinates": [ [ [ 121.396033957796206, 23.587345449063012 ], [ 121.393584557946568, 23.587351673659704 ], [ 121.393591291253429, 23.589609135051422 ], [ 121.396040733003858, 23.589602909788344 ], [ 121.396033957796206, 23.587345449063012 ] ] ] } },
{ "type": "Feature", "properties": { "gridid": "276921", "time_bucket": null, "people_move_all": 0.0 }, "geometry": { "type": "Polygon", "coordinates": [ [ [ 121.410786575712166, 23.605366925316467 ], [ 121.408336845650069, 23.605373387134076 ], [ 121.408343837316764, 23.607630839202148 ], [ 121.410793609321004, 23.607624376693177 ], [ 121.410786575712166, 23.605366925316467 ] ] ] } },
{ "type": "Feature", "properties": { "gridid": "280907", "time_bucket": null, "people_move_all": 0.0 }, "geometry": { "type": "Polygon", "coordinates": [ [ [ 121.423078686812374, 23.618878713686684 ], [ 121.420628709447982, 23.618885373016447 ], [ 121.420635916201036, 23.621142817636105 ], [ 121.423085935538552, 23.621136157594165 ], [ 121.423078686812374, 23.618878713686684 ] ] ] } },
{ "type": "Feature", "properties": { "gridid": "307249", "time_bucket": null, "people_move_all": 0.0 }, "geometry": { "type": "Polygon", "coordinates": [ [ [ 121.514088939033286, 23.711158591525781 ], [ 121.511637273430409, 23.711166717196082 ], [ 121.511646077874403, 23.713424105631542 ], [ 121.514097785661903, 23.713415979094858 ], [ 121.514088939033286, 23.711158591525781 ] ] ] } },
{ "type": "Feature", "properties": { "gridid": "292090", "time_bucket": null, "people_move_all": 0.0 }, "geometry": { "type": "Polygon", "coordinates": [ [ [ 121.467314327219071, 23.657128459690714 ], [ 121.464863652647779, 23.657135828493558 ], [ 121.464871631750626, 23.659393248451892 ], [ 121.467322348382538, 23.659385878861979 ], [ 121.467314327219071, 23.657128459690714 ] ] ] } },
{ "type": "Feature", "properties": { "gridid": "292097", "time_bucket": null, "people_move_all": 0.0 }, "geometry": { "type": "Polygon", "coordinates": [ [ [ 121.484469021464591, 23.65707579330055 ], [ 121.482018353979754, 23.657083433294638 ], [ 121.482026627505363, 23.659340847656612 ], [ 121.484477337050265, 23.659333206846487 ], [ 121.484469021464591, 23.65707579330055 ] ] ] } },
{ "type": "Feature", "properties": { "gridid": "287503", "time_bucket": null, "people_move_all": 0.0 }, "geometry": { "type": "Polygon", "coordinates": [ [ [ 121.393746388662947, 23.641530565473946 ], [ 121.39129598091435, 23.641536767355195 ], [ 121.391302692323976, 23.643794213613585 ], [ 121.393753142098717, 23.643788011069567 ], [ 121.393746388662947, 23.641530565473946 ] ] ] } },
{ "type": "Feature", "properties": { "gridid": "296000", "time_bucket": null, "people_move_all": 0.0 }, "geometry": { "type": "Polygon", "coordinates": [ [ [ 121.501675340599277, 23.670565664955969 ], [ 121.499224428021407, 23.670573581208505 ], [ 121.499233002355282, 23.67283098580954 ], [ 121.501683957024056, 23.672823068711836 ], [ 121.501675340599277, 23.670565664955969 ] ] ] } },
{ "type": "Feature", "properties": { "gridid": "294697", "time_bucket": null, "people_move_all": 0.0 }, "geometry": { "type": "Polygon", "coordinates": [ [ [ 121.479600616645584, 23.666120691232443 ], [ 121.477149778837585, 23.666128256974826 ], [ 121.477157972313861, 23.668385670316415 ], [ 121.479608852202986, 23.668378103766173 ], [ 121.479600616645584, 23.666120691232443 ] ] ] } },
{ "type": "Feature", "properties": { "gridid": "303553", "time_bucket": null, "people_move_all": 0.0 }, "geometry": { "type": "Polygon", "coordinates": [ [ [ 121.49932738951766, 23.697662392828256 ], [ 121.496875970437884, 23.697670280409195 ], [ 121.496884515405497, 23.699927677922787 ], [ 121.499335976639003, 23.699919789500484 ], [ 121.49932738951766, 23.697662392828256 ] ] ] } },
{ "type": "Feature", "properties": { "gridid": "295988", "time_bucket": null, "people_move_all": 0.0 }, "geometry": { "type": "Polygon", "coordinates": [ [ [ 121.472264320365511, 23.670658101430757 ], [ 121.469813395351579, 23.670665552489595 ], [ 121.469821464588591, 23.672922966909809 ], [ 121.47227243169435, 23.672915515055472 ], [ 121.472264320365511, 23.670658101430757 ] ] ] } },
{ "type": "Feature", "properties": { "gridid": "299754", "time_bucket": null, "people_move_all": 0.0 }, "geometry": { "type": "Polygon", "coordinates": [ [ [ 121.39632605391914, 23.684415665864105 ], [ 121.393874847620935, 23.684421919134977 ], [ 121.393881617018152, 23.686679352205825 ], [ 121.396332865441764, 23.686673098267622 ], [ 121.39632605391914, 23.684415665864105 ] ] ] } },
{ "type": "Feature", "properties": { "gridid": "288175", "time_bucket": null, "people_move_all": 0.0 }, "geometry": { "type": "Polygon", "coordinates": [ [ [ 121.445212384572343, 23.643648813746253 ], [ 121.442761953524169, 23.643655829371685 ], [ 121.44276954841267, 23.645913260183853 ], [ 121.445220021490783, 23.645906243808742 ], [ 121.445212384572343, 23.643648813746253 ] ] ] } },
{ "type": "Feature", "properties": { "gridid": "288804", "time_bucket": null, "people_move_all": 0.0 }, "geometry": { "type": "Polygon", "coordinates": [ [ [ 121.403561855087048, 23.646020255965549 ], [ 121.401111366670577, 23.646026614063455 ], [ 121.401118247894772, 23.648284056328215 ], [ 121.403568778347605, 23.648277697550949 ], [ 121.403561855087048, 23.646020255965549 ] ] ] } },
{ "type": "Feature", "properties": { "gridid": "298515", "time_bucket": null, "people_move_all": 0.0 }, "geometry": { "type": "Polygon", "coordinates": [ [ [ 121.455139096404508, 23.679739117265669 ], [ 121.452687996083085, 23.679746300023503 ], [ 121.452695774538881, 23.682003717256205 ], [ 121.455146916973604, 23.681996533731745 ], [ 121.455139096404508, 23.679739117265669 ] ] ] } },
{ "type": "Feature", "properties": { "gridid": "285541", "time_bucket": null, "people_move_all": 0.0 }, "geometry": { "type": "Polygon", "coordinates": [ [ [ 121.442731583907943, 23.634626099505965 ], [ 121.440281319983569, 23.634633073431914 ], [ 121.440288869087482, 23.636890507626191 ], [ 121.442739175020961, 23.636883532954801 ], [ 121.442731583907943, 23.634626099505965 ] ] ] } },
{ "type": "Feature", "properties": { "gridid": "295341", "time_bucket": null, "people_move_all": 0.0 }, "geometry": { "type": "Polygon", "coordinates": [ [ [ 121.472256209824693, 23.668400687198965 ], [ 121.469805326897358, 23.668408137462318 ], [ 121.469813395132007, 23.670665552542626 ], [ 121.472264320145953, 23.670658101483795 ], [ 121.472256209824693, 23.668400687198965 ] ] ] } },
{ "type": "Feature", "properties": { "gridid": "289481", "time_bucket": null, "people_move_all": 0.0 }, "geometry": { "type": "Polygon", "coordinates": [ [ [ 121.469732757593803, 23.648091371979316 ], [ 121.467282252209117, 23.648098776359394 ], [ 121.467290269386368, 23.650356198169508 ], [ 121.469740816810685, 23.650348792998329 ], [ 121.469732757593803, 23.648091371979316 ] ] ] } },
{ "type": "Feature", "properties": { "gridid": "297886", "time_bucket": null, "people_move_all": 0.0 }, "geometry": { "type": "Polygon", "coordinates": [ [ [ 121.462484446208236, 23.677459921409724 ], [ 121.460033390924139, 23.67746721973884 ], [ 121.460041294737835, 23.679724635319413 ], [ 121.462492392129761, 23.679717336211269 ], [ 121.462484446208236, 23.677459921409724 ] ] ] } },
{ "type": "Feature", "properties": { "gridid": "281569", "time_bucket": null, "people_move_all": 0.0 }, "geometry": { "type": "Polygon", "coordinates": [ [ [ 121.435336018124204, 23.621102277274304 ], [ 121.432886003346411, 23.621109130699107 ], [ 121.432893420886785, 23.623366571057851 ], [ 121.43534347764259, 23.623359716900161 ], [ 121.435336018124204, 23.621102277274304 ] ] ] } },
{ "type": "Feature", "properties": { "gridid": "300427", "time_bucket": null, "people_move_all": 0.0 }, "geometry": { "type": "Polygon", "coordinates": [ [ [ 121.499284470830759, 23.686375399581852 ], [ 121.4968332624412, 23.686383282956399 ], [ 121.496841802105436, 23.688640683774356 ], [ 121.49929305262259, 23.688632799558583 ], [ 121.499284470830759, 23.686375399581852 ] ] ] } },
{ "type": "Feature", "properties": { "gridid": "291441", "time_bucket": null, "people_move_all": 0.0 }, "geometry": { "type": "Polygon", "coordinates": [ [ [ 121.472207568633891, 23.654856187608431 ], [ 121.469756938116419, 23.654863633099477 ], [ 121.469765000338526, 23.657121052139356 ], [ 121.472215672911233, 23.657113605852988 ], [ 121.472207568633891, 23.654856187608431 ] ] ] } },
{ "type": "Feature", "properties": { "gridid": "299158", "time_bucket": null, "people_move_all": 0.0 }, "geometry": { "type": "Polygon", "coordinates": [ [ [ 121.484560549267684, 23.681907305937205 ], [ 121.482109418834412, 23.681914954909143 ], [ 121.482117703673495, 23.684172362008592 ], [ 121.484568876224358, 23.684164712220319 ], [ 121.484560549267684, 23.681907305937205 ] ] ] } },
{ "type": "Feature", "properties": { "gridid": "271573", "time_bucket": null, "people_move_all": 0.0 }, "geometry": { "type": "Polygon", "coordinates": [ [ [ 121.37398932902785, 23.58740008031792 ], [ 121.371539921824748, 23.58740595737477 ], [ 121.371546278021455, 23.589663424577843 ], [ 121.373995727125916, 23.589657546891818 ], [ 121.37398932902785, 23.58740008031792 ] ] ] } },
{ "type": "Feature", "properties": { "gridid": "278259", "time_bucket": null, "people_move_all": 0.0 }, "geometry": { "type": "Polygon", "coordinates": [ [ [ 121.423049700689688, 23.609848931496145 ], [ 121.420599891165622, 23.609855587977428 ], [ 121.420607094334201, 23.612113035230777 ], [ 121.423056945810529, 23.612106378037421 ], [ 121.423049700689688, 23.609848931496145 ] ] ] } },
{ "type": "Feature", "properties": { "gridid": "290126", "time_bucket": null, "people_move_all": 0.0 }, "geometry": { "type": "Polygon", "coordinates": [ [ [ 121.457488069691721, 23.650385431584862 ], [ 121.455037517337416, 23.6503926431085 ], [ 121.455045325285639, 23.652650068152532 ], [ 121.457495919685172, 23.652642855858463 ], [ 121.457488069691721, 23.650385431584862 ] ] ] } },
{ "type": "Feature", "properties": { "gridid": "276919", "time_bucket": null, "people_move_all": 0.0 }, "geometry": { "type": "Polygon", "coordinates": [ [ [ 121.405887114521519, 23.605379810277345 ], [ 121.403437382725187, 23.605386194798733 ], [ 121.403444290507366, 23.607643648237129 ], [ 121.405894064245956, 23.607637263032643 ], [ 121.405887114521519, 23.605379810277345 ] ] ] } },
{ "type": "Feature", "properties": { "gridid": "286860", "time_bucket": null, "people_move_all": 0.0 }, "geometry": { "type": "Polygon", "coordinates": [ [ [ 121.425594312278122, 23.639188980743437 ], [ 121.423143957869698, 23.639195685193442 ], [ 121.423151214711865, 23.64145312317212 ], [ 121.425601611140337, 23.641446418005582 ], [ 121.425594312278122, 23.639188980743437 ] ] ] } },
{ "type": "Feature", "properties": { "gridid": "298492", "time_bucket": null, "people_move_all": 0.0 }, "geometry": { "type": "Polygon", "coordinates": [ [ [ 121.398763554164503, 23.679894508315083 ], [ 121.396312432947127, 23.679900799036233 ], [ 121.396319242778048, 23.682158232759004 ], [ 121.398770406110273, 23.682151941366435 ], [ 121.398763554164503, 23.679894508315083 ] ] ] } },
{ "type": "Feature", "properties": { "gridid": "295987", "time_bucket": null, "people_move_all": 0.0 }, "geometry": { "type": "Polygon", "coordinates": [ [ [ 121.469813394912634, 23.67066555251732 ], [ 121.467362468896326, 23.670672964809587 ], [ 121.467370496041426, 23.672930380021164 ], [ 121.469821464149646, 23.672922966937534 ], [ 121.469813394912634, 23.67066555251732 ] ] ] } },
{ "type": "Feature", "properties": { "gridid": "284861", "time_bucket": null, "people_move_all": 0.0 }, "geometry": { "type": "Polygon", "coordinates": [ [ [ 121.403520333605996, 23.632475592630218 ], [ 121.40107009729779, 23.632481946652415 ], [ 121.401076973391525, 23.634739392869758 ], [ 121.40352725170473, 23.634733038168331 ], [ 121.403520333605996, 23.632475592630218 ] ] ] } },
{ "type": "Feature", "properties": { "gridid": "292718", "time_bucket": null, "people_move_all": 0.0 }, "geometry": { "type": "Polygon", "coordinates": [ [ [ 121.410955624260509, 23.659545576608785 ], [ 121.408504886145906, 23.659552055025443 ], [ 121.408511898705768, 23.661809491284995 ], [ 121.410962678887813, 23.661803012176417 ], [ 121.410955624260509, 23.659545576608785 ] ] ] } },
{ "type": "Feature", "properties": { "gridid": "304171", "time_bucket": null, "people_move_all": 0.0 }, "geometry": { "type": "Polygon", "coordinates": [ [ [ 121.496884515672718, 23.699927677927729 ], [ 121.494433053378273, 23.699935527530371 ], [ 121.494441557247768, 23.702192925220199 ], [ 121.496893061701243, 23.702185074780299 ], [ 121.496884515672718, 23.699927677927729 ] ] ] } },
{ "type": "Feature", "properties": { "gridid": "281565", "time_bucket": null, "people_move_all": 0.0 }, "geometry": { "type": "Polygon", "coordinates": [ [ [ 121.425535953909602, 23.621129458878144 ], [ 121.423085935473608, 23.621136157596776 ], [ 121.42309318510128, 23.623393600845695 ], [ 121.425543245515556, 23.623386901410726 ], [ 121.425535953909602, 23.621129458878144 ] ] ] } },
{ "type": "Feature", "properties": { "gridid": "280902", "time_bucket": null, "people_move_all": 0.0 }, "geometry": { "type": "Polygon", "coordinates": [ [ [ 121.410828790960053, 23.618911623613879 ], [ 121.408378809166805, 23.618918089580013 ], [ 121.40838580605319, 23.621175537698537 ], [ 121.410835829819916, 23.621169071040903 ], [ 121.410828790960053, 23.618911623613879 ] ] ] } },
{ "type": "Feature", "properties": { "gridid": "286189", "time_bucket": null, "people_move_all": 0.0 }, "geometry": { "type": "Polygon", "coordinates": [ [ [ 121.398633528623904, 23.637003155039643 ], [ 121.396183206595751, 23.637009433007961 ], [ 121.396190000368307, 23.639266879254112 ], [ 121.398640364412046, 23.639260600614787 ], [ 121.398633528623904, 23.637003155039643 ] ] ] } },
{ "type": "Feature", "properties": { "gridid": "280234", "time_bucket": null, "people_move_all": 0.0 }, "geometry": { "type": "Polygon", "coordinates": [ [ [ 121.391222209693467, 23.616704815006958 ], [ 121.388772263054179, 23.616710970930036 ], [ 121.388778923322164, 23.618968425089879 ], [ 121.391228911930213, 23.618962268508405 ], [ 121.391222209693467, 23.616704815006958 ] ] ] } },
{ "type": "Feature", "properties": { "gridid": "292065", "time_bucket": null, "people_move_all": 0.0 }, "geometry": { "type": "Polygon", "coordinates": [ [ [ 121.406047177597287, 23.657301057081114 ], [ 121.403596479807689, 23.657307457319394 ], [ 121.403603407371534, 23.659564895609552 ], [ 121.406054147223472, 23.659558494687658 ], [ 121.406047177597287, 23.657301057081114 ] ] ] } },
{ "type": "Feature", "properties": { "gridid": "282209", "time_bucket": null, "people_move_all": 0.0 }, "geometry": { "type": "Polygon", "coordinates": [ [ [ 121.391242319407866, 23.623477173605149 ], [ 121.388792246846634, 23.623483331503483 ], [ 121.388798909599899, 23.625740783688581 ], [ 121.391249024145552, 23.625734625131798 ], [ 121.391242319407866, 23.623477173605149 ] ] ] } },
{ "type": "Feature", "properties": { "gridid": "292094", "time_bucket": null, "people_move_all": 0.0 }, "geometry": { "type": "Polygon", "coordinates": [ [ [ 121.477117015089107, 23.657098596998011 ], [ 121.474666344535848, 23.657106120767665 ], [ 121.474674491880734, 23.659363537552906 ], [ 121.4771252044943, 23.659356012979639 ], [ 121.477117015089107, 23.657098596998011 ] ] ] } },
{ "type": "Feature", "properties": { "gridid": "289457", "time_bucket": null, "people_move_all": 0.0 }, "geometry": { "type": "Polygon", "coordinates": [ [ [ 121.410920364315473, 23.648258388793135 ], [ 121.408469836459915, 23.648264863750565 ], [ 121.408476844663866, 23.650522303305834 ], [ 121.410927414560774, 23.650515827656594 ], [ 121.410920364315473, 23.648258388793135 ] ] ] } },
{ "type": "Feature", "properties": { "gridid": "292064", "time_bucket": null, "people_move_all": 0.0 }, "geometry": { "type": "Polygon", "coordinates": [ [ [ 121.40359648005888, 23.657307457312005 ], [ 121.401145781408502, 23.657313818806962 ], [ 121.40115266690988, 23.659571257776598 ], [ 121.403603407622711, 23.659564895602156 ], [ 121.40359648005888, 23.657307457312005 ] ] ] } },
{ "type": "Feature", "properties": { "gridid": "282239", "time_bucket": null, "people_move_all": 0.0 }, "geometry": { "type": "Polygon", "coordinates": [ [ [ 121.464744085015653, 23.623274450001841 ], [ 121.462294039736491, 23.623281768322013 ], [ 121.462301961993205, 23.62553919895419 ], [ 121.464752049254713, 23.625531879851479 ], [ 121.464744085015653, 23.623274450001841 ] ] ] } },
{ "type": "Feature", "properties": { "gridid": "290130", "time_bucket": null, "people_move_all": 0.0 }, "geometry": { "type": "Polygon", "coordinates": [ [ [ 121.467290269634773, 23.650356198183225 ], [ 121.464839721214005, 23.650363564625021 ], [ 121.464847697342748, 23.652620986562482 ], [ 121.467298287808475, 23.652613619333696 ], [ 121.467290269634773, 23.650356198183225 ] ] ] } },
{ "type": "Feature", "properties": { "gridid": "296599", "time_bucket": null, "people_move_all": 0.0 }, "geometry": { "type": "Polygon", "coordinates": [ [ [ 121.413448954391811, 23.673083658768988 ], [ 121.410997964670869, 23.673090180109615 ], [ 121.411005024558804, 23.675347611720674 ], [ 121.41345605637855, 23.675341089683855 ], [ 121.413448954391811, 23.673083658768988 ] ] ] } },
{ "type": "Feature", "properties": { "gridid": "280245", "time_bucket": null, "people_move_all": 0.0 }, "geometry": { "type": "Polygon", "coordinates": [ [ [ 121.418171567139382, 23.61663454777451 ], [ 121.415721629955826, 23.616641129055104 ], [ 121.415728751876642, 23.618898575745163 ], [ 121.418178731028235, 23.618891993760691 ], [ 121.418171567139382, 23.61663454777451 ] ] ] } },
{ "type": "Feature", "properties": { "gridid": "290754", "time_bucket": null, "people_move_all": 0.0 }, "geometry": { "type": "Polygon", "coordinates": [ [ [ 121.393780163661873, 23.65281778686143 ], [ 121.391329545730358, 23.652823992056742 ], [ 121.391336261312006, 23.655081435020925 ], [ 121.393786921295799, 23.65507522916273 ], [ 121.393780163661873, 23.65281778686143 ] ] ] } },
{ "type": "Feature", "properties": { "gridid": "272902", "time_bucket": null, "people_move_all": 0.0 }, "geometry": { "type": "Polygon", "coordinates": [ [ [ 121.369103142838526, 23.591926730744166 ], [ 121.366653650250498, 23.591932531811203 ], [ 121.366659924205536, 23.594189998945389 ], [ 121.369109458705495, 23.594184197257409 ], [ 121.369103142838526, 23.591926730744166 ] ] ] } },
{ "type": "Feature", "properties": { "gridid": "297880", "time_bucket": null, "people_move_all": 0.0 }, "geometry": { "type": "Polygon", "coordinates": [ [ [ 121.447778099438182, 23.67750312974805 ], [ 121.445327038342526, 23.677510195400838 ], [ 121.445334689507689, 23.679767615568633 ], [ 121.447785792711599, 23.679760549161653 ], [ 121.447778099438182, 23.67750312974805 ] ] ] } },
{ "type": "Feature", "properties": { "gridid": "279591", "time_bucket": null, "people_move_all": 0.0 }, "geometry": { "type": "Polygon", "coordinates": [ [ [ 121.435313645560228, 23.614329954487161 ], [ 121.432863756685123, 23.614336805713474 ], [ 121.432871171458572, 23.616594248048056 ], [ 121.435321102296029, 23.616587396088935 ], [ 121.435313645560228, 23.614329954487161 ] ] ] } },
{ "type": "Feature", "properties": { "gridid": "274257", "time_bucket": null, "people_move_all": 0.0 }, "geometry": { "type": "Polygon", "coordinates": [ [ [ 121.42055669099112, 23.596310890621407 ], [ 121.41810713217545, 23.596317504199408 ], [ 121.418114288048386, 23.598574956109658 ], [ 121.420563888785082, 23.598568341823846 ], [ 121.42055669099112, 23.596310890621407 ] ] ] } },
{ "type": "Feature", "properties": { "gridid": "278908", "time_bucket": null, "people_move_all": 0.0 }, "geometry": { "type": "Polygon", "coordinates": [ [ [ 121.386309081347392, 23.61220217661495 ], [ 121.38385921697882, 23.612208253899425 ], [ 121.383865791673415, 23.614465710679809 ], [ 121.386315698000445, 23.614459632745252 ], [ 121.386309081347392, 23.61220217661495 ] ] ] } },
{ "type": "Feature", "properties": { "gridid": "280903", "time_bucket": null, "people_move_all": 0.0 }, "geometry": { "type": "Polygon", "coordinates": [ [ [ 121.413278771535687, 23.618905119024252 ], [ 121.410828790617757, 23.61891162366322 ], [ 121.41083582947762, 23.62116907109024 ], [ 121.413285852368958, 23.621162565755633 ], [ 121.413278771535687, 23.618905119024252 ] ] ] } },
{ "type": "Feature", "properties": { "gridid": "282228", "time_bucket": null, "people_move_all": 0.0 }, "geometry": { "type": "Polygon", "coordinates": [ [ [ 121.437793533195233, 23.623352824063918 ], [ 121.435343477367127, 23.623359716902144 ], [ 121.435350937813155, 23.625617155869268 ], [ 121.437801035624432, 23.625610262294003 ], [ 121.437793533195233, 23.623352824063918 ] ] ] } },
{ "type": "Feature", "properties": { "gridid": "290106", "time_bucket": null, "people_move_all": 0.0 }, "geometry": { "type": "Polygon", "coordinates": [ [ [ 121.40847684435812, 23.650522303396759 ], [ 121.406026273590186, 23.650528740315185 ], [ 121.406033240618527, 23.652786179899092 ], [ 121.40848385343314, 23.652779742292978 ], [ 121.40847684435812, 23.650522303396759 ] ] ] } },
{ "type": "Feature", "properties": { "gridid": "300426", "time_bucket": null, "people_move_all": 0.0 }, "geometry": { "type": "Polygon", "coordinates": [ [ [ 121.496833262424815, 23.686383282959675 ], [ 121.494382052974814, 23.686391127539405 ], [ 121.494390550511397, 23.688648529194449 ], [ 121.496841802089051, 23.688640683777638 ], [ 121.496833262424815, 23.686383282959675 ] ] ] } },
{ "type": "Feature", "properties": { "gridid": "301677", "time_bucket": null, "people_move_all": 0.0 }, "geometry": { "type": "Polygon", "coordinates": [ [ [ 121.482142564039052, 23.690944579418122 ], [ 121.479691264074816, 23.690952192852048 ], [ 121.479699510891635, 23.693209598121449 ], [ 121.482150852994465, 23.69320198387522 ], [ 121.482142564039052, 23.690944579418122 ] ] ] } },
{ "type": "Feature", "properties": { "gridid": "285544", "time_bucket": null, "people_move_all": 0.0 }, "geometry": { "type": "Polygon", "coordinates": [ [ [ 121.450082369471062, 23.634604945481978 ], [ 121.447632108393464, 23.634612035510866 ], [ 121.44763978352448, 23.636869467456407 ], [ 121.450090086611013, 23.636862376669679 ], [ 121.450082369471062, 23.634604945481978 ] ] ] } },
{ "type": "Feature", "properties": { "gridid": "292104", "time_bucket": null, "people_move_all": 0.0 }, "geometry": { "type": "Polygon", "coordinates": [ [ [ 121.501623664584031, 23.65702122861337 ], [ 121.499173004441715, 23.657029139795505 ], [ 121.499181572386249, 23.659286548358345 ], [ 121.50163227458809, 23.659278636331212 ], [ 121.501623664584031, 23.65702122861337 ] ] ] } },
{ "type": "Feature", "properties": { "gridid": "279570", "time_bucket": null, "people_move_all": 0.0 }, "geometry": { "type": "Polygon", "coordinates": [ [ [ 121.383865792307134, 23.614465710726968 ], [ 121.381415885162312, 23.614471749996383 ], [ 121.381422418710997, 23.616729206764671 ], [ 121.383872367819549, 23.61672316684929 ], [ 121.383865792307134, 23.614465710726968 ] ] ] } },
{ "type": "Feature", "properties": { "gridid": "282887", "time_bucket": null, "people_move_all": 0.0 }, "geometry": { "type": "Polygon", "coordinates": [ [ [ 121.440251133261, 23.625603330051522 ], [ 121.437801036382709, 23.625610262311412 ], [ 121.437808539744879, 23.627867699882696 ], [ 121.440258678611471, 23.6278607668816 ], [ 121.440251133261, 23.625603330051522 ] ] ] } },
{ "type": "Feature", "properties": { "gridid": "286851", "time_bucket": null, "people_move_all": 0.0 }, "geometry": { "type": "Polygon", "coordinates": [ [ [ 121.40354109033494, 23.639247927197829 ], [ 121.401090727996078, 23.639254283257774 ], [ 121.401097606654773, 23.641511727499051 ], [ 121.40354801101428, 23.641505370759806 ], [ 121.40354109033494, 23.639247927197829 ] ] ] } },
{ "type": "Feature", "properties": { "gridid": "270919", "time_bucket": null, "people_move_all": 0.0 }, "geometry": { "type": "Polygon", "coordinates": [ [ [ 121.405824606775951, 23.585062705895069 ], [ 121.403375252225459, 23.585069084269655 ], [ 121.403382152276407, 23.58732654362872 ], [ 121.405831548722247, 23.587320164571242 ], [ 121.405824606775951, 23.585062705895069 ] ] ] } },
{ "type": "Feature", "properties": { "gridid": "283539", "time_bucket": null, "people_move_all": 0.0 }, "geometry": { "type": "Polygon", "coordinates": [ [ [ 121.413307100741903, 23.627934901947874 ], [ 121.410856951899078, 23.627941409369534 ], [ 121.410863994260964, 23.630198854162479 ], [ 121.413314185098088, 23.630192346045085 ], [ 121.413307100741903, 23.627934901947874 ] ] ] } },
{ "type": "Feature", "properties": { "gridid": "302308", "time_bucket": null, "people_move_all": 0.0 }, "geometry": { "type": "Polygon", "coordinates": [ [ [ 121.49931021843517, 23.693147597509665 ], [ 121.496858883647164, 23.693155483407953 ], [ 121.496867426493182, 23.695412882243435 ], [ 121.499318803424444, 23.695404995503839 ], [ 121.49931021843517, 23.693147597509665 ] ] ] } },
{ "type": "Feature", "properties": { "gridid": "284195", "time_bucket": null, "people_move_all": 0.0 }, "geometry": { "type": "Polygon", "coordinates": [ [ [ 121.398613026886849, 23.630230814359724 ], [ 121.396162830874061, 23.63023709031518 ], [ 121.396169622113206, 23.632494538537134 ], [ 121.398619860125919, 23.632488261910737 ], [ 121.398613026886849, 23.630230814359724 ] ] ] } },
{ "type": "Feature", "properties": { "gridid": "284193", "time_bucket": null, "people_move_all": 0.0 }, "geometry": { "type": "Polygon", "coordinates": [ [ [ 121.393712633728526, 23.63024332758679 ], [ 121.39126243603225, 23.630249526154515 ], [ 121.391269143271458, 23.632506975705912 ], [ 121.393719382967745, 23.632500776475528 ], [ 121.393712633728526, 23.63024332758679 ] ] ] } },
{ "type": "Feature", "properties": { "gridid": "299755", "time_bucket": null, "people_move_all": 0.0 }, "geometry": { "type": "Polygon", "coordinates": [ [ [ 121.398777258433526, 23.684409373702238 ], [ 121.396326052981209, 23.684415665766252 ], [ 121.396332864503805, 23.686673098169774 ], [ 121.398784112081486, 23.686666805434289 ], [ 121.398777258433526, 23.684409373702238 ] ] ] } },
{ "type": "Feature", "properties": { "gridid": "297893", "time_bucket": null, "people_move_all": 0.0 }, "geometry": { "type": "Polygon", "coordinates": [ [ [ 121.479641805322743, 23.677407747360629 ], [ 121.477190757056732, 23.677415317142607 ], [ 121.477198955623621, 23.679672727183078 ], [ 121.47965004599692, 23.679665156593099 ], [ 121.479641805322743, 23.677407747360629 ] ] ] } },
{ "type": "Feature", "properties": { "gridid": "299773", "time_bucket": null, "people_move_all": 0.0 }, "geometry": { "type": "Polygon", "coordinates": [ [ [ 121.442898806250753, 23.684289483047198 ], [ 121.440447616918846, 23.684296473378534 ], [ 121.44045518668716, 23.686553893062214 ], [ 121.442906418143195, 23.686546901984894 ], [ 121.442898806250753, 23.684289483047198 ] ] ] } },
{ "type": "Feature", "properties": { "gridid": "282230", "time_bucket": null, "people_move_all": 0.0 }, "geometry": { "type": "Polygon", "coordinates": [ [ [ 121.44269364227668, 23.623338922324656 ], [ 121.440243588319561, 23.623345892523783 ], [ 121.440251132731831, 23.625603330012691 ], [ 121.44270122867195, 23.625596359068254 ], [ 121.44269364227668, 23.623338922324656 ] ] ] } },
{ "type": "Feature", "properties": { "gridid": "284205", "time_bucket": null, "people_move_all": 0.0 }, "geometry": { "type": "Polygon", "coordinates": [ [ [ 121.423114939523714, 23.630165926650136 ], [ 121.420664752241521, 23.630172589541029 ], [ 121.420671963476664, 23.6324300308675 ], [ 121.423122192758115, 23.632423367264312 ], [ 121.423114939523714, 23.630165926650136 ] ] ] } },
{ "type": "Feature", "properties": { "gridid": "283533", "time_bucket": null, "people_move_all": 0.0 }, "geometry": { "type": "Polygon", "coordinates": [ [ [ 121.398606194312976, 23.627973366166454 ], [ 121.396156040294855, 23.627979641451002 ], [ 121.39616283068969, 23.630237090331452 ], [ 121.398613026702478, 23.630230814375992 ], [ 121.398606194312976, 23.627973366166454 ] ] ] } },
{ "type": "Feature", "properties": { "gridid": "282867", "time_bucket": null, "people_move_all": 0.0 }, "geometry": { "type": "Polygon", "coordinates": [ [ [ 121.391249023984514, 23.625734625104581 ], [ 121.388798909438862, 23.625740783661367 ], [ 121.388805573020676, 23.627998235188123 ], [ 121.391255729555965, 23.627992075972859 ], [ 121.391249023984514, 23.625734625104581 ] ] ] } },
{ "type": "Feature", "properties": { "gridid": "288842", "time_bucket": null, "people_move_all": 0.0 }, "geometry": { "type": "Polygon", "coordinates": [ [ [ 121.496679729237115, 23.645749955257699 ], [ 121.49422927719084, 23.645757784774666 ], [ 121.494237755746084, 23.648015198315015 ], [ 121.496688249825908, 23.648007367961466 ], [ 121.496679729237115, 23.645749955257699 ] ] ] } },
{ "type": "Feature", "properties": { "gridid": "297892", "time_bucket": null, "people_move_all": 0.0 }, "geometry": { "type": "Polygon", "coordinates": [ [ [ 121.477190756885534, 23.677415317147045 ], [ 121.474739707601273, 23.677422848150236 ], [ 121.474747864060745, 23.679680258994573 ], [ 121.477198955452408, 23.679672727187523 ], [ 121.477190756885534, 23.677415317147045 ] ] ] } },
{ "type": "Feature", "properties": { "gridid": "287504", "time_bucket": null, "people_move_all": 0.0 }, "geometry": { "type": "Polygon", "coordinates": [ [ [ 121.396196795230196, 23.64152432484909 ], [ 121.393746388321034, 23.64153056544491 ], [ 121.393753141756775, 23.643788011040527 ], [ 121.396203590692011, 23.643781769777799 ], [ 121.396196795230196, 23.64152432484909 ] ] ] } },
{ "type": "Feature", "properties": { "gridid": "284228", "time_bucket": null, "people_move_all": 0.0 }, "geometry": { "type": "Polygon", "coordinates": [ [ [ 121.479468987511041, 23.630002001024028 ], [ 121.477018822290745, 23.63000955384425 ], [ 121.47702699949015, 23.632266977741359 ], [ 121.479477206708012, 23.632259424113712 ], [ 121.479468987511041, 23.630002001024028 ] ] ] } },
{ "type": "Feature", "properties": { "gridid": "270917", "time_bucket": null, "people_move_all": 0.0 }, "geometry": { "type": "Polygon", "coordinates": [ [ [ 121.400925896527454, 23.585075424027306 ], [ 121.398476540264753, 23.585081725179876 ], [ 121.398483356524821, 23.587339185892318 ], [ 121.400932754682984, 23.587332884065123 ], [ 121.400925896527454, 23.585075424027306 ] ] ] } },
{ "type": "Feature", "properties": { "gridid": "297254", "time_bucket": null, "people_move_all": 0.0 }, "geometry": { "type": "Polygon", "coordinates": [ [ [ 121.464927513104399, 23.675195169672708 ], [ 121.46247650090973, 23.675202505997852 ], [ 121.462484445844325, 23.677459921459562 ], [ 121.464935500141536, 23.677452584351276 ], [ 121.464927513104399, 23.675195169672708 ] ] ] } },
{ "type": "Feature", "properties": { "gridid": "276253", "time_bucket": "2025-09-23T13:55:00", "people_move_all": 3.35 }, "geometry": { "type": "Polygon", "coordinates": [ [ [ 121.40832985558319, 23.603115934410937 ], [ 121.405880166588375, 23.603122356893266 ], [ 121.405887115448337, 23.605379810306637 ], [ 121.408336846380138, 23.605373387137096 ], [ 121.40832985558319, 23.603115934410937 ] ] ] } },
{ "type": "Feature", "properties": { "gridid": "297233", "time_bucket": null, "people_move_all": 0.0 }, "geometry": { "type": "Polygon", "coordinates": [ [ [ 121.413456057001397, 23.675341089650168 ], [ 121.411005025181652, 23.675347611686995 ], [ 121.411012085946595, 23.677605042638465 ], [ 121.413463159870361, 23.677598519905416 ], [ 121.413456057001397, 23.675341089650168 ] ] ] } },
{ "type": "Feature", "properties": { "gridid": "288181", "time_bucket": null, "people_move_all": 0.0 }, "geometry": { "type": "Polygon", "coordinates": [ [ [ 121.459914951596403, 23.64360590688041 ], [ 121.4574645263218, 23.643613154810108 ], [ 121.457472373388853, 23.645870581062169 ], [ 121.45992284069294, 23.645863332357976 ], [ 121.459914951596403, 23.64360590688041 ] ] ] } },
{ "type": "Feature", "properties": { "gridid": "280242", "time_bucket": null, "people_move_all": 0.0 }, "geometry": { "type": "Polygon", "coordinates": [ [ [ 121.410821752412346, 23.616654175530954 ], [ 121.408371812587291, 23.616660640805605 ], [ 121.408378808603587, 23.618918089582507 ], [ 121.410828790396835, 23.618911623616381 ], [ 121.410821752412346, 23.616654175530954 ] ] ] } },
{ "type": "Feature", "properties": { "gridid": "284192", "time_bucket": null, "people_move_all": 0.0 }, "geometry": { "type": "Polygon", "coordinates": [ [ [ 121.391262436145524, 23.630249526203464 ], [ 121.38881223761534, 23.630255686077238 ], [ 121.388818902854453, 23.632513136287166 ], [ 121.391269143384704, 23.632506975754872 ], [ 121.391262436145524, 23.630249526203464 ] ] ] } },
{ "type": "Feature", "properties": { "gridid": "276911", "time_bucket": null, "people_move_all": 0.0 }, "geometry": { "type": "Polygon", "coordinates": [ [ [ 121.38628923665577, 23.605429804304602 ], [ 121.383839498131238, 23.605435879638978 ], [ 121.383846070372854, 23.607693338393254 ], [ 121.38629585084017, 23.607687262408859 ], [ 121.38628923665577, 23.605429804304602 ] ] ] } },
{ "type": "Feature", "properties": { "gridid": "286200", "time_bucket": null, "people_move_all": 0.0 }, "geometry": { "type": "Polygon", "coordinates": [ [ [ 121.425587013723003, 23.636931542772739 ], [ 121.423136701329412, 23.636938246506229 ], [ 121.423143957269545, 23.63919568514385 ], [ 121.425594311677955, 23.639188980693849 ], [ 121.425587013723003, 23.636931542772739 ] ] ] } },
{ "type": "Feature", "properties": { "gridid": "291416", "time_bucket": "2025-09-23T13:55:00", "people_move_all": 3.35 }, "geometry": { "type": "Polygon", "coordinates": [ [ [ 121.410941517074747, 23.655030703442488 ], [ 121.40849086307945, 23.655037180475386 ], [ 121.408497873896721, 23.657294618053367 ], [ 121.410948569949056, 23.6572881403286 ], [ 121.410941517074747, 23.655030703442488 ] ] ] } },
{ "type": "Feature", "properties": { "gridid": "274915", "time_bucket": null, "people_move_all": 0.0 }, "geometry": { "type": "Polygon", "coordinates": [ [ [ 121.398517450087382, 23.598626479554984 ], [ 121.396067841524996, 23.598632746119719 ], [ 121.396074620949207, 23.600890203556368 ], [ 121.398524271438433, 23.600883936321004 ], [ 121.398517450087382, 23.598626479554984 ] ] ] } },
{ "type": "Feature", "properties": { "gridid": "291438", "time_bucket": null, "people_move_all": 0.0 }, "geometry": { "type": "Polygon", "coordinates": [ [ [ 121.464855674211805, 23.654878407831255 ], [ 121.462405040704525, 23.654885737109332 ], [ 121.462412976760476, 23.657143158510323 ], [ 121.464863652323217, 23.657135828449345 ], [ 121.464855674211805, 23.654878407831255 ] ] ] } },
{ "type": "Feature", "properties": { "gridid": "277572", "time_bucket": null, "people_move_all": 0.0 }, "geometry": { "type": "Polygon", "coordinates": [ [ [ 121.37404694010543, 23.607717255740905 ], [ 121.371597155602217, 23.60772313846104 ], [ 121.371603518920438, 23.609980599745537 ], [ 121.374053345371962, 23.609974716396046 ], [ 121.37404694010543, 23.607717255740905 ] ] ] } },
{ "type": "Feature", "properties": { "gridid": "278258", "time_bucket": null, "people_move_all": 0.0 }, "geometry": { "type": "Polygon", "coordinates": [ [ [ 121.420599891113795, 23.609855587969172 ], [ 121.418150080693792, 23.609862205794375 ], [ 121.418157241910052, 23.612119653755673 ], [ 121.420607094282389, 23.612113035222517 ], [ 121.420599891113795, 23.609855587969172 ] ] ] } },
{ "type": "Feature", "properties": { "gridid": "272906", "time_bucket": null, "people_move_all": 0.0 }, "geometry": { "type": "Polygon", "coordinates": [ [ [ 121.378901105427516, 23.59190314025453 ], [ 121.376451616014307, 23.591909095817712 ], [ 121.376458057616688, 23.594166560443323 ], [ 121.378907588941559, 23.594160604242653 ], [ 121.378901105427516, 23.59190314025453 ] ] ] } },
{ "type": "Feature", "properties": { "gridid": "292089", "time_bucket": "2025-09-23T13:55:00", "people_move_all": 3.35 }, "geometry": { "type": "Polygon", "coordinates": [ [ [ 121.464863652745109, 23.657135828469141 ], [ 121.462412977182368, 23.657143158530122 ], [ 121.462420914224523, 23.659400579271388 ], [ 121.464871631847956, 23.659393248427477 ], [ 121.464863652745109, 23.657135828469141 ] ] ] } },
{ "type": "Feature", "properties": { "gridid": "284204", "time_bucket": null, "people_move_all": 0.0 }, "geometry": { "type": "Polygon", "coordinates": [ [ [ 121.420664751971657, 23.630172589541655 ], [ 121.418214563792873, 23.630179213739254 ], [ 121.418221733028716, 23.632436655773887 ], [ 121.4206719632068, 23.632430030868125 ], [ 121.420664751971657, 23.630172589541655 ] ] ] } },
{ "type": "Feature", "properties": { "gridid": "280249", "time_bucket": null, "people_move_all": 0.0 }, "geometry": { "type": "Polygon", "coordinates": [ [ [ 121.427971306406036, 23.616607835961947 ], [ 121.425521372817499, 23.616614571916323 ], [ 121.425528662610077, 23.618872015766026 ], [ 121.427978638166365, 23.618865279091228 ], [ 121.427971306406036, 23.616607835961947 ] ] ] } },
{ "type": "Feature", "properties": { "gridid": "299141", "time_bucket": null, "people_move_all": 0.0 }, "geometry": { "type": "Polygon", "coordinates": [ [ [ 121.442891195662639, 23.682032063390665 ], [ 121.440440048449602, 23.682039052976048 ], [ 121.440447617277897, 23.684296473319801 ], [ 121.442898806609819, 23.684289482988461 ], [ 121.442891195662639, 23.682032063390665 ] ] ] } },
{ "type": "Feature", "properties": { "gridid": "288831", "time_bucket": null, "people_move_all": 0.0 }, "geometry": { "type": "Polygon", "coordinates": [ [ [ 121.4697247000761, 23.645833950345562 ], [ 121.467274236725814, 23.645841353934582 ], [ 121.467282252906713, 23.648098776404282 ], [ 121.4697327582914, 23.648091372024194 ], [ 121.4697247000761, 23.645833950345562 ] ] ] } },
{ "type": "Feature", "properties": { "gridid": "276243", "time_bucket": null, "people_move_all": 0.0 }, "geometry": { "type": "Polygon", "coordinates": [ [ [ 121.383832926474611, 23.603178420199455 ], [ 121.381383229070138, 23.603184456239362 ], [ 121.381389758556566, 23.605441916297366 ], [ 121.383839497898663, 23.605435879611598 ], [ 121.383832926474611, 23.603178420199455 ] ] ] } },
{ "type": "Feature", "properties": { "gridid": "282220", "time_bucket": null, "people_move_all": 0.0 }, "geometry": { "type": "Polygon", "coordinates": [ [ [ 121.418193061766559, 23.623406883704835 ], [ 121.41574299866322, 23.623413467097159 ], [ 121.41575012324158, 23.625670911811731 ], [ 121.418200228328629, 23.625664327715459 ], [ 121.418193061766559, 23.623406883704835 ] ] ] } },
{ "type": "Feature", "properties": { "gridid": "300389", "time_bucket": null, "people_move_all": 0.0 }, "geometry": { "type": "Polygon", "coordinates": [ [ [ 121.406137850591591, 23.686647694516608 ], [ 121.403686605583161, 23.686654103643672 ], [ 121.403693544343213, 23.688911533360603 ], [ 121.406144831482024, 23.68890512354962 ], [ 121.406137850591591, 23.686647694516608 ] ] ] } },
{ "type": "Feature", "properties": { "gridid": "292753", "time_bucket": null, "people_move_all": 0.0 }, "geometry": { "type": "Polygon", "coordinates": [ [ [ 121.496730868207052, 23.659294421624669 ], [ 121.494280163881058, 23.659302256161546 ], [ 121.494288648760516, 23.661559665741841 ], [ 121.496739395151437, 23.661551830368214 ], [ 121.496730868207052, 23.659294421624669 ] ] ] } },
{ "type": "Feature", "properties": { "gridid": "295313", "time_bucket": null, "people_move_all": 0.0 }, "geometry": { "type": "Polygon", "coordinates": [ [ [ 121.40363112609522, 23.668594642158769 ], [ 121.401180217080295, 23.668601007051336 ], [ 121.401187106860476, 23.670858442724647 ], [ 121.403638057963974, 23.670852077152485 ], [ 121.40363112609522, 23.668594642158769 ] ] ] } },
{ "type": "Feature", "properties": { "gridid": "295960", "time_bucket": null, "people_move_all": 0.0 }, "geometry": { "type": "Polygon", "coordinates": [ [ [ 121.403638057710268, 23.670852077148172 ], [ 121.401187106606741, 23.670858442720323 ], [ 121.401193997242856, 23.673115877734219 ], [ 121.403644990440185, 23.673109511482451 ], [ 121.403638057710268, 23.670852077148172 ] ] ] } },
{ "type": "Feature", "properties": { "gridid": "307248", "time_bucket": null, "people_move_all": 0.0 }, "geometry": { "type": "Polygon", "coordinates": [ [ [ 121.51163727267199, 23.711166717213601 ], [ 121.509185605976384, 23.711174804043942 ], [ 121.509194368235626, 23.713432193341639 ], [ 121.511646077115955, 23.713424105649057 ], [ 121.51163727267199, 23.711166717213601 ] ] ] } },
{ "type": "Feature", "properties": { "gridid": "282863", "time_bucket": null, "people_move_all": 0.0 }, "geometry": { "type": "Polygon", "coordinates": [ [ [ 121.381448560605492, 23.625759027175768 ], [ 121.378998442776961, 23.625765030989321 ], [ 121.379004938399561, 23.62802248510863 ], [ 121.381455098218012, 23.628016480653145 ], [ 121.381448560605492, 23.625759027175768 ] ] ] } },
{ "type": "Feature", "properties": { "gridid": "299758", "time_bucket": "2025-09-23T13:55:00", "people_move_all": 3.35 }, "geometry": { "type": "Polygon", "coordinates": [ [ [ 121.40613086996116, 23.684390264829194 ], [ 121.403679667077853, 23.684396673272364 ], [ 121.403686604976286, 23.686654103649058 ], [ 121.406137849984717, 23.686647694521991 ], [ 121.40613086996116, 23.684390264829194 ] ] ] } },
{ "type": "Feature", "properties": { "gridid": "282226", "time_bucket": null, "people_move_all": 0.0 }, "geometry": { "type": "Polygon", "coordinates": [ [ [ 121.432893421103529, 23.623366571111564 ], [ 121.430443363425297, 23.623373386588668 ], [ 121.430450739904799, 23.625630827017471 ], [ 121.432900839566358, 23.625624010811602 ], [ 121.432893421103529, 23.623366571111564 ] ] ] } },
{ "type": "Feature", "properties": { "gridid": "294698", "time_bucket": null, "people_move_all": 0.0 }, "geometry": { "type": "Polygon", "coordinates": [ [ [ 121.482051454093465, 23.666113086758401 ], [ 121.479600617308591, 23.666120691258822 ], [ 121.479608852866022, 23.668378103792548 ], [ 121.482059731731965, 23.668370498480133 ], [ 121.482051454093465, 23.666113086758401 ] ] ] } },
{ "type": "Feature", "properties": { "gridid": "276259", "time_bucket": null, "people_move_all": 0.0 }, "geometry": { "type": "Polygon", "coordinates": [ [ [ 121.423027970124707, 23.603076587978382 ], [ 121.420578286426078, 23.603083242323535 ], [ 121.420585486907015, 23.605340691551646 ], [ 121.42303521254226, 23.605334036494483 ], [ 121.423027970124707, 23.603076587978382 ] ] ] } },
{ "type": "Feature", "properties": { "gridid": "291440", "time_bucket": null, "people_move_all": 0.0 }, "geometry": { "type": "Polygon", "coordinates": [ [ [ 121.469756938162419, 23.654863633080605 ], [ 121.467306306643138, 23.654871039834063 ], [ 121.467314326809927, 23.657128459665113 ], [ 121.469765000384527, 23.65712105212048 ], [ 121.469756938162419, 23.654863633080605 ] ] ] } },
{ "type": "Feature", "properties": { "gridid": "291442", "time_bucket": null, "people_move_all": 0.0 }, "geometry": { "type": "Polygon", "coordinates": [ [ [ 121.474658198102759, 23.65484870333837 ], [ 121.472207568592339, 23.654856187566953 ], [ 121.47221567286968, 23.65711360581151 ], [ 121.474666344435278, 23.657106120783475 ], [ 121.474658198102759, 23.65484870333837 ] ] ] } },
{ "type": "Feature", "properties": { "gridid": "290105", "time_bucket": null, "people_move_all": 0.0 }, "geometry": { "type": "Polygon", "coordinates": [ [ [ 121.406026273814376, 23.650528740219379 ], [ 121.403575702180618, 23.650535138406948 ], [ 121.403582627162251, 23.652792578674397 ], [ 121.406033240842731, 23.652786179803279 ], [ 121.406026273814376, 23.650528740219379 ] ] ] } },
{ "type": "Feature", "properties": { "gridid": "286878", "time_bucket": null, "people_move_all": 0.0 }, "geometry": { "type": "Polygon", "coordinates": [ [ [ 121.46970053053839, 23.639061681344412 ], [ 121.467250193260043, 23.639069082560351 ], [ 121.467258206452243, 23.641326507008536 ], [ 121.469708585749345, 23.6413191050016 ], [ 121.46970053053839, 23.639061681344412 ] ] ] } },
{ "type": "Feature", "properties": { "gridid": "301687", "time_bucket": null, "people_move_all": 0.0 }, "geometry": { "type": "Polygon", "coordinates": [ [ [ 121.506655506084343, 23.69086631086719 ], [ 121.504204216647565, 23.690874312333086 ], [ 121.504212884846794, 23.69313170929318 ], [ 121.50666421642137, 23.693123706973591 ], [ 121.506655506084343, 23.69086631086719 ] ] ] } },
{ "type": "Feature", "properties": { "gridid": "296594", "time_bucket": null, "people_move_all": 0.0 }, "geometry": { "type": "Polygon", "coordinates": [ [ [ 121.401193997805379, 23.673115877684957 ], [ 121.39874300375206, 23.673122205164379 ], [ 121.398749853145063, 23.675379640194322 ], [ 121.401200889297527, 23.675373312039397 ], [ 121.401193997805379, 23.673115877684957 ] ] ] } },
{ "type": "Feature", "properties": { "gridid": "279580", "time_bucket": null, "people_move_all": 0.0 }, "geometry": { "type": "Polygon", "coordinates": [ [ [ 121.408364817283669, 23.614403191435638 ], [ 121.405914918551673, 23.614409617354212 ], [ 121.405921871734805, 23.616667067476758 ], [ 121.408371812429891, 23.616660640870869 ], [ 121.408364817283669, 23.614403191435638 ] ] ] } },
{ "type": "Feature", "properties": { "gridid": "298512", "time_bucket": null, "people_move_all": 0.0 }, "geometry": { "type": "Polygon", "coordinates": [ [ [ 121.447785793015811, 23.679760549100447 ], [ 121.445334689811901, 23.679767615507426 ], [ 121.445342341927443, 23.682025035015194 ], [ 121.447793487244851, 23.682017967853994 ], [ 121.447785793015811, 23.679760549100447 ] ] ] } },
{ "type": "Feature", "properties": { "gridid": "295959", "time_bucket": null, "people_move_all": 0.0 }, "geometry": { "type": "Polygon", "coordinates": [ [ [ 121.401187107185137, 23.670858442693493 ], [ 121.398736155225663, 23.670864769497438 ], [ 121.398743003767905, 23.673122205186818 ], [ 121.401193997821238, 23.673115877707392 ], [ 121.401187107185137, 23.670858442693493 ] ] ] } },
{ "type": "Feature", "properties": { "gridid": "293366", "time_bucket": null, "people_move_all": 0.0 }, "geometry": { "type": "Polygon", "coordinates": [ [ [ 121.403610335265682, 23.661822333190674 ], [ 121.401159552485183, 23.661828696044598 ], [ 121.40116643969786, 23.664086133695843 ], [ 121.403617264551272, 23.664079770162399 ], [ 121.403610335265682, 23.661822333190674 ] ] ] } },
{ "type": "Feature", "properties": { "gridid": "290792", "time_bucket": null, "people_move_all": 0.0 }, "geometry": { "type": "Polygon", "coordinates": [ [ [ 121.486902974901597, 23.652553287100154 ], [ 121.48445239255436, 23.65256096419532 ], [ 121.484460706073605, 23.654818379061151 ], [ 121.48691133047042, 23.654810701145866 ], [ 121.486902974901597, 23.652553287100154 ] ] ] } },
{ "type": "Feature", "properties": { "gridid": "271586", "time_bucket": null, "people_move_all": 0.0 }, "geometry": { "type": "Polygon", "coordinates": [ [ [ 121.405831548292923, 23.58732016448193 ], [ 121.403382151847083, 23.587326543539401 ], [ 121.403389052756793, 23.589584002240809 ], [ 121.405838491103168, 23.589577622500428 ], [ 121.405831548292923, 23.58732016448193 ] ] ] } },
{ "type": "Feature", "properties": { "gridid": "275583", "time_bucket": null, "people_move_all": 0.0 }, "geometry": { "type": "Polygon", "coordinates": [ [ [ 121.400973921237366, 23.600877630464439 ], [ 121.39852427159687, 23.600883936339823 ], [ 121.398531093796649, 23.603141392447942 ], [ 121.400980785369143, 23.603135085897783 ], [ 121.400973921237366, 23.600877630464439 ] ] ] } },
{ "type": "Feature", "properties": { "gridid": "295993", "time_bucket": null, "people_move_all": 0.0 }, "geometry": { "type": "Polygon", "coordinates": [ [ [ 121.484518929591303, 23.670620264629481 ], [ 121.482068009667572, 23.67062790952016 ], [ 121.482076289362993, 23.67288531992148 ], [ 121.484527251378182, 23.6728776742146 ], [ 121.484518929591303, 23.670620264629481 ] ] ] } },
{ "type": "Feature", "properties": { "gridid": "282880", "time_bucket": null, "people_move_all": 0.0 }, "geometry": { "type": "Polygon", "coordinates": [ [ [ 121.423100435431465, 23.625651043504714 ], [ 121.420650332132041, 23.625657704971079 ], [ 121.420657541574144, 23.627915147614967 ], [ 121.423107686862366, 23.627908485436354 ], [ 121.423100435431465, 23.625651043504714 ] ] ] } },
{ "type": "Feature", "properties": { "gridid": "286216", "time_bucket": null, "people_move_all": 0.0 }, "geometry": { "type": "Polygon", "coordinates": [ [ [ 121.464791885037926, 23.636819019128474 ], [ 121.462341587786355, 23.636826342144261 ], [ 121.462349515955225, 23.639083768821365 ], [ 121.464799855220463, 23.639076445022884 ], [ 121.464791885037926, 23.636819019128474 ] ] ] } },
{ "type": "Feature", "properties": { "gridid": "286875", "time_bucket": null, "people_move_all": 0.0 }, "geometry": { "type": "Polygon", "coordinates": [ [ [ 121.462349516052939, 23.639083768830353 ], [ 121.459899175802065, 23.639091053920019 ], [ 121.459907062937575, 23.641348480716363 ], [ 121.462357445207431, 23.64134119484812 ], [ 121.462349516052939, 23.639083768830353 ] ] ] } },
{ "type": "Feature", "properties": { "gridid": "301058", "time_bucket": null, "people_move_all": 0.0 }, "geometry": { "type": "Polygon", "coordinates": [ [ [ 121.50419555016191, 23.688616914737661 ], [ 121.501744301781486, 23.688624876551138 ], [ 121.501752926771786, 23.690882275021675 ], [ 121.504204217284837, 23.690874312358662 ], [ 121.50419555016191, 23.688616914737661 ] ] ] } },
{ "type": "Feature", "properties": { "gridid": "301057", "time_bucket": null, "people_move_all": 0.0 }, "geometry": { "type": "Polygon", "coordinates": [ [ [ 121.501744301763722, 23.688624876513334 ], [ 121.499293052312339, 23.688632799527991 ], [ 121.499301635169914, 23.69089019884392 ], [ 121.501752926754023, 23.690882274983863 ], [ 121.501744301763722, 23.688624876513334 ] ] ] } },
{ "type": "Feature", "properties": { "gridid": "288802", "time_bucket": null, "people_move_all": 0.0 }, "geometry": { "type": "Polygon", "coordinates": [ [ [ 121.398660876976095, 23.646032933413039 ], [ 121.396210386854335, 23.6460392140655 ], [ 121.396217184005678, 23.648296657676578 ], [ 121.398667716163899, 23.648290376353035 ], [ 121.398660876976095, 23.646032933413039 ] ] ] } },
{ "type": "Feature", "properties": { "gridid": "297900", "time_bucket": null, "people_move_all": 0.0 }, "geometry": { "type": "Polygon", "coordinates": [ [ [ 121.496799114311003, 23.677353673014512 ], [ 121.49434807331933, 23.677361514246186 ], [ 121.494356566635616, 23.679618918543749 ], [ 121.496807649734009, 23.679611076475105 ], [ 121.496799114311003, 23.677353673014512 ] ] ] } },
{ "type": "Feature", "properties": { "gridid": "283531", "time_bucket": null, "people_move_all": 0.0 }, "geometry": { "type": "Polygon", "coordinates": [ [ [ 121.393705885149416, 23.627985878089405 ], [ 121.391255729447934, 23.627992075994481 ], [ 121.391262435853221, 23.630249526204345 ], [ 121.393712633549498, 23.630243327636631 ], [ 121.393705885149416, 23.627985878089405 ] ] ] } },
{ "type": "Feature", "properties": { "gridid": "295305", "time_bucket": null, "people_move_all": 0.0 }, "geometry": { "type": "Polygon", "coordinates": [ [ [ 121.38402383080097, 23.668644475863641 ], [ 121.381572915085343, 23.668650530642122 ], [ 121.381579468154456, 23.670907971603153 ], [ 121.38403042595921, 23.670901916178199 ], [ 121.38402383080097, 23.668644475863641 ] ] ] } },
{ "type": "Feature", "properties": { "gridid": "284888", "time_bucket": null, "people_move_all": 0.0 }, "geometry": { "type": "Polygon", "coordinates": [ [ [ 121.469676371023809, 23.632289406443356 ], [ 121.467226159770377, 23.632296805286472 ], [ 121.467234169974617, 23.634554231712702 ], [ 121.469684423231143, 23.634546832078669 ], [ 121.469676371023809, 23.632289406443356 ] ] ] } },
{ "type": "Feature", "properties": { "gridid": "276920", "time_bucket": null, "people_move_all": 0.0 }, "geometry": { "type": "Polygon", "coordinates": [ [ [ 121.40833684611809, 23.605373387095852 ], [ 121.405887115186289, 23.605379810265386 ], [ 121.405894064910754, 23.607637263020685 ], [ 121.408343837784784, 23.607630839163928 ], [ 121.40833684611809, 23.605373387095852 ] ] ] } },
{ "type": "Feature", "properties": { "gridid": "278914", "time_bucket": null, "people_move_all": 0.0 }, "geometry": { "type": "Polygon", "coordinates": [ [ [ 121.401008250964594, 23.612164901019913 ], [ 121.398558391612013, 23.612171210269423 ], [ 121.39856521805639, 23.614428663087303 ], [ 121.401015119367031, 23.614422353162908 ], [ 121.401008250964594, 23.612164901019913 ] ] ] } },
{ "type": "Feature", "properties": { "gridid": "291414", "time_bucket": null, "people_move_all": 0.0 }, "geometry": { "type": "Polygon", "coordinates": [ [ [ 121.406040209000395, 23.655043618793851 ], [ 121.403589553267992, 23.655050018348547 ], [ 121.403596479971014, 23.657307457297847 ], [ 121.406047177760584, 23.657301057059563 ], [ 121.406040209000395, 23.655043618793851 ] ] ] } },
{ "type": "Feature", "properties": { "gridid": "285540", "time_bucket": null, "people_move_all": 0.0 }, "geometry": { "type": "Polygon", "coordinates": [ [ [ 121.440281320381743, 23.63463307338483 ], [ 121.437831055518899, 23.634640008609683 ], [ 121.437838562613635, 23.636897443545262 ], [ 121.440288869485656, 23.636890507579103 ], [ 121.440281320381743, 23.63463307338483 ] ] ] } },
{ "type": "Feature", "properties": { "gridid": "282862", "time_bucket": null, "people_move_all": 0.0 }, "geometry": { "type": "Polygon", "coordinates": [ [ [ 121.378998443004264, 23.625765030998803 ], [ 121.376548324368045, 23.62577099612642 ], [ 121.37655477800071, 23.628028450883534 ], [ 121.379004938626892, 23.628022485118116 ], [ 121.378998443004264, 23.625765030998803 ] ] ] } },
{ "type": "Feature", "properties": { "gridid": "276237", "time_bucket": null, "people_move_all": 0.0 }, "geometry": { "type": "Polygon", "coordinates": [ [ [ 121.369134730685744, 23.603214056733048 ], [ 121.366685028485918, 23.603219860905025 ], [ 121.36669130634526, 23.60547732475133 ], [ 121.369141050483051, 23.605471519958311 ], [ 121.369134730685744, 23.603214056733048 ] ] ] } },
{ "type": "Feature", "properties": { "gridid": "277586", "time_bucket": null, "people_move_all": 0.0 }, "geometry": { "type": "Polygon", "coordinates": [ [ [ 121.408343837655636, 23.607630839180786 ], [ 121.405894064781592, 23.607637263037546 ], [ 121.405901015370631, 23.609894715134725 ], [ 121.408350830192092, 23.609888290590717 ], [ 121.408343837655636, 23.607630839180786 ] ] ] } },
{ "type": "Feature", "properties": { "gridid": "282888", "time_bucket": null, "people_move_all": 0.0 }, "geometry": { "type": "Polygon", "coordinates": [ [ [ 121.442701228797759, 23.625596359080888 ], [ 121.440251132857654, 23.625603330025324 ], [ 121.440258678208096, 23.627860766855402 ], [ 121.442708816136431, 23.627853795165617 ], [ 121.442701228797759, 23.625596359080888 ] ] ] } },
{ "type": "Feature", "properties": { "gridid": "277596", "time_bucket": null, "people_move_all": 0.0 }, "geometry": { "type": "Polygon", "coordinates": [ [ [ 121.432841517453824, 23.607564474760643 ], [ 121.430391753512453, 23.607571285137023 ], [ 121.430399123572826, 23.609828730175618 ], [ 121.432848929460945, 23.609821919070644 ], [ 121.432841517453824, 23.607564474760643 ] ] ] } },
{ "type": "Feature", "properties": { "gridid": "280894", "time_bucket": null, "people_move_all": 0.0 }, "geometry": { "type": "Polygon", "coordinates": [ [ [ 121.391228912262363, 23.618962268506337 ], [ 121.388778923654314, 23.618968425087818 ], [ 121.388785584750664, 23.62122587858946 ], [ 121.391235615332704, 23.621219721349565 ], [ 121.391228912262363, 23.618962268506337 ] ] ] } },
{ "type": "Feature", "properties": { "gridid": "278265", "time_bucket": null, "people_move_all": 0.0 }, "geometry": { "type": "Polygon", "coordinates": [ [ [ 121.437748539090919, 23.609808180902043 ], [ 121.4352987350521, 23.609815069318536 ], [ 121.435306189933144, 23.612072512237347 ], [ 121.437756035923812, 23.612065623083957 ], [ 121.437748539090919, 23.609808180902043 ] ] ] } },
{ "type": "Feature", "properties": { "gridid": "286187", "time_bucket": null, "people_move_all": 0.0 }, "geometry": { "type": "Polygon", "coordinates": [ [ [ 121.393732883481462, 23.637015672279048 ], [ 121.391282559769465, 23.637021872834811 ], [ 121.391289269510722, 23.639279320410548 ], [ 121.393739635238404, 23.639273119192065 ], [ 121.393732883481462, 23.637015672279048 ] ] ] } },
{ "type": "Feature", "properties": { "gridid": "273583", "time_bucket": null, "people_move_all": 0.0 }, "geometry": { "type": "Polygon", "coordinates": [ [ [ 121.400953333631946, 23.594105260191302 ], [ 121.398503809756079, 23.594111564042485 ], [ 121.398510629409884, 23.596369022124179 ], [ 121.400960195202074, 23.596362717598289 ], [ 121.400953333631946, 23.594105260191302 ] ] ] } },
{ "type": "Feature", "properties": { "gridid": "295357", "time_bucket": null, "people_move_all": 0.0 }, "geometry": { "type": "Polygon", "coordinates": [ [ [ 121.511470195763152, 23.668276211332767 ], [ 121.509019329583282, 23.668284281786029 ], [ 121.509028071194223, 23.670541683642103 ], [ 121.511478979459412, 23.670533612327137 ], [ 121.511470195763152, 23.668276211332767 ] ] ] } },
{ "type": "Feature", "properties": { "gridid": "283547", "time_bucket": null, "people_move_all": 0.0 }, "geometry": { "type": "Polygon", "coordinates": [ [ [ 121.43290825916948, 23.627881449840491 ], [ 121.430458117519436, 23.627888266775159 ], [ 121.430465495833644, 23.630145705886456 ], [ 121.432915679477446, 23.630138888222966 ], [ 121.43290825916948, 23.627881449840491 ] ] ] } },
{ "type": "Feature", "properties": { "gridid": "280244", "time_bucket": null, "people_move_all": 0.0 }, "geometry": { "type": "Polygon", "coordinates": [ [ [ 121.415721629566249, 23.616641129057896 ], [ 121.413271691496973, 23.616647671669892 ], [ 121.413278771449683, 23.618905119059704 ], [ 121.415728751487066, 23.618898575747959 ], [ 121.415721629566249, 23.616641129057896 ] ] ] } },
{ "type": "Feature", "properties": { "gridid": "282884", "time_bucket": null, "people_move_all": 0.0 }, "geometry": { "type": "Polygon", "coordinates": [ [ [ 121.432900839635238, 23.625624010776022 ], [ 121.430450739973679, 23.625630826981894 ], [ 121.43045811737052, 23.627888266751967 ], [ 121.432908259020579, 23.627881449817306 ], [ 121.432900839635238, 23.625624010776022 ] ] ] } },
{ "type": "Feature", "properties": { "gridid": "298531", "time_bucket": null, "people_move_all": 0.0 }, "geometry": { "type": "Polygon", "coordinates": [ [ [ 121.4943565664191, 23.679618918599559 ], [ 121.491905482265722, 23.679626721885736 ], [ 121.491913934524902, 23.681884126355598 ], [ 121.494365060790301, 23.681876322236558 ], [ 121.4943565664191, 23.679618918599559 ] ] ] } },
{ "type": "Feature", "properties": { "gridid": "284870", "time_bucket": null, "people_move_all": 0.0 }, "geometry": { "type": "Polygon", "coordinates": [ [ [ 121.425572420620597, 23.632416665031375 ], [ 121.423122192240996, 23.632423367331924 ], [ 121.423129446377217, 23.634680807287303 ], [ 121.425579716761206, 23.634674104270285 ], [ 121.425572420620597, 23.632416665031375 ] ] ] } },
{ "type": "Feature", "properties": { "gridid": "280247", "time_bucket": null, "people_move_all": 0.0 }, "geometry": { "type": "Polygon", "coordinates": [ [ [ 121.423071438277844, 23.61662126921404 ], [ 121.42062150288136, 23.61662792783163 ], [ 121.420628708738178, 23.618885373109784 ], [ 121.423078686102571, 23.618878713780038 ], [ 121.423071438277844, 23.61662126921404 ] ] ] } },
{ "type": "Feature", "properties": { "gridid": "277575", "time_bucket": null, "people_move_all": 0.0 }, "geometry": { "type": "Polygon", "coordinates": [ [ [ 121.381396288980113, 23.607699375714908 ], [ 121.378946506882798, 23.607705374393749 ], [ 121.378952996045797, 23.609962833777772 ], [ 121.381402820091267, 23.609956834457165 ], [ 121.381396288980113, 23.607699375714908 ] ] ] } },
{ "type": "Feature", "properties": { "gridid": "284868", "time_bucket": null, "people_move_all": 0.0 }, "geometry": { "type": "Polygon", "coordinates": [ [ [ 121.420671963524299, 23.632430030916435 ], [ 121.418221733346215, 23.632436655822204 ], [ 121.418228903473477, 23.634694097198075 ], [ 121.420679175656076, 23.634687471584126 ], [ 121.420671963524299, 23.632430030916435 ] ] ] } },
{ "type": "Feature", "properties": { "gridid": "296631", "time_bucket": null, "people_move_all": 0.0 }, "geometry": { "type": "Polygon", "coordinates": [ [ [ 121.491880131418057, 23.672854504529287 ], [ 121.489429172519962, 23.672862266546918 ], [ 121.489437579533742, 23.675119673826867 ], [ 121.491888580528283, 23.675111910980597 ], [ 121.491880131418057, 23.672854504529287 ] ] ] } },
{ "type": "Feature", "properties": { "gridid": "276910", "time_bucket": null, "people_move_all": 0.0 }, "geometry": { "type": "Polygon", "coordinates": [ [ [ 121.383839498035954, 23.605435879604933 ], [ 121.381389758693871, 23.605441916290701 ], [ 121.381396288992605, 23.607699375690853 ], [ 121.383846070277556, 23.607693338359212 ], [ 121.383839498035954, 23.605435879604933 ] ] ] } },
{ "type": "Feature", "properties": { "gridid": "275575", "time_bucket": null, "people_move_all": 0.0 }, "geometry": { "type": "Polygon", "coordinates": [ [ [ 121.381376701288133, 23.600926995492301 ], [ 121.37892704500392, 23.600932992245994 ], [ 121.378933531745602, 23.603190453603489 ], [ 121.381383229962296, 23.603184456208098 ], [ 121.381376701288133, 23.600926995492301 ] ] ] } },
{ "type": "Feature", "properties": { "gridid": "304174", "time_bucket": null, "people_move_all": 0.0 }, "geometry": { "type": "Polygon", "coordinates": [ [ [ 121.504238896835119, 23.699903896163551 ], [ 121.501787437739125, 23.699911862224976 ], [ 121.501796068085525, 23.702169257390622 ], [ 121.504247569340336, 23.702161290479523 ], [ 121.504238896835119, 23.699903896163551 ] ] ] } },
{ "type": "Feature", "properties": { "gridid": "276908", "time_bucket": null, "people_move_all": 0.0 }, "geometry": { "type": "Polygon", "coordinates": [ [ [ 121.378940018788597, 23.605447914311874 ], [ 121.376490277827074, 23.605453873700267 ], [ 121.376496724239928, 23.607711334379765 ], [ 121.37894650714442, 23.607705374353774 ], [ 121.378940018788597, 23.605447914311874 ] ] ] } },
{ "type": "Feature", "properties": { "gridid": "282234", "time_bucket": null, "people_move_all": 0.0 }, "geometry": { "type": "Polygon", "coordinates": [ [ [ 121.452493848408622, 23.623310654771306 ], [ 121.450043798256175, 23.623317779691504 ], [ 121.450051510600048, 23.625575214174329 ], [ 121.452501602735211, 23.62556808849228 ], [ 121.452493848408622, 23.623310654771306 ] ] ] } },
{ "type": "Feature", "properties": { "gridid": "279566", "time_bucket": null, "people_move_all": 0.0 }, "geometry": { "type": "Polygon", "coordinates": [ [ [ 121.374066158844329, 23.614489635782135 ], [ 121.371616248480521, 23.61449552039042 ], [ 121.371622614173674, 23.616752979701204 ], [ 121.374072566501468, 23.616747094463499 ], [ 121.374066158844329, 23.614489635782135 ] ] ] } },
{ "type": "Feature", "properties": { "gridid": "287507", "time_bucket": null, "people_move_all": 0.0 }, "geometry": { "type": "Polygon", "coordinates": [ [ [ 121.40354801091641, 23.641505370787058 ], [ 121.401097606556903, 23.641511727526304 ], [ 121.401104486070679, 23.64376917110879 ], [ 121.403554932456075, 23.64376281369022 ], [ 121.40354801091641, 23.641505370787058 ] ] ] } },
{ "type": "Feature", "properties": { "gridid": "292060", "time_bucket": null, "people_move_all": 0.0 }, "geometry": { "type": "Polygon", "coordinates": [ [ [ 121.393793679879508, 23.657332670756514 ], [ 121.391342977838221, 23.657338877277606 ], [ 121.391349695089133, 23.659596318923771 ], [ 121.393800439193114, 23.659590111739753 ], [ 121.393793679879508, 23.657332670756514 ] ] ] } },
{ "type": "Feature", "properties": { "gridid": "280228", "time_bucket": null, "people_move_all": 0.0 }, "geometry": { "type": "Polygon", "coordinates": [ [ [ 121.376522518046073, 23.616741170576926 ], [ 121.374072566515267, 23.616747094484122 ], [ 121.374078974969365, 23.619004552507462 ], [ 121.37652896846933, 23.618998627966693 ], [ 121.376522518046073, 23.616741170576926 ] ] ] } },
{ "type": "Feature", "properties": { "gridid": "288828", "time_bucket": null, "people_move_all": 0.0 }, "geometry": { "type": "Polygon", "coordinates": [ [ [ 121.462373306614495, 23.645856044950012 ], [ 121.459922840291014, 23.645863332375505 ], [ 121.459930730368185, 23.648120757193603 ], [ 121.462381238726309, 23.648113468989447 ], [ 121.462373306614495, 23.645856044950012 ] ] ] } },
{ "type": "Feature", "properties": { "gridid": "288185", "time_bucket": null, "people_move_all": 0.0 }, "geometry": { "type": "Polygon", "coordinates": [ [ [ 121.469716642560968, 23.643576528011838 ], [ 121.467266221239896, 23.6435839308098 ], [ 121.467274236424487, 23.645841353939041 ], [ 121.46972469977473, 23.645833950350031 ], [ 121.469716642560968, 23.643576528011838 ] ] ] } },
{ "type": "Feature", "properties": { "gridid": "290761", "time_bucket": null, "people_move_all": 0.0 }, "geometry": { "type": "Polygon", "coordinates": [ [ [ 121.410934465485738, 23.652773265859356 ], [ 121.408483853542236, 23.652779742200412 ], [ 121.408490863488353, 23.655037180437539 ], [ 121.410941517483636, 23.655030703404634 ], [ 121.410934465485738, 23.652773265859356 ] ] ] } },
{ "type": "Feature", "properties": { "gridid": "278905", "time_bucket": null, "people_move_all": 0.0 }, "geometry": { "type": "Polygon", "coordinates": [ [ [ 121.378959486503945, 23.612220292440732 ], [ 121.376509619697813, 23.612226253742012 ], [ 121.376516068516722, 23.614483712447807 ], [ 121.378965977281496, 23.614477750508854 ], [ 121.378959486503945, 23.612220292440732 ] ] ] } },
{ "type": "Feature", "properties": { "gridid": "278918", "time_bucket": null, "people_move_all": 0.0 }, "geometry": { "type": "Polygon", "coordinates": [ [ [ 121.410807679324506, 23.612139277465115 ], [ 121.408357823420317, 23.612145741356887 ], [ 121.408364817696565, 23.614403191450396 ], [ 121.410814715558558, 23.614396726867195 ], [ 121.410807679324506, 23.612139277465115 ] ] ] } },
{ "type": "Feature", "properties": { "gridid": "290793", "time_bucket": null, "people_move_all": 0.0 }, "geometry": { "type": "Polygon", "coordinates": [ [ [ 121.489353556357699, 23.652545571244744 ], [ 121.486902975048764, 23.652553287072919 ], [ 121.486911330617559, 23.654810701118635 ], [ 121.489361953975973, 23.654802984466205 ], [ 121.489353556357699, 23.652545571244744 ] ] ] } },
{ "type": "Feature", "properties": { "gridid": "284869", "time_bucket": null, "people_move_all": 0.0 }, "geometry": { "type": "Polygon", "coordinates": [ [ [ 121.423122192073734, 23.632423367322851 ], [ 121.420671962792284, 23.632430030926038 ], [ 121.420679174924032, 23.634687471593725 ], [ 121.423129446209956, 23.634680807278222 ], [ 121.423122192073734, 23.632423367322851 ] ] ] } },
{ "type": "Feature", "properties": { "gridid": "288833", "time_bucket": null, "people_move_all": 0.0 }, "geometry": { "type": "Polygon", "coordinates": [ [ [ 121.47462562303761, 23.64581902701978 ], [ 121.472175161695617, 23.645826508050817 ], [ 121.472183261945247, 23.648083928934227 ], [ 121.474633765321499, 23.648076447103854 ], [ 121.47462562303761, 23.64581902701978 ] ] ] } },
{ "type": "Feature", "properties": { "gridid": "295998", "time_bucket": null, "people_move_all": 0.0 }, "geometry": { "type": "Polygon", "coordinates": [ [ [ 121.496773513752714, 23.670581458680751 ], [ 121.49432259904988, 23.670589297401655 ], [ 121.494331089201737, 23.672846703680602 ], [ 121.49678204599563, 23.672838864122806 ], [ 121.496773513752714, 23.670581458680751 ] ] ] } },
{ "type": "Feature", "properties": { "gridid": "297895", "time_bucket": null, "people_move_all": 0.0 }, "geometry": { "type": "Polygon", "coordinates": [ [ [ 121.484543898189429, 23.677392491394084 ], [ 121.482092851975651, 23.677400138733436 ], [ 121.482101134757016, 23.679657547153774 ], [ 121.484552223077927, 23.679649898998139 ], [ 121.484543898189429, 23.677392491394084 ] ] ] } },
{ "type": "Feature", "properties": { "gridid": "286867", "time_bucket": null, "people_move_all": 0.0 }, "geometry": { "type": "Polygon", "coordinates": [ [ [ 121.442746766978473, 23.639140965718578 ], [ 121.440296419030659, 23.639147941135434 ], [ 121.440303970011726, 23.641405374011519 ], [ 121.442754359979105, 23.64139839784918 ], [ 121.442746766978473, 23.639140965718578 ] ] ] } },
{ "type": "Feature", "properties": { "gridid": "292742", "time_bucket": null, "people_move_all": 0.0 }, "geometry": { "type": "Polygon", "coordinates": [ [ [ 121.469773064221044, 23.65937847054818 ], [ 121.467322348585867, 23.659385878884031 ], [ 121.467330370746097, 23.661643297395464 ], [ 121.469781128447039, 23.661635888268389 ], [ 121.469773064221044, 23.65937847054818 ] ] ] } },
{ "type": "Feature", "properties": { "gridid": "280259", "time_bucket": null, "people_move_all": 0.0 }, "geometry": { "type": "Polygon", "coordinates": [ [ [ 121.452470591892492, 23.616538349627312 ], [ 121.450020667656872, 23.616545472262096 ], [ 121.450028377123999, 23.618802908721431 ], [ 121.452478343326661, 23.618795785324867 ], [ 121.452470591892492, 23.616538349627312 ] ] ] } },
{ "type": "Feature", "properties": { "gridid": "294663", "time_bucket": null, "people_move_all": 0.0 }, "geometry": { "type": "Polygon", "coordinates": [ [ [ 121.396271591883888, 23.666356182799323 ], [ 121.393820722400548, 23.666362430732356 ], [ 121.393827485074354, 23.668619869078888 ], [ 121.39627839664125, 23.668613620478709 ], [ 121.396271591883888, 23.666356182799323 ] ] ] } },
{ "type": "Feature", "properties": { "gridid": "285538", "time_bucket": null, "people_move_all": 0.0 }, "geometry": { "type": "Polygon", "coordinates": [ [ [ 121.435380789321641, 23.634646905148841 ], [ 121.43293052259753, 23.634653762971318 ], [ 121.4329379456737, 23.636911199377078 ], [ 121.43538825440713, 23.636904340821584 ], [ 121.435380789321641, 23.634646905148841 ] ] ] } },
{ "type": "Feature", "properties": { "gridid": "304790", "time_bucket": null, "people_move_all": 0.0 }, "geometry": { "type": "Polygon", "coordinates": [ [ [ 121.509150568134189, 23.702145240199048 ], [ 121.506699069038007, 23.702153284757266 ], [ 121.506707784783885, 23.704410677558254 ], [ 121.509159326043928, 23.704402632142049 ], [ 121.509150568134189, 23.702145240199048 ] ] ] } },
{ "type": "Feature", "properties": { "gridid": "282868", "time_bucket": null, "people_move_all": 0.0 }, "geometry": { "type": "Polygon", "coordinates": [ [ [ 121.393699137572838, 23.625728427892014 ], [ 121.391249023860908, 23.62573462513447 ], [ 121.391255729432388, 23.627992076002752 ], [ 121.393705885133841, 23.627985878097675 ], [ 121.393699137572838, 23.625728427892014 ] ] ] } },
{ "type": "Feature", "properties": { "gridid": "281560", "time_bucket": null, "people_move_all": 0.0 }, "geometry": { "type": "Polygon", "coordinates": [ [ [ 121.413285852083391, 23.621162565705138 ], [ 121.410835829192052, 23.621169071039734 ], [ 121.410842868927304, 23.623426517808312 ], [ 121.413292933797266, 23.623420011778055 ], [ 121.413285852083391, 23.621162565705138 ] ] ] } },
{ "type": "Feature", "properties": { "gridid": "272248", "time_bucket": null, "people_move_all": 0.0 }, "geometry": { "type": "Polygon", "coordinates": [ [ [ 121.398490173951728, 23.589596645882651 ], [ 121.396040733044472, 23.589602909765137 ], [ 121.396047509095311, 23.59186036983283 ], [ 121.39849699190853, 23.591854105279815 ], [ 121.398490173951728, 23.589596645882651 ] ] ] } },
{ "type": "Feature", "properties": { "gridid": "283529", "time_bucket": null, "people_move_all": 0.0 }, "geometry": { "type": "Polygon", "coordinates": [ [ [ 121.388805572975471, 23.62799823522073 ], [ 121.386355415611547, 23.628004355746132 ], [ 121.386362038027059, 23.630261807268862 ], [ 121.388812237385906, 23.630255686089097 ], [ 121.388805572975471, 23.62799823522073 ] ] ] } },
{ "type": "Feature", "properties": { "gridid": "282866", "time_bucket": null, "people_move_all": 0.0 }, "geometry": { "type": "Polygon", "coordinates": [ [ [ 121.388798909393643, 23.625740783619236 ], [ 121.386348794019412, 23.625746903490295 ], [ 121.386355415611519, 23.628004355671393 ], [ 121.388805572975443, 23.627998235145991 ], [ 121.388798909393643, 23.625740783619236 ] ] ] } },
{ "type": "Feature", "properties": { "gridid": "294666", "time_bucket": null, "people_move_all": 0.0 }, "geometry": { "type": "Polygon", "coordinates": [ [ [ 121.403624195482806, 23.66633720646939 ], [ 121.401173328551238, 23.666343570682393 ], [ 121.401180217475527, 23.668601007015059 ], [ 121.403631126490438, 23.668594642122489 ], [ 121.403624195482806, 23.66633720646939 ] ] ] } },
{ "type": "Feature", "properties": { "gridid": "280922", "time_bucket": null, "people_move_all": 0.0 }, "geometry": { "type": "Polygon", "coordinates": [ [ [ 121.459828235983096, 23.618774183119655 ], [ 121.457378272688302, 23.618781422531569 ], [ 121.457386109030864, 23.621038856034286 ], [ 121.45983611429773, 23.62103161584816 ], [ 121.459828235983096, 23.618774183119655 ] ] ] } },
{ "type": "Feature", "properties": { "gridid": "276239", "time_bucket": null, "people_move_all": 0.0 }, "geometry": { "type": "Polygon", "coordinates": [ [ [ 121.374034131959007, 23.603202332513483 ], [ 121.371584431336785, 23.603208213974959 ], [ 121.371590793072031, 23.605465676575037 ], [ 121.374040535632133, 23.605459794484243 ], [ 121.374034131959007, 23.603202332513483 ] ] ] } },
{ "type": "Feature", "properties": { "gridid": "295352", "time_bucket": null, "people_move_all": 0.0 }, "geometry": { "type": "Polygon", "coordinates": [ [ [ 121.49921585466565, 23.66831617600813 ], [ 121.496764983108434, 23.66832405265389 ], [ 121.496773514291476, 23.670581458756345 ], [ 121.49922442793445, 23.670573581269583 ], [ 121.49921585466565, 23.66831617600813 ] ] ] } },
{ "type": "Feature", "properties": { "gridid": "274239", "time_bucket": null, "people_move_all": 0.0 }, "geometry": { "type": "Polygon", "coordinates": [ [ [ 121.376464499899456, 23.596424024471975 ], [ 121.374014925856002, 23.596429942677915 ], [ 121.374021327139474, 23.598687406621732 ], [ 121.37647094310509, 23.598681487782407 ], [ 121.376464499899456, 23.596424024471975 ] ] ] } },
{ "type": "Feature", "properties": { "gridid": "280232", "time_bucket": null, "people_move_all": 0.0 }, "geometry": { "type": "Polygon", "coordinates": [ [ [ 121.386322315487988, 23.616717088221908 ], [ 121.383872367197299, 23.616723166806562 ], [ 121.383878943527577, 23.618980622270783 ], [ 121.386328933787155, 23.618974543036003 ], [ 121.386322315487988, 23.616717088221908 ] ] ] } },
{ "type": "Feature", "properties": { "gridid": "304175", "time_bucket": null, "people_move_all": 0.0 }, "geometry": { "type": "Polygon", "coordinates": [ [ [ 121.506690354217397, 23.699895891279699 ], [ 121.504238896198032, 23.699903896160567 ], [ 121.504247568703221, 23.702161290476543 ], [ 121.506699068881318, 23.702153284741854 ], [ 121.506690354217397, 23.699895891279699 ] ] ] } },
{ "type": "Feature", "properties": { "gridid": "275574", "time_bucket": null, "people_move_all": 0.0 }, "geometry": { "type": "Polygon", "coordinates": [ [ [ 121.378927044657928, 23.600932992292709 ], [ 121.376477387566709, 23.600938950405947 ], [ 121.37648383237584, 23.603196412401005 ], [ 121.378933531399611, 23.603190453650203 ], [ 121.378927044657928, 23.600932992292709 ] ] ] } },
{ "type": "Feature", "properties": { "gridid": "281583", "time_bucket": null, "people_move_all": 0.0 }, "geometry": { "type": "Polygon", "coordinates": [ [ [ 121.469636125551034, 23.621002268375122 ], [ 121.467186124234701, 23.621009663264068 ], [ 121.467194129460509, 23.623267092986094 ], [ 121.469644172753831, 23.623259697306366 ], [ 121.469636125551034, 23.621002268375122 ] ] ] } },
{ "type": "Feature", "properties": { "gridid": "282894", "time_bucket": null, "people_move_all": 0.0 }, "geometry": { "type": "Polygon", "coordinates": [ [ [ 121.457401784964361, 23.625553721101131 ], [ 121.454951694762997, 23.625560924151642 ], [ 121.454959492041752, 23.627818356447641 ], [ 121.45740962423092, 23.627811152626972 ], [ 121.457401784964361, 23.625553721101131 ] ] ] } },
{ "type": "Feature", "properties": { "gridid": "274922", "time_bucket": null, "people_move_all": 0.0 }, "geometry": { "type": "Polygon", "coordinates": [ [ [ 121.415664686319204, 23.598581531827772 ], [ 121.413215083806975, 23.598588068842616 ], [ 121.413222156717609, 23.600845521498087 ], [ 121.415671801156222, 23.600838983783678 ], [ 121.415664686319204, 23.598581531827772 ] ] ] } },
{ "type": "Feature", "properties": { "gridid": "277592", "time_bucket": null, "people_move_all": 0.0 }, "geometry": { "type": "Polygon", "coordinates": [ [ [ 121.423042456165462, 23.607591484323546 ], [ 121.420592688588414, 23.607598140092758 ], [ 121.420599890861055, 23.609855588004411 ], [ 121.423049700385107, 23.609848931523139 ], [ 121.423042456165462, 23.607591484323546 ] ] ] } },
{ "type": "Feature", "properties": { "gridid": "278934", "time_bucket": null, "people_move_all": 0.0 }, "geometry": { "type": "Polygon", "coordinates": [ [ [ 121.450005251352266, 23.612030597381288 ], [ 121.447555410076475, 23.612037679833083 ], [ 121.447563075669407, 23.614295118367444 ], [ 121.450012958901894, 23.614288035158058 ], [ 121.450005251352266, 23.612030597381288 ] ] ] } },
{ "type": "Feature", "properties": { "gridid": "273585", "time_bucket": "2025-09-23T13:55:00", "people_move_all": 3.35 }, "geometry": { "type": "Polygon", "coordinates": [ [ [ 121.40585237885935, 23.594092536642624 ], [ 121.403402856696189, 23.594098917748891 ], [ 121.403409760182569, 23.596356374477025 ], [ 121.405859324261925, 23.596349992687777 ], [ 121.40585237885935, 23.594092536642624 ] ] ] } },
{ "type": "Feature", "properties": { "gridid": "299164", "time_bucket": null, "people_move_all": 0.0 }, "geometry": { "type": "Polygon", "coordinates": [ [ [ 121.499267309774041, 23.681860597663359 ], [ 121.496816185623942, 23.681868479355529 ], [ 121.496824723167379, 23.684125881494904 ], [ 121.499275889434614, 23.684117998961561 ], [ 121.499267309774041, 23.681860597663359 ] ] ] } },
{ "type": "Feature", "properties": { "gridid": "278268", "time_bucket": null, "people_move_all": 0.0 }, "geometry": { "type": "Polygon", "coordinates": [ [ [ 121.445097944756824, 23.609787283633302 ], [ 121.442648143531045, 23.609794288016598 ], [ 121.442655724267382, 23.612051728712316 ], [ 121.445105567444784, 23.612044723579714 ], [ 121.445097944756824, 23.609787283633302 ] ] ] } },
{ "type": "Feature", "properties": { "gridid": "273586", "time_bucket": null, "people_move_all": 0.0 }, "geometry": { "type": "Polygon", "coordinates": [ [ [ 121.408301900469155, 23.594086116871413 ], [ 121.40585237917017, 23.594092536605142 ], [ 121.405859324572774, 23.5963499926503 ], [ 121.408308887787882, 23.596343572229454 ], [ 121.408301900469155, 23.594086116871413 ] ] ] } },
{ "type": "Feature", "properties": { "gridid": "274918", "time_bucket": null, "people_move_all": 0.0 }, "geometry": { "type": "Polygon", "coordinates": [ [ [ 121.405866270916491, 23.598607448016473 ], [ 121.403416664915696, 23.59861383048872 ], [ 121.403423570120211, 23.6008712859011 ], [ 121.405873218047631, 23.600864902745826 ], [ 121.405866270916491, 23.598607448016473 ] ] ] } },
{ "type": "Feature", "properties": { "gridid": "280225", "time_bucket": null, "people_move_all": 0.0 }, "geometry": { "type": "Polygon", "coordinates": [ [ [ 121.369172661187534, 23.616758826240169 ], [ 121.36672270728144, 23.616764634138733 ], [ 121.36672898982782, 23.619022094037991 ], [ 121.369178985703215, 23.619016285518256 ], [ 121.369172661187534, 23.616758826240169 ] ] ] } },
{ "type": "Feature", "properties": { "gridid": "286843", "time_bucket": null, "people_move_all": 0.0 }, "geometry": { "type": "Polygon", "coordinates": [ [ [ 121.383938167765635, 23.639297691788681 ], [ 121.381487798732678, 23.63930373816487 ], [ 121.381494341223814, 23.641561187691583 ], [ 121.383944752277927, 23.641555140669194 ], [ 121.383938167765635, 23.639297691788681 ] ] ] } },
{ "type": "Feature", "properties": { "gridid": "281582", "time_bucket": null, "people_move_all": 0.0 }, "geometry": { "type": "Polygon", "coordinates": [ [ [ 121.467186124037255, 23.621009663218562 ], [ 121.464736121725451, 23.6210170194319 ], [ 121.464744084974228, 23.623274449940578 ], [ 121.467194129263063, 23.623267092940598 ], [ 121.467186124037255, 23.621009663218562 ] ] ] } },
{ "type": "Feature", "properties": { "gridid": "274926", "time_bucket": null, "people_move_all": 0.0 }, "geometry": { "type": "Polygon", "coordinates": [ [ [ 121.42546308768074, 23.598554997372606 ], [ 121.423013488740509, 23.598561688929152 ], [ 121.42302072935621, 23.600819138761569 ], [ 121.42547037022257, 23.600812446488924 ], [ 121.42546308768074, 23.598554997372606 ] ] ] } },
{ "type": "Feature", "properties": { "gridid": "272261", "time_bucket": null, "people_move_all": 0.0 }, "geometry": { "type": "Polygon", "coordinates": [ [ [ 121.430332825847756, 23.589511701092167 ], [ 121.427883396376458, 23.589518467021975 ], [ 121.427890717199688, 23.591775918050303 ], [ 121.430340188576082, 23.591769151396221 ], [ 121.430332825847756, 23.589511701092167 ] ] ] } },
{ "type": "Feature", "properties": { "gridid": "284196", "time_bucket": null, "people_move_all": 0.0 }, "geometry": { "type": "Polygon", "coordinates": [ [ [ 121.401063221462138, 23.630224499749335 ], [ 121.398613026298875, 23.63023081439858 ], [ 121.398619859537945, 23.632488261949593 ], [ 121.401070096701005, 23.63248194662528 ], [ 121.401063221462138, 23.630224499749335 ] ] ] } },
{ "type": "Feature", "properties": { "gridid": "282219", "time_bucket": null, "people_move_all": 0.0 }, "geometry": { "type": "Polygon", "coordinates": [ [ [ 121.415742998201395, 23.623413467094391 ], [ 121.413292934212151, 23.62342001180571 ], [ 121.413300016806744, 23.625677457220103 ], [ 121.415750122779755, 23.625670911808967 ], [ 121.415742998201395, 23.623413467094391 ] ] ] } },
{ "type": "Feature", "properties": { "gridid": "277577", "time_bucket": null, "people_move_all": 0.0 }, "geometry": { "type": "Polygon", "coordinates": [ [ [ 121.386295851217056, 23.607687262408032 ], [ 121.383846070749726, 23.60769333839243 ], [ 121.38385264380895, 23.609950796488786 ], [ 121.386302466224294, 23.609944719854351 ], [ 121.386295851217056, 23.607687262408032 ] ] ] } },
{ "type": "Feature", "properties": { "gridid": "292748", "time_bucket": null, "people_move_all": 0.0 }, "geometry": { "type": "Polygon", "coordinates": [ [ [ 121.484477336979282, 23.659333206822009 ], [ 121.482026627434351, 23.65934084763213 ], [ 121.482034901988087, 23.66159826133411 ], [ 121.484485653598313, 23.66159061970793 ], [ 121.484477336979282, 23.659333206822009 ] ] ] } },
{ "type": "Feature", "properties": { "gridid": "275584", "time_bucket": null, "people_move_all": 0.0 }, "geometry": { "type": "Polygon", "coordinates": [ [ [ 121.403423569844435, 23.600871285882878 ], [ 121.400973921057854, 23.600877630398237 ], [ 121.400980785189631, 23.603135085831578 ], [ 121.403430475908081, 23.603128740637313 ], [ 121.403423569844435, 23.600871285882878 ] ] ] } },
{ "type": "Feature", "properties": { "gridid": "274238", "time_bucket": null, "people_move_all": 0.0 }, "geometry": { "type": "Polygon", "coordinates": [ [ [ 121.374014926258766, 23.596429942672444 ], [ 121.371565351418894, 23.596435822246107 ], [ 121.371571710780117, 23.598693286819177 ], [ 121.374021327542224, 23.598687406616257 ], [ 121.374014926258766, 23.596429942672444 ] ] ] } },
{ "type": "Feature", "properties": { "gridid": "281566", "time_bucket": null, "people_move_all": 0.0 }, "geometry": { "type": "Polygon", "coordinates": [ [ [ 121.427985971467095, 23.621122721499042 ], [ 121.425535953937825, 23.621129458894305 ], [ 121.425543245543778, 23.623386901426883 ], [ 121.42799330505126, 23.623380163311143 ], [ 121.427985971467095, 23.621122721499042 ] ] ] } },
{ "type": "Feature", "properties": { "gridid": "276255", "time_bucket": null, "people_move_all": 0.0 }, "geometry": { "type": "Polygon", "coordinates": [ [ [ 121.413229230773979, 23.603102973458377 ], [ 121.410779543523702, 23.603109473228539 ], [ 121.410786576257593, 23.605366925263361 ], [ 121.413236305444755, 23.60536042479772 ], [ 121.413229230773979, 23.603102973458377 ] ] ] } },
{ "type": "Feature", "properties": { "gridid": "294665", "time_bucket": null, "people_move_all": 0.0 }, "geometry": { "type": "Polygon", "coordinates": [ [ [ 121.401173327952421, 23.666343570710609 ], [ 121.398722460165061, 23.666349896163673 ], [ 121.39872930700588, 23.668607333171764 ], [ 121.401180216876696, 23.668601007043279 ], [ 121.401173327952421, 23.666343570710609 ] ] ] } },
{ "type": "Feature", "properties": { "gridid": "280914", "time_bucket": "2025-09-23T13:55:00", "people_move_all": 3.35 }, "geometry": { "type": "Polygon", "coordinates": [ [ [ 121.440228502697465, 23.618831015576671 ], [ 121.437778531752755, 23.618837945613095 ], [ 121.437786032316239, 23.621095385160658 ], [ 121.44023604523359, 23.621088454383095 ], [ 121.440228502697465, 23.618831015576671 ] ] ] } },
{ "type": "Feature", "properties": { "gridid": "284213", "time_bucket": null, "people_move_all": 0.0 }, "geometry": { "type": "Polygon", "coordinates": [ [ [ 121.442716404847701, 23.630111230593403 ], [ 121.440266224925907, 23.630118203028555 ], [ 121.440273772152949, 23.632375638540818 ], [ 121.442723994073418, 23.632368665360282 ], [ 121.442716404847701, 23.630111230593403 ] ] ] } },
{ "type": "Feature", "properties": { "gridid": "292749", "time_bucket": null, "people_move_all": 0.0 }, "geometry": { "type": "Polygon", "coordinates": [ [ [ 121.486928045429963, 23.659325527258336 ], [ 121.484477336918388, 23.659333206813947 ], [ 121.484485653537405, 23.661590619699862 ], [ 121.486936404114232, 23.66158293932406 ], [ 121.486928045429963, 23.659325527258336 ] ] ] } },
{ "type": "Feature", "properties": { "gridid": "274921", "time_bucket": null, "people_move_all": 0.0 }, "geometry": { "type": "Polygon", "coordinates": [ [ [ 121.413215083722392, 23.598588068796801 ], [ 121.410765480330198, 23.598594567176079 ], [ 121.41077251131442, 23.600852020526982 ], [ 121.413222156633054, 23.600845521452275 ], [ 121.413215083722392, 23.598588068796801 ] ] ] } },
{ "type": "Feature", "properties": { "gridid": "283562", "time_bucket": null, "people_move_all": 0.0 }, "geometry": { "type": "Polygon", "coordinates": [ [ [ 121.469660270026964, 23.627774553176028 ], [ 121.467210142764046, 23.627781950437399 ], [ 121.467218150976677, 23.630039378182094 ], [ 121.469668320232245, 23.630031980129857 ], [ 121.469660270026964, 23.627774553176028 ] ] ] } },
{ "type": "Feature", "properties": { "gridid": "272917", "time_bucket": null, "people_move_all": 0.0 }, "geometry": { "type": "Polygon", "coordinates": [ [ [ 121.405845434334623, 23.591835079955711 ], [ 121.403395954082455, 23.591841460379015 ], [ 121.403402856709874, 23.594098917764963 ], [ 121.405852378873035, 23.594092536658696 ], [ 121.405845434334623, 23.591835079955711 ] ] ] } },
{ "type": "Feature", "properties": { "gridid": "307250", "time_bucket": null, "people_move_all": 0.0 }, "geometry": { "type": "Polygon", "coordinates": [ [ [ 121.51654060339196, 23.711150427040074 ], [ 121.51408893888707, 23.711158591550255 ], [ 121.51409778551573, 23.713415979119333 ], [ 121.516549492205172, 23.713407813738627 ], [ 121.51654060339196, 23.711150427040074 ] ] ] } },
{ "type": "Feature", "properties": { "gridid": "286215", "time_bucket": null, "people_move_all": 0.0 }, "geometry": { "type": "Polygon", "coordinates": [ [ [ 121.46234158753758, 23.636826342190496 ], [ 121.459891289300458, 23.636833626501591 ], [ 121.459899175455561, 23.639091053957255 ], [ 121.462349515706435, 23.639083768867604 ], [ 121.46234158753758, 23.636826342190496 ] ] ] } },
{ "type": "Feature", "properties": { "gridid": "285547", "time_bucket": null, "people_move_all": 0.0 }, "geometry": { "type": "Polygon", "coordinates": [ [ [ 121.457433147011017, 23.634583443176883 ], [ 121.454982888827161, 23.634590649308162 ], [ 121.454990689984655, 23.636848078967748 ], [ 121.457440990177204, 23.636840872066216 ], [ 121.457433147011017, 23.634583443176883 ] ] ] } },
{ "type": "Feature", "properties": { "gridid": "286217", "time_bucket": null, "people_move_all": 0.0 }, "geometry": { "type": "Polygon", "coordinates": [ [ [ 121.467242181535738, 23.636811657468538 ], [ 121.46479188527492, 23.636819019188959 ], [ 121.464799855457485, 23.639076445083369 ], [ 121.4672501937319, 23.639069082576121 ], [ 121.467242181535738, 23.636811657468538 ] ] ] } },
{ "type": "Feature", "properties": { "gridid": "277591", "time_bucket": null, "people_move_all": 0.0 }, "geometry": { "type": "Polygon", "coordinates": [ [ [ 121.420592688586908, 23.607598140094517 ], [ 121.418142920113993, 23.607604757211789 ], [ 121.418150080439531, 23.609862205831366 ], [ 121.420599890859563, 23.60985558800617 ], [ 121.420592688586908, 23.607598140094517 ] ] ] } },
{ "type": "Feature", "properties": { "gridid": "305413", "time_bucket": null, "people_move_all": 0.0 }, "geometry": { "type": "Polygon", "coordinates": [ [ [ 121.52141701550724, 23.704361822702438 ], [ 121.518965479735783, 23.704370062255929 ], [ 121.518974407408408, 23.706627450064222 ], [ 121.521425985348543, 23.706619209632017 ], [ 121.52141701550724, 23.704361822702438 ] ] ] } },
{ "type": "Feature", "properties": { "gridid": "278263", "time_bucket": null, "people_move_all": 0.0 }, "geometry": { "type": "Polygon", "coordinates": [ [ [ 121.432848929967463, 23.609821919025027 ], [ 121.430399124079344, 23.609828730130015 ], [ 121.430406495056545, 23.61208617451021 ], [ 121.432856342896642, 23.612079362676599 ], [ 121.432848929967463, 23.609821919025027 ] ] ] } },
{ "type": "Feature", "properties": { "gridid": "275589", "time_bucket": null, "people_move_all": 0.0 }, "geometry": { "type": "Polygon", "coordinates": [ [ [ 121.415671800841082, 23.600838983706502 ], [ 121.413222156402469, 23.600845521420904 ], [ 121.413229230193124, 23.603102973418338 ], [ 121.415678916563337, 23.603096435004353 ], [ 121.415671800841082, 23.600838983706502 ] ] ] } },
{ "type": "Feature", "properties": { "gridid": "277594", "time_bucket": null, "people_move_all": 0.0 }, "geometry": { "type": "Polygon", "coordinates": [ [ [ 121.427941988314771, 23.607578056787911 ], [ 121.425492222545131, 23.607584789860812 ], [ 121.425499508711781, 23.609842236344203 ], [ 121.427949316428311, 23.609835502550968 ], [ 121.427941988314771, 23.607578056787911 ] ] ] } },
{ "type": "Feature", "properties": { "gridid": "284848", "time_bucket": null, "people_move_all": 0.0 }, "geometry": { "type": "Polygon", "coordinates": [ [ [ 121.37166719599395, 23.63255517642818 ], [ 121.369216948979997, 23.632561027373914 ], [ 121.369223279003151, 23.6348184820448 ], [ 121.371673568022899, 23.634812630473615 ], [ 121.37166719599395, 23.63255517642818 ] ] ] } },
{ "type": "Feature", "properties": { "gridid": "284892", "time_bucket": null, "people_move_all": 0.0 }, "geometry": { "type": "Polygon", "coordinates": [ [ [ 121.479477206000197, 23.632259424049487 ], [ 121.477026998782335, 23.632266977677126 ], [ 121.477035176998442, 23.634524400914884 ], [ 121.479485426219085, 23.63451684647978 ], [ 121.479477206000197, 23.632259424049487 ] ] ] } },
{ "type": "Feature", "properties": { "gridid": "273588", "time_bucket": null, "people_move_all": 0.0 }, "geometry": { "type": "Polygon", "coordinates": [ [ [ 121.413200940681094, 23.594073161535285 ], [ 121.410751421126122, 23.594079658523775 ], [ 121.410758450360916, 23.596337113190579 ], [ 121.413208011831884, 23.596330615506695 ], [ 121.413200940681094, 23.594073161535285 ] ] ] } },
{ "type": "Feature", "properties": { "gridid": "274919", "time_bucket": null, "people_move_all": 0.0 }, "geometry": { "type": "Polygon", "coordinates": [ [ [ 121.408315876521002, 23.59860102694115 ], [ 121.405866271384539, 23.598607448049144 ], [ 121.40587321851568, 23.6008649027785 ], [ 121.408322865578725, 23.600858480983348 ], [ 121.408315876521002, 23.59860102694115 ] ] ] } },
{ "type": "Feature", "properties": { "gridid": "284219", "time_bucket": null, "people_move_all": 0.0 }, "geometry": { "type": "Polygon", "coordinates": [ [ [ 121.457417463982537, 23.630068583488992 ], [ 121.454967289800365, 23.630075788079829 ], [ 121.454975089018333, 23.632333219057724 ], [ 121.457425305198754, 23.632326013696673 ], [ 121.457417463982537, 23.630068583488992 ] ] ] } },
{ "type": "Feature", "properties": { "gridid": "295317", "time_bucket": null, "people_move_all": 0.0 }, "geometry": { "type": "Polygon", "coordinates": [ [ [ 121.413434753180383, 23.668568794906655 ], [ 121.410983847641305, 23.668575314854969 ], [ 121.410990905775435, 23.670832747785077 ], [ 121.413441853402816, 23.670826227140616 ], [ 121.413434753180383, 23.668568794906655 ] ] ] } },
{ "type": "Feature", "properties": { "gridid": "292110", "time_bucket": null, "people_move_all": 0.0 }, "geometry": { "type": "Polygon", "coordinates": [ [ [ 121.516327602157475, 23.656972947963503 ], [ 121.513876948512561, 23.656981091589884 ], [ 121.513885768813012, 23.659238495020674 ], [ 121.516336464516939, 23.659230350524471 ], [ 121.516327602157475, 23.656972947963503 ] ] ] } },
{ "type": "Feature", "properties": { "gridid": "292715", "time_bucket": null, "people_move_all": 0.0 }, "geometry": { "type": "Polygon", "coordinates": [ [ [ 121.403603407660981, 23.659564895601324 ], [ 121.40115266694815, 23.659571257775763 ], [ 121.401159553305149, 23.661828696086225 ], [ 121.403610336085663, 23.661822333232294 ], [ 121.403603407660981, 23.659564895601324 ] ] ] } },
{ "type": "Feature", "properties": { "gridid": "300383", "time_bucket": null, "people_move_all": 0.0 }, "geometry": { "type": "Polygon", "coordinates": [ [ [ 121.391430367528955, 23.686685567293917 ], [ 121.388979117429145, 23.686691743637358 ], [ 121.38898580340566, 23.688949177370819 ], [ 121.391437095636221, 23.688943000368305 ], [ 121.391430367528955, 23.686685567293917 ] ] ] } },
{ "type": "Feature", "properties": { "gridid": "294048", "time_bucket": null, "people_move_all": 0.0 }, "geometry": { "type": "Polygon", "coordinates": [ [ [ 121.479592382117858, 23.663863278106845 ], [ 121.477141586385784, 23.663870843041384 ], [ 121.477149778844179, 23.666128257043052 ], [ 121.479600616652149, 23.666120691300673 ], [ 121.479592382117858, 23.663863278106845 ] ] ] } },
{ "type": "Feature", "properties": { "gridid": "274255", "time_bucket": null, "people_move_all": 0.0 }, "geometry": { "type": "Polygon", "coordinates": [ [ [ 121.415657572799915, 23.596324079149067 ], [ 121.413208012208841, 23.596330615464375 ], [ 121.413215084239525, 23.59858806877784 ], [ 121.415664686751782, 23.598581531762992 ], [ 121.415657572799915, 23.596324079149067 ] ] ] } },
{ "type": "Feature", "properties": { "gridid": "272918", "time_bucket": null, "people_move_all": 0.0 }, "geometry": { "type": "Polygon", "coordinates": [ [ [ 121.408294913947074, 23.591828660886563 ], [ 121.405845434559026, 23.591835079933205 ], [ 121.405852379097425, 23.594092536636182 ], [ 121.40830190039641, 23.594086116902453 ], [ 121.408294913947074, 23.591828660886563 ] ] ] } },
{ "type": "Feature", "properties": { "gridid": "270916", "time_bucket": null, "people_move_all": 0.0 }, "geometry": { "type": "Polygon", "coordinates": [ [ [ 121.398476539899349, 23.585081725096579 ], [ 121.396027182788387, 23.585087987638051 ], [ 121.396033957152909, 23.587345449020983 ], [ 121.398483356159417, 23.587339185809022 ], [ 121.398476539899349, 23.585081725096579 ] ] ] } },
{ "type": "Feature", "properties": { "gridid": "284883", "time_bucket": null, "people_move_all": 0.0 }, "geometry": { "type": "Polygon", "coordinates": [ [ [ 121.457425305495477, 23.63232601363292 ], [ 121.45497508931507, 23.632333218993974 ], [ 121.454982889502787, 23.634590649312734 ], [ 121.457433147686643, 23.634583443181445 ], [ 121.457425305495477, 23.63232601363292 ] ] ] } },
{ "type": "Feature", "properties": { "gridid": "284880", "time_bucket": null, "people_move_all": 0.0 }, "geometry": { "type": "Polygon", "coordinates": [ [ [ 121.45007465394761, 23.632347513631856 ], [ 121.447624434873646, 23.632354602902932 ], [ 121.447632109050559, 23.634612035507569 ], [ 121.450082370128186, 23.634604945478678 ], [ 121.45007465394761, 23.632347513631856 ] ] ] } },
{ "type": "Feature", "properties": { "gridid": "271574", "time_bucket": null, "people_move_all": 0.0 }, "geometry": { "type": "Polygon", "coordinates": [ [ [ 121.376438735679116, 23.587394164625664 ], [ 121.373989329272192, 23.587400080298266 ], [ 121.373995727370257, 23.589657546872168 ], [ 121.376445175678498, 23.589651630566262 ], [ 121.376438735679116, 23.587394164625664 ] ] ] } },
{ "type": "Feature", "properties": { "gridid": "285545", "time_bucket": null, "people_move_all": 0.0 }, "geometry": { "type": "Polygon", "coordinates": [ [ [ 121.452532629986933, 23.63459781681151 ], [ 121.450082369868682, 23.634604945541255 ], [ 121.450090087008633, 23.636862376728956 ], [ 121.452540389135692, 23.636855247237225 ], [ 121.452532629986933, 23.63459781681151 ] ] ] } },
{ "type": "Feature", "properties": { "gridid": "294012", "time_bucket": null, "people_move_all": 0.0 }, "geometry": { "type": "Polygon", "coordinates": [ [ [ 121.391363132181951, 23.664111200296773 ], [ 121.388912303102003, 23.6641173700507 ], [ 121.388918980778826, 23.666374810378326 ], [ 121.391369851937199, 23.666368639965551 ], [ 121.391363132181951, 23.664111200296773 ] ] ] } },
{ "type": "Feature", "properties": { "gridid": "287530", "time_bucket": null, "people_move_all": 0.0 }, "geometry": { "type": "Polygon", "coordinates": [ [ [ 121.459907063073246, 23.641348480738468 ], [ 121.457456679822926, 23.641355727893693 ], [ 121.457464525914645, 23.643613154805138 ], [ 121.459914951189248, 23.643605906875443 ], [ 121.459907063073246, 23.641348480738468 ] ] ] } },
{ "type": "Feature", "properties": { "gridid": "278923", "time_bucket": null, "people_move_all": 0.0 }, "geometry": { "type": "Polygon", "coordinates": [ [ [ 121.423056945216473, 23.612106378068777 ], [ 121.420607093740173, 23.612113035262126 ], [ 121.420614297804761, 23.614370481857119 ], [ 121.423064191238538, 23.61436382395166 ], [ 121.423056945216473, 23.612106378068777 ] ] ] } },
{ "type": "Feature", "properties": { "gridid": "282891", "time_bucket": null, "people_move_all": 0.0 }, "geometry": { "type": "Polygon", "coordinates": [ [ [ 121.45005151139263, 23.625575214181566 ], [ 121.44760141829839, 23.625582301179318 ], [ 121.447609089613337, 23.627839735760961 ], [ 121.450059224695579, 23.627832648005462 ], [ 121.45005151139263, 23.625575214181566 ] ] ] } },
{ "type": "Feature", "properties": { "gridid": "289446", "time_bucket": null, "people_move_all": 0.0 }, "geometry": { "type": "Polygon", "coordinates": [ [ [ 121.383964511191579, 23.648327483411503 ], [ 121.381513974042619, 23.648333532372636 ], [ 121.381520519787429, 23.650590979264614 ], [ 121.383971098978435, 23.650584929657199 ], [ 121.383964511191579, 23.648327483411503 ] ] ] } },
{ "type": "Feature", "properties": { "gridid": "300386", "time_bucket": null, "people_move_all": 0.0 }, "geometry": { "type": "Polygon", "coordinates": [ [ [ 121.398784113071926, 23.686666805495822 ], [ 121.396332865494244, 23.686673098231321 ], [ 121.396339677862827, 23.688930529975149 ], [ 121.398790967571045, 23.688924236568155 ], [ 121.398784113071926, 23.686666805495822 ] ] ] } },
{ "type": "Feature", "properties": { "gridid": "284879", "time_bucket": null, "people_move_all": 0.0 }, "geometry": { "type": "Polygon", "coordinates": [ [ [ 121.447624434426487, 23.632354602902375 ], [ 121.445174214398477, 23.63236165347665 ], [ 121.445181846571629, 23.634619086834981 ], [ 121.447632108603372, 23.634612035507018 ], [ 121.447624434426487, 23.632354602902375 ] ] ] } },
{ "type": "Feature", "properties": { "gridid": "277595", "time_bucket": null, "people_move_all": 0.0 }, "geometry": { "type": "Polygon", "coordinates": [ [ [ 121.430391753885573, 23.607571285123221 ], [ 121.427941989027474, 23.607578056847895 ], [ 121.427949317141, 23.609835502610959 ], [ 121.430399123945946, 23.609828730161816 ], [ 121.430391753885573, 23.607571285123221 ] ] ] } },
{ "type": "Feature", "properties": { "gridid": "290096", "time_bucket": null, "people_move_all": 0.0 }, "geometry": { "type": "Polygon", "coordinates": [ [ [ 121.383971098804523, 23.650584929617246 ], [ 121.381520519613517, 23.65059097922466 ], [ 121.381527066171856, 23.652848425457837 ], [ 121.383977687410166, 23.652842375204113 ], [ 121.383971098804523, 23.650584929617246 ] ] ] } },
{ "type": "Feature", "properties": { "gridid": "287529", "time_bucket": null, "people_move_all": 0.0 }, "geometry": { "type": "Polygon", "coordinates": [ [ [ 121.457456679572999, 23.641355727908802 ], [ 121.455006295347431, 23.641362936350937 ], [ 121.455014099414811, 23.643620364032721 ], [ 121.457464525664719, 23.643613154820258 ], [ 121.457456679572999, 23.641355727908802 ] ] ] } },
{ "type": "Feature", "properties": { "gridid": "284886", "time_bucket": null, "people_move_all": 0.0 }, "geometry": { "type": "Polygon", "coordinates": [ [ [ 121.464775948020204, 23.632304165352878 ], [ 121.462325734780308, 23.632311486803356 ], [ 121.462333660978189, 23.634568914799015 ], [ 121.464783916221307, 23.634561592565888 ], [ 121.464775948020204, 23.632304165352878 ] ] ] } },
{ "type": "Feature", "properties": { "gridid": "275592", "time_bucket": null, "people_move_all": 0.0 }, "geometry": { "type": "Polygon", "coordinates": [ [ [ 121.423020728608194, 23.600819138805818 ], [ 121.420571086840951, 23.600825792438979 ], [ 121.420578286426149, 23.603083242325251 ], [ 121.423027970124792, 23.603076587980098 ], [ 121.423020728608194, 23.600819138805818 ] ] ] } },
{ "type": "Feature", "properties": { "gridid": "295345", "time_bucket": null, "people_move_all": 0.0 }, "geometry": { "type": "Polygon", "coordinates": [ [ [ 121.482059731621078, 23.668370498481963 ], [ 121.479608852755163, 23.668378103794382 ], [ 121.479617089335761, 23.670635515667957 ], [ 121.482068010288003, 23.670627909543509 ], [ 121.482059731621078, 23.668370498481963 ] ] ] } },
{ "type": "Feature", "properties": { "gridid": "289492", "time_bucket": null, "people_move_all": 0.0 }, "geometry": { "type": "Polygon", "coordinates": [ [ [ 121.496688249725679, 23.648007367968834 ], [ 121.494237755645855, 23.648015198322387 ], [ 121.494246235254934, 23.650272611202848 ], [ 121.49669677137355, 23.650264780012687 ], [ 121.496688249725679, 23.648007367968834 ] ] ] } },
{ "type": "Feature", "properties": { "gridid": "299163", "time_bucket": null, "people_move_all": 0.0 }, "geometry": { "type": "Polygon", "coordinates": [ [ [ 121.496816185362789, 23.681868479337083 ], [ 121.494365060152418, 23.681876322242712 ], [ 121.494373555578647, 23.684133725219109 ], [ 121.496824722906226, 23.684125881476451 ], [ 121.496816185362789, 23.681868479337083 ] ] ] } },
{ "type": "Feature", "properties": { "gridid": "299757", "time_bucket": null, "people_move_all": 0.0 }, "geometry": { "type": "Polygon", "coordinates": [ [ [ 121.40367966745454, 23.684396673284777 ], [ 121.401228463709657, 23.684403042934957 ], [ 121.401235359482854, 23.686660473991399 ], [ 121.403686605352931, 23.686654103661471 ], [ 121.40367966745454, 23.684396673284777 ] ] ] } },
{ "type": "Feature", "properties": { "gridid": "284873", "time_bucket": null, "people_move_all": 0.0 }, "geometry": { "type": "Polygon", "coordinates": [ [ [ 121.432923100245745, 23.632396325869493 ], [ 121.430472874603041, 23.632403144261811 ], [ 121.430480254752197, 23.634660582055403 ], [ 121.43293052239909, 23.634653762934214 ], [ 121.432923100245745, 23.632396325869493 ] ] ] } },
{ "type": "Feature", "properties": { "gridid": "295992", "time_bucket": null, "people_move_all": 0.0 }, "geometry": { "type": "Polygon", "coordinates": [ [ [ 121.482068010151266, 23.67062790950553 ], [ 121.479617089199053, 23.670635515629982 ], [ 121.479625326802932, 23.672892926843353 ], [ 121.482076289846688, 23.67288531990685 ], [ 121.482068010151266, 23.67062790950553 ] ] ] } },
{ "type": "Feature", "properties": { "gridid": "287531", "time_bucket": null, "people_move_all": 0.0 }, "geometry": { "type": "Polygon", "coordinates": [ [ [ 121.462357445570888, 23.641341194870233 ], [ 121.459907063301046, 23.641348480738479 ], [ 121.459914951417048, 23.643605906875457 ], [ 121.462365375711073, 23.643598620228598 ], [ 121.462357445570888, 23.641341194870233 ] ] ] } },
{ "type": "Feature", "properties": { "gridid": "278253", "time_bucket": null, "people_move_all": 0.0 }, "geometry": { "type": "Polygon", "coordinates": [ [ [ 121.408350830195758, 23.609888290565721 ], [ 121.405901015374297, 23.609894715109732 ], [ 121.405907966827968, 23.612152166548753 ], [ 121.408357823602088, 23.612145741317462 ], [ 121.408350830195758, 23.609888290565721 ] ] ] } },
{ "type": "Feature", "properties": { "gridid": "297261", "time_bucket": null, "people_move_all": 0.0 }, "geometry": { "type": "Polygon", "coordinates": [ [ [ 121.482084570219428, 23.675142729652702 ], [ 121.479633565078899, 23.675150337401284 ], [ 121.479641804729553, 23.677407747294115 ], [ 121.482092851972055, 23.677400138733418 ], [ 121.482084570219428, 23.675142729652702 ] ] ] } },
{ "type": "Feature", "properties": { "gridid": "302932", "time_bucket": null, "people_move_all": 0.0 }, "geometry": { "type": "Polygon", "coordinates": [ [ [ 121.501770179367895, 23.695397069935005 ], [ 121.499318803502618, 23.695404995485916 ], [ 121.499327389557891, 23.69766239281914 ], [ 121.501778807571597, 23.697654466422751 ], [ 121.501770179367895, 23.695397069935005 ] ] ] } },
{ "type": "Feature", "properties": { "gridid": "278929", "time_bucket": null, "people_move_all": 0.0 }, "geometry": { "type": "Polygon", "coordinates": [ [ [ 121.437756035601893, 23.612065623062325 ], [ 121.435306189611225, 23.612072512215708 ], [ 121.435313645419598, 23.614329954476027 ], [ 121.437763533367331, 23.614323064585715 ], [ 121.437756035601893, 23.612065623062325 ] ] ] } },
{ "type": "Feature", "properties": { "gridid": "276261", "time_bucket": null, "people_move_all": 0.0 }, "geometry": { "type": "Polygon", "coordinates": [ [ [ 121.427927335284579, 23.603063163350956 ], [ 121.425477653393088, 23.603069894983275 ], [ 121.4254849377472, 23.605327342783227 ], [ 121.427934661575151, 23.605320610430624 ], [ 121.427927335284579, 23.603063163350956 ] ] ] } },
{ "type": "Feature", "properties": { "gridid": "301016", "time_bucket": null, "people_move_all": 0.0 }, "geometry": { "type": "Polygon", "coordinates": [ [ [ 121.40124225621939, 23.688917904325542 ], [ 121.398790967362402, 23.688924236533918 ], [ 121.398797822712766, 23.691181666946484 ], [ 121.401249153705479, 23.69117533406245 ], [ 121.40124225621939, 23.688917904325542 ] ] ] } },
{ "type": "Feature", "properties": { "gridid": "284194", "time_bucket": null, "people_move_all": 0.0 }, "geometry": { "type": "Polygon", "coordinates": [ [ [ 121.396162830309009, 23.630237090372212 ], [ 121.393712633451841, 23.630243327633821 ], [ 121.393719382691032, 23.632500776522573 ], [ 121.396169621548168, 23.632494538594162 ], [ 121.396162830309009, 23.630237090372212 ] ] ] } },
{ "type": "Feature", "properties": { "gridid": "272915", "time_bucket": null, "people_move_all": 0.0 }, "geometry": { "type": "Polygon", "coordinates": [ [ [ 121.400946473101968, 23.591847802100293 ], [ 121.398496991137208, 23.591854105276781 ], [ 121.398503809942468, 23.594111564016234 ], [ 121.400953333818336, 23.594105260165058 ], [ 121.400946473101968, 23.591847802100293 ] ] ] } },
{ "type": "Feature", "properties": { "gridid": "276927", "time_bucket": null, "people_move_all": 0.0 }, "geometry": { "type": "Polygon", "coordinates": [ [ [ 121.425484938222368, 23.60532734278414 ], [ 121.423035213488191, 23.605334036489062 ], [ 121.423042456806783, 23.607591484346933 ], [ 121.425492223482706, 23.607584789925834 ], [ 121.425484938222368, 23.60532734278414 ] ] ] } },
{ "type": "Feature", "properties": { "gridid": "276260", "time_bucket": null, "people_move_all": 0.0 }, "geometry": { "type": "Polygon", "coordinates": [ [ [ 121.425477653705926, 23.603069894913613 ], [ 121.423027970908251, 23.603076587902382 ], [ 121.423035213325832, 23.605334036418483 ], [ 121.425484938060009, 23.605327342713565 ], [ 121.425477653705926, 23.603069894913613 ] ] ] } },
{ "type": "Feature", "properties": { "gridid": "289482", "time_bucket": null, "people_move_all": 0.0 }, "geometry": { "type": "Polygon", "coordinates": [ [ [ 121.472183262073216, 23.648083928913312 ], [ 121.469732757690124, 23.648091372018577 ], [ 121.469740816906992, 23.65034879303759 ], [ 121.472191363329657, 23.65034134913709 ], [ 121.472183262073216, 23.648083928913312 ] ] ] } },
{ "type": "Feature", "properties": { "gridid": "279581", "time_bucket": null, "people_move_all": 0.0 }, "geometry": { "type": "Polygon", "coordinates": [ [ [ 121.410814715867147, 23.614396726848025 ], [ 121.408364818005154, 23.614403191431229 ], [ 121.408371813151376, 23.61666064086646 ], [ 121.410821752976389, 23.616654175591805 ], [ 121.410814715867147, 23.614396726848025 ] ] ] } },
{ "type": "Feature", "properties": { "gridid": "271583", "time_bucket": null, "people_move_all": 0.0 }, "geometry": { "type": "Polygon", "coordinates": [ [ [ 121.398483356424236, 23.587339185889608 ], [ 121.396033957417742, 23.587345449101576 ], [ 121.396040732625394, 23.589602909826905 ], [ 121.398490173532636, 23.589596645944429 ], [ 121.398483356424236, 23.587339185889608 ] ] ] } },
{ "type": "Feature", "properties": { "gridid": "299766", "time_bucket": null, "people_move_all": 0.0 }, "geometry": { "type": "Polygon", "coordinates": [ [ [ 121.425740461921222, 23.684337600760035 ], [ 121.423289266118843, 23.684344319545172 ], [ 121.423296541016484, 23.686601744334837 ], [ 121.425747778943446, 23.686595024832691 ], [ 121.425740461921222, 23.684337600760035 ] ] ] } },
{ "type": "Feature", "properties": { "gridid": "302930", "time_bucket": null, "people_move_all": 0.0 }, "geometry": { "type": "Polygon", "coordinates": [ [ [ 121.496867426579783, 23.695412882205009 ], [ 121.494416048587766, 23.695420730133229 ], [ 121.49442455034594, 23.69767812914499 ], [ 121.496875970486556, 23.697670280379572 ], [ 121.496867426579783, 23.695412882205009 ] ] ] } },
{ "type": "Feature", "properties": { "gridid": "297889", "time_bucket": null, "people_move_all": 0.0 }, "geometry": { "type": "Polygon", "coordinates": [ [ [ 121.469837605558496, 23.677437793818939 ], [ 121.46738655325079, 23.67744520848537 ], [ 121.46739458338773, 23.679702621716455 ], [ 121.469845677803022, 23.679695206258579 ], [ 121.469837605558496, 23.677437793818939 ] ] ] } },
{ "type": "Feature", "properties": { "gridid": "286876", "time_bucket": null, "people_move_all": 0.0 }, "geometry": { "type": "Polygon", "coordinates": [ [ [ 121.464799855550652, 23.639076445066269 ], [ 121.4623495162854, 23.639083768864754 ], [ 121.462357445439892, 23.641341194882521 ], [ 121.464807826724055, 23.641333870301313 ], [ 121.464799855550652, 23.639076445066269 ] ] ] } },
{ "type": "Feature", "properties": { "gridid": "284858", "time_bucket": null, "people_move_all": 0.0 }, "geometry": { "type": "Polygon", "coordinates": [ [ [ 121.396169621888077, 23.632494538567563 ], [ 121.393719383030941, 23.632500776495981 ], [ 121.393726133109354, 23.634758224726191 ], [ 121.396176413971631, 23.634751986130958 ], [ 121.396169621888077, 23.632494538567563 ] ] ] } },
{ "type": "Feature", "properties": { "gridid": "288803", "time_bucket": null, "people_move_all": 0.0 }, "geometry": { "type": "Polygon", "coordinates": [ [ [ 121.401111366532874, 23.646026614088242 ], [ 121.398660877261122, 23.646032933463456 ], [ 121.398667716448927, 23.648290376403448 ], [ 121.401118247757069, 23.64828405635301 ], [ 121.401111366532874, 23.646026614088242 ] ] ] } },
{ "type": "Feature", "properties": { "gridid": "287533", "time_bucket": null, "people_move_all": 0.0 }, "geometry": { "type": "Polygon", "coordinates": [ [ [ 121.467258206558455, 23.64132650704007 ], [ 121.464807826265215, 23.641333870334169 ], [ 121.464815798429541, 23.643591294909783 ], [ 121.467266220746808, 23.6435839308288 ], [ 121.467258206558455, 23.64132650704007 ] ] ] } },
{ "type": "Feature", "properties": { "gridid": "297861", "time_bucket": null, "people_move_all": 0.0 }, "geometry": { "type": "Polygon", "coordinates": [ [ [ 121.401207781053586, 23.677630745767928 ], [ 121.398756702796788, 23.677637074598348 ], [ 121.398763553891584, 23.679894508309282 ], [ 121.401214674257972, 23.679888178803314 ], [ 121.401207781053586, 23.677630745767928 ] ] ] } },
{ "type": "Feature", "properties": { "gridid": "297224", "time_bucket": null, "people_move_all": 0.0 }, "geometry": { "type": "Polygon", "coordinates": [ [ [ 121.39139673932317, 23.675398391995181 ], [ 121.388945699798683, 23.675404565043589 ], [ 121.388952381624534, 23.677662002074737 ], [ 121.391403463253624, 23.677655828367364 ], [ 121.39139673932317, 23.675398391995181 ] ] ] } },
{ "type": "Feature", "properties": { "gridid": "299125", "time_bucket": null, "people_move_all": 0.0 }, "geometry": { "type": "Polygon", "coordinates": [ [ [ 121.403672729824038, 23.682139242195309 ], [ 121.401221568199119, 23.682145611165758 ], [ 121.401228463115984, 23.684403042881897 ], [ 121.403679666860867, 23.684396673231728 ], [ 121.403672729824038, 23.682139242195309 ] ] ] } },
{ "type": "Feature", "properties": { "gridid": "294703", "time_bucket": null, "people_move_all": 0.0 }, "geometry": { "type": "Polygon", "coordinates": [ [ [ 121.494305622294277, 23.666074482919715 ], [ 121.4918547907034, 23.666082281209295 ], [ 121.491863236665395, 23.668339689641623 ], [ 121.494314110336944, 23.668331890519347 ], [ 121.494305622294277, 23.666074482919715 ] ] ] } },
{ "type": "Feature", "properties": { "gridid": "283551", "time_bucket": null, "people_move_all": 0.0 }, "geometry": { "type": "Polygon", "coordinates": [ [ [ 121.442708816321471, 23.627853795137142 ], [ 121.440258678393135, 23.627860766826927 ], [ 121.440266224681849, 23.630118202998123 ], [ 121.44271640460363, 23.630111230562971 ], [ 121.442708816321471, 23.627853795137142 ] ] ] } },
{ "type": "Feature", "properties": { "gridid": "292091", "time_bucket": null, "people_move_all": 0.0 }, "geometry": { "type": "Polygon", "coordinates": [ [ [ 121.46976500069043, 23.657121052114391 ], [ 121.467314327115815, 23.657128459659027 ], [ 121.467322348279282, 23.659385878830296 ], [ 121.469773063914459, 23.659378470494453 ], [ 121.46976500069043, 23.657121052114391 ] ] ] } },
{ "type": "Feature", "properties": { "gridid": "283545", "time_bucket": null, "people_move_all": 0.0 }, "geometry": { "type": "Polygon", "coordinates": [ [ [ 121.428007975078032, 23.62789504500476 ], [ 121.425557831598454, 23.627901784561523 ], [ 121.425565125925004, 23.630159225118046 ], [ 121.428015311398454, 23.630152484840735 ], [ 121.428007975078032, 23.62789504500476 ] ] ] } },
{ "type": "Feature", "properties": { "gridid": "297259", "time_bucket": null, "people_move_all": 0.0 }, "geometry": { "type": "Polygon", "coordinates": [ [ [ 121.477182559342296, 23.675157906419329 ], [ 121.474731552160179, 23.675165436618688 ], [ 121.474739707606631, 23.677422848123317 ], [ 121.477190756890906, 23.677415317120133 ], [ 121.477182559342296, 23.675157906419329 ] ] ] } },
{ "type": "Feature", "properties": { "gridid": "276918", "time_bucket": null, "people_move_all": 0.0 }, "geometry": { "type": "Polygon", "coordinates": [ [ [ 121.403437382922306, 23.605386194760921 ], [ 121.400987650266714, 23.605392540634121 ], [ 121.400994516106536, 23.607649994751473 ], [ 121.403444290704485, 23.607643648199311 ], [ 121.403437382922306, 23.605386194760921 ] ] ] } },
{ "type": "Feature", "properties": { "gridid": "301062", "time_bucket": null, "people_move_all": 0.0 }, "geometry": { "type": "Polygon", "coordinates": [ [ [ 121.514000532728829, 23.688584679456 ], [ 121.51154928868462, 23.688592796464082 ], [ 121.511558082204999, 23.690850191511647 ], [ 121.514009368381537, 23.690842073637477 ], [ 121.514000532728829, 23.688584679456 ] ] ] } },
{ "type": "Feature", "properties": { "gridid": "300384", "time_bucket": null, "people_move_all": 0.0 }, "geometry": { "type": "Polygon", "coordinates": [ [ [ 121.393881617045864, 23.686679352125797 ], [ 121.391430367781538, 23.686685567266647 ], [ 121.391437095888776, 23.688943000341027 ], [ 121.393888387283795, 23.688936784536967 ], [ 121.393881617045864, 23.686679352125797 ] ] ] } },
{ "type": "Feature", "properties": { "gridid": "303555", "time_bucket": null, "people_move_all": 0.0 }, "geometry": { "type": "Polygon", "coordinates": [ [ [ 121.504230225295316, 23.697646501258355 ], [ 121.501778808352896, 23.697654466470137 ], [ 121.501787437627925, 23.699911862296855 ], [ 121.504238896723891, 23.69990389623543 ], [ 121.504230225295316, 23.697646501258355 ] ] ] } },
{ "type": "Feature", "properties": { "gridid": "290103", "time_bucket": null, "people_move_all": 0.0 }, "geometry": { "type": "Polygon", "coordinates": [ [ [ 121.401125129719148, 23.650541497870897 ], [ 121.398674556369429, 23.650547818596586 ], [ 121.398681397257448, 23.652805260218717 ], [ 121.401132012654003, 23.65279893881776 ], [ 121.401125129719148, 23.650541497870897 ] ] ] } },
{ "type": "Feature", "properties": { "gridid": "285546", "time_bucket": null, "people_move_all": 0.0 }, "geometry": { "type": "Polygon", "coordinates": [ [ [ 121.454982889500258, 23.634590649343146 ], [ 121.452532630346596, 23.634597816773695 ], [ 121.452540389495354, 23.636855247199406 ], [ 121.454990690657795, 23.636848079002736 ], [ 121.454982889500258, 23.634590649343146 ] ] ] } },
{ "type": "Feature", "properties": { "gridid": "278921", "time_bucket": null, "people_move_all": 0.0 }, "geometry": { "type": "Polygon", "coordinates": [ [ [ 121.418157242067451, 23.612119653821019 ], [ 121.415707388804307, 23.61212623369391 ], [ 121.415714508953783, 23.614383681700719 ], [ 121.418164404174505, 23.614377101123988 ], [ 121.418157242067451, 23.612119653821019 ] ] ] } },
{ "type": "Feature", "properties": { "gridid": "274252", "time_bucket": null, "people_move_all": 0.0 }, "geometry": { "type": "Polygon", "coordinates": [ [ [ 121.408308887993797, 23.596343572256277 ], [ 121.405859324778689, 23.59634999267713 ], [ 121.405866271045539, 23.598607448064406 ], [ 121.408315876181987, 23.59860102695642 ], [ 121.408308887993797, 23.596343572256277 ] ] ] } },
{ "type": "Feature", "properties": { "gridid": "300387", "time_bucket": null, "people_move_all": 0.0 }, "geometry": { "type": "Polygon", "coordinates": [ [ [ 121.401235359581051, 23.686660473933983 ], [ 121.398784112854557, 23.686666805466725 ], [ 121.398790967353676, 23.688924236539059 ], [ 121.401242256210651, 23.688917904330683 ], [ 121.401235359581051, 23.686660473933983 ] ] ] } },
{ "type": "Feature", "properties": { "gridid": "280915", "time_bucket": null, "people_move_all": 0.0 }, "geometry": { "type": "Polygon", "coordinates": [ [ [ 121.442678472242179, 23.618824046912202 ], [ 121.440228502235428, 23.618831015620771 ], [ 121.440236044771538, 23.621088454427202 ], [ 121.442686056750858, 23.621081484973374 ], [ 121.442678472242179, 23.618824046912202 ] ] ] } },
{ "type": "Feature", "properties": { "gridid": "297265", "time_bucket": null, "people_move_all": 0.0 }, "geometry": { "type": "Polygon", "coordinates": [ [ [ 121.491888580942771, 23.675111910944658 ], [ 121.489437579948259, 23.675119673790931 ], [ 121.489445988006381, 23.67737708041048 ], [ 121.491897031102582, 23.677369316735536 ], [ 121.491888580942771, 23.675111910944658 ] ] ] } },
{ "type": "Feature", "properties": { "gridid": "281578", "time_bucket": null, "people_move_all": 0.0 }, "geometry": { "type": "Polygon", "coordinates": [ [ [ 121.457386108956513, 23.621038856013318 ], [ 121.454936102715052, 23.621046057523596 ], [ 121.454943898054864, 23.623303491137502 ], [ 121.45739394627364, 23.623296288857127 ], [ 121.457386108956513, 23.621038856013318 ] ] ] } },
{ "type": "Feature", "properties": { "gridid": "299161", "time_bucket": null, "people_move_all": 0.0 }, "geometry": { "type": "Polygon", "coordinates": [ [ [ 121.491913934532462, 23.681884126390816 ], [ 121.489462807217237, 23.681891891723176 ], [ 121.489471218408866, 23.68414929636122 ], [ 121.491922387841456, 23.684141530200105 ], [ 121.491913934532462, 23.681884126390816 ] ] ] } },
{ "type": "Feature", "properties": { "gridid": "299120", "time_bucket": null, "people_move_all": 0.0 }, "geometry": { "type": "Polygon", "coordinates": [ [ [ 121.391416913238913, 23.682170699194391 ], [ 121.388965747384916, 23.682176874219742 ], [ 121.38897243170095, 23.684434309272426 ], [ 121.391423639675253, 23.684428133588042 ], [ 121.391416913238913, 23.682170699194391 ] ] ] } },
{ "type": "Feature", "properties": { "gridid": "274923", "time_bucket": null, "people_move_all": 0.0 }, "geometry": { "type": "Polygon", "coordinates": [ [ [ 121.418114287913454, 23.598574956160839 ], [ 121.415664686286391, 23.598581531811195 ], [ 121.415671801123395, 23.600838983767108 ], [ 121.418121444676771, 23.600832407413058 ], [ 121.418114287913454, 23.598574956160839 ] ] ] } },
{ "type": "Feature", "properties": { "gridid": "285520", "time_bucket": null, "people_move_all": 0.0 }, "geometry": { "type": "Polygon", "coordinates": [ [ [ 121.391275851316848, 23.634764424602405 ], [ 121.388825568781286, 23.634770585793241 ], [ 121.388832235677924, 23.63702803468615 ], [ 121.391282560224013, 23.637021872836748 ], [ 121.391275851316848, 23.634764424602405 ] ] ] } },
{ "type": "Feature", "properties": { "gridid": "293398", "time_bucket": null, "people_move_all": 0.0 }, "geometry": { "type": "Polygon", "coordinates": [ [ [ 121.482034902045896, 23.661598261311312 ], [ 121.479584149407486, 23.661605864187802 ], [ 121.479592382918781, 23.663863278041699 ], [ 121.482043177627816, 23.663855674353258 ], [ 121.482034902045896, 23.661598261311312 ] ] ] } },
{ "type": "Feature", "properties": { "gridid": "300400", "time_bucket": null, "people_move_all": 0.0 }, "geometry": { "type": "Polygon", "coordinates": [ [ [ 121.433101486964958, 23.686574633521001 ], [ 121.430650251779866, 23.686581469412864 ], [ 121.430657653970272, 23.688838891379056 ], [ 121.433108931284963, 23.68883205475775 ], [ 121.433101486964958, 23.686574633521001 ] ] ] } },
{ "type": "Feature", "properties": { "gridid": "289445", "time_bucket": null, "people_move_all": 0.0 }, "geometry": { "type": "Polygon", "coordinates": [ [ [ 121.381513973619377, 23.648333532353028 ], [ 121.379063435656931, 23.648339542586893 ], [ 121.379069939359596, 23.650596990121016 ], [ 121.381520519364159, 23.650590979245003 ], [ 121.381513973619377, 23.648333532353028 ] ] ] } },
{ "type": "Feature", "properties": { "gridid": "294008", "time_bucket": null, "people_move_all": 0.0 }, "geometry": { "type": "Polygon", "coordinates": [ [ [ 121.381559810982679, 23.664135646807889 ], [ 121.379108978615619, 23.66414166153724 ], [ 121.37911548797797, 23.666399104458893 ], [ 121.38156636242374, 23.666393089087244 ], [ 121.381559810982679, 23.664135646807889 ] ] ] } },
{ "type": "Feature", "properties": { "gridid": "289479", "time_bucket": null, "people_move_all": 0.0 }, "geometry": { "type": "Polygon", "coordinates": [ [ [ 121.464831745627308, 23.648106142017625 ], [ 121.462381238255105, 23.648113468947134 ], [ 121.462389171352825, 23.650370892327036 ], [ 121.464839720764815, 23.650363564614693 ], [ 121.464831745627308, 23.648106142017625 ] ] ] } },
{ "type": "Feature", "properties": { "gridid": "294013", "time_bucket": null, "people_move_all": 0.0 }, "geometry": { "type": "Polygon", "coordinates": [ [ [ 121.393813960725339, 23.664104991749227 ], [ 121.391363132480251, 23.664111200259171 ], [ 121.391369852235499, 23.666368639927942 ], [ 121.393820722558999, 23.666362430755012 ], [ 121.393813960725339, 23.664104991749227 ] ] ] } },
{ "type": "Feature", "properties": { "gridid": "278262", "time_bucket": null, "people_move_all": 0.0 }, "geometry": { "type": "Polygon", "coordinates": [ [ [ 121.430399123401884, 23.609828730189669 ], [ 121.427949316596951, 23.609835502638802 ], [ 121.427956645622075, 23.612092947743491 ], [ 121.430406494379071, 23.612086174569868 ], [ 121.430399123401884, 23.609828730189669 ] ] ] } },
{ "type": "Feature", "properties": { "gridid": "291405", "time_bucket": null, "people_move_all": 0.0 }, "geometry": { "type": "Polygon", "coordinates": [ [ [ 121.383984277038124, 23.655099820128765 ], [ 121.381533613747322, 23.65510587102882 ], [ 121.381540161932989, 23.657363315944245 ], [ 121.38399086728154, 23.657357264397838 ], [ 121.383984277038124, 23.655099820128765 ] ] ] } },
{ "type": "Feature", "properties": { "gridid": "294659", "time_bucket": null, "people_move_all": 0.0 }, "geometry": { "type": "Polygon", "coordinates": [ [ [ 121.386468108715846, 23.666380942001908 ], [ 121.384017235903301, 23.666387034894225 ], [ 121.384023830242228, 23.668644475867989 ], [ 121.386474745138571, 23.668638382325074 ], [ 121.386468108715846, 23.666380942001908 ] ] ] } },
{ "type": "Feature", "properties": { "gridid": "291403", "time_bucket": null, "people_move_all": 0.0 }, "geometry": { "type": "Polygon", "coordinates": [ [ [ 121.379082948906998, 23.655111883226251 ], [ 121.37663228399407, 23.6551178566469 ], [ 121.376638748064067, 23.65737530284261 ], [ 121.379089455034872, 23.657369328783883 ], [ 121.379082948906998, 23.655111883226251 ] ] ] } },
{ "type": "Feature", "properties": { "gridid": "290752", "time_bucket": null, "people_move_all": 0.0 }, "geometry": { "type": "Polygon", "coordinates": [ [ [ 121.388878927546131, 23.652830158538023 ], [ 121.386428307950752, 23.652836286262652 ], [ 121.386434939427687, 23.655093730540173 ], [ 121.388885601075444, 23.655087602160947 ], [ 121.388878927546131, 23.652830158538023 ] ] ] } },
{ "type": "Feature", "properties": { "gridid": "297230", "time_bucket": null, "people_move_all": 0.0 }, "geometry": { "type": "Polygon", "coordinates": [ [ [ 121.406102958465226, 23.675360539479637 ], [ 121.403651924030157, 23.675366945187477 ], [ 121.403658858482672, 23.677624378202751 ], [ 121.406109935021917, 23.677617971811117 ], [ 121.406102958465226, 23.675360539479637 ] ] ] } },
{ "type": "Feature", "properties": { "gridid": "294015", "time_bucket": null, "people_move_all": 0.0 }, "geometry": { "type": "Polygon", "coordinates": [ [ [ 121.398715614804289, 23.664092458460434 ], [ 121.396264788244565, 23.664098744482246 ], [ 121.396271592156552, 23.666356182820898 ], [ 121.398722460794531, 23.666349896127819 ], [ 121.398715614804289, 23.664092458460434 ] ] ] } },
{ "type": "Feature", "properties": { "gridid": "295955", "time_bucket": null, "people_move_all": 0.0 }, "geometry": { "type": "Polygon", "coordinates": [ [ [ 121.391383294058926, 23.670883517295774 ], [ 121.38893233872794, 23.670889689026328 ], [ 121.388939018893979, 23.673147127376211 ], [ 121.391390016319122, 23.673140954986742 ], [ 121.391383294058926, 23.670883517295774 ] ] ] } },
{ "type": "Feature", "properties": { "gridid": "299123", "time_bucket": null, "people_move_all": 0.0 }, "geometry": { "type": "Polygon", "coordinates": [ [ [ 121.398770405797734, 23.682151941408652 ], [ 121.396319242465495, 23.682158232801225 ], [ 121.396326053142218, 23.684415665864396 ], [ 121.398777258594549, 23.684409373800374 ], [ 121.398770405797734, 23.682151941408652 ] ] ] } },
{ "type": "Feature", "properties": { "gridid": "296592", "time_bucket": null, "people_move_all": 0.0 }, "geometry": { "type": "Polygon", "coordinates": [ [ [ 121.396292008752738, 23.673128493886022 ], [ 121.393841013003055, 23.673134743820572 ], [ 121.393847778197639, 23.675392180189085 ], [ 121.396298816046567, 23.675385929587318 ], [ 121.396292008752738, 23.673128493886022 ] ] ] } },
{ "type": "Feature", "properties": { "gridid": "280231", "time_bucket": null, "people_move_all": 0.0 }, "geometry": { "type": "Polygon", "coordinates": [ [ [ 121.383872367881352, 23.616723166832521 ], [ 121.381422418772829, 23.616729206747898 ], [ 121.381428953134147, 23.618986662858099 ], [ 121.383878944211645, 23.618980622296736 ], [ 121.383872367881352, 23.616723166832521 ] ] ] } },
{ "type": "Feature", "properties": { "gridid": "289451", "time_bucket": null, "people_move_all": 0.0 }, "geometry": { "type": "Polygon", "coordinates": [ [ [ 121.396217184013878, 23.648296657635363 ], [ 121.393766651010836, 23.648302900231975 ], [ 121.393773406965266, 23.650560343851147 ], [ 121.396223982010085, 23.650554100587566 ], [ 121.396217184013878, 23.648296657635363 ] ] ] } },
{ "type": "Feature", "properties": { "gridid": "294016", "time_bucket": null, "people_move_all": 0.0 }, "geometry": { "type": "Polygon", "coordinates": [ [ [ 121.401166440339921, 23.664086133719181 ], [ 121.39871561463076, 23.664092458496842 ], [ 121.398722460621002, 23.666349896164228 ], [ 121.401173328408362, 23.66634357071116 ], [ 121.401166440339921, 23.664086133719181 ] ] ] } },
{ "type": "Feature", "properties": { "gridid": "280892", "time_bucket": null, "people_move_all": 0.0 }, "geometry": { "type": "Polygon", "coordinates": [ [ [ 121.386328934062163, 23.618974543025402 ], [ 121.3838789438026, 23.618980622260185 ], [ 121.383885520950813, 23.621238077066245 ], [ 121.38633555318448, 23.621231997181319 ], [ 121.386328934062163, 23.618974543025402 ] ] ] } },
{ "type": "Feature", "properties": { "gridid": "292055", "time_bucket": null, "people_move_all": 0.0 }, "geometry": { "type": "Polygon", "coordinates": [ [ [ 121.381540161097192, 23.657363315984302 ], [ 121.379089454934885, 23.657369328786885 ], [ 121.379095961871272, 23.659626773685599 ], [ 121.3815467100966, 23.659620760240781 ], [ 121.381540161097192, 23.657363315984302 ] ] ] } },
{ "type": "Feature", "properties": { "gridid": "297850", "time_bucket": null, "people_move_all": 0.0 }, "geometry": { "type": "Polygon", "coordinates": [ [ [ 121.374245874194429, 23.677698229972844 ], [ 121.371794786865152, 23.677704132212828 ], [ 121.371801174750445, 23.67996157308151 ], [ 121.37425230418998, 23.67995567021152 ], [ 121.374245874194429, 23.677698229972844 ] ] ] } },
{ "type": "Feature", "properties": { "gridid": "290101", "time_bucket": null, "people_move_all": 0.0 }, "geometry": { "type": "Polygon", "coordinates": [ [ [ 121.396223981613588, 23.65055410063081 ], [ 121.393773406568798, 23.650560343894387 ], [ 121.393780163362919, 23.652817786854655 ], [ 121.396230780454701, 23.652811542924074 ], [ 121.396223981613588, 23.65055410063081 ] ] ] } },
{ "type": "Feature", "properties": { "gridid": "293362", "time_bucket": null, "people_move_all": 0.0 }, "geometry": { "type": "Polygon", "coordinates": [ [ [ 121.393807199107457, 23.661847552151652 ], [ 121.391356412935536, 23.661853759998618 ], [ 121.391363131855925, 23.66411120032657 ], [ 121.393813960101028, 23.664104991816636 ], [ 121.393807199107457, 23.661847552151652 ] ] ] } },
{ "type": "Feature", "properties": { "gridid": "273574", "time_bucket": null, "people_move_all": 0.0 }, "geometry": { "type": "Polygon", "coordinates": [ [ [ 121.378907588981235, 23.594160604264054 ], [ 121.37645805765635, 23.594166560464721 ], [ 121.376464500060308, 23.596424024432768 ], [ 121.378914073302099, 23.596418067594598 ], [ 121.378907588981235, 23.594160604264054 ] ] ] } },
{ "type": "Feature", "properties": { "gridid": "279593", "time_bucket": null, "people_move_all": 0.0 }, "geometry": { "type": "Polygon", "coordinates": [ [ [ 121.440213420667959, 23.614316136060165 ], [ 121.43776353365287, 23.61432306461441 ], [ 121.437771032350923, 23.616580505479238 ], [ 121.440220961328208, 23.61657357618391 ], [ 121.440213420667959, 23.614316136060165 ] ] ] } },
{ "type": "Feature", "properties": { "gridid": "292063", "time_bucket": null, "people_move_all": 0.0 }, "geometry": { "type": "Polygon", "coordinates": [ [ [ 121.401145781517911, 23.657313818744981 ], [ 121.398695082011983, 23.657320141496559 ], [ 121.398701925450837, 23.659577581141534 ], [ 121.401152667019289, 23.659571257714617 ], [ 121.401145781517911, 23.657313818744981 ] ] ] } },
{ "type": "Feature", "properties": { "gridid": "282203", "time_bucket": null, "people_move_all": 0.0 }, "geometry": { "type": "Polygon", "coordinates": [ [ [ 121.376541871808016, 23.623513540712143 ], [ 121.374091794354172, 23.623519466520136 ], [ 121.374098205199601, 23.625776922569127 ], [ 121.37654832463825, 23.625770996127489 ], [ 121.376541871808016, 23.623513540712143 ] ] ] } },
{ "type": "Feature", "properties": { "gridid": "295310", "time_bucket": null, "people_move_all": 0.0 }, "geometry": { "type": "Polygon", "coordinates": [ [ [ 121.396278396504258, 23.668613620494877 ], [ 121.393827484937361, 23.668619869095053 ], [ 121.393834248451341, 23.670877306782302 ], [ 121.396285202107052, 23.670871057514951 ], [ 121.396278396504258, 23.668613620494877 ] ] ] } },
{ "type": "Feature", "properties": { "gridid": "283561", "time_bucket": null, "people_move_all": 0.0 }, "geometry": { "type": "Polygon", "coordinates": [ [ [ 121.467210142521154, 23.627781950425636 ], [ 121.464760014262538, 23.627789308998988 ], [ 121.464767980482463, 23.63004673753041 ], [ 121.467218150733814, 23.630039378170327 ], [ 121.467210142521154, 23.627781950425636 ] ] ] } },
{ "type": "Feature", "properties": { "gridid": "285548", "time_bucket": null, "people_move_all": 0.0 }, "geometry": { "type": "Polygon", "coordinates": [ [ [ 121.459883404519175, 23.634576198412713 ], [ 121.45743314731034, 23.634583443244669 ], [ 121.457440990476542, 23.636840872134002 ], [ 121.459891289693985, 23.636833626527647 ], [ 121.459883404519175, 23.634576198412713 ] ] ] } },
{ "type": "Feature", "properties": { "gridid": "292752", "time_bucket": null, "people_move_all": 0.0 }, "geometry": { "type": "Polygon", "coordinates": [ [ [ 121.494280164766622, 23.659302256179931 ], [ 121.491829459386395, 23.659310051971605 ], [ 121.491837902200885, 23.661567462384511 ], [ 121.494288649646109, 23.661559665760233 ], [ 121.494280164766622, 23.659302256179931 ] ] ] } },
{ "type": "Feature", "properties": { "gridid": "282231", "time_bucket": null, "people_move_all": 0.0 }, "geometry": { "type": "Polygon", "coordinates": [ [ [ 121.445143695813513, 23.623331913458163 ], [ 121.442693642799739, 23.623338922337656 ], [ 121.442701229195009, 23.625596359081253 ], [ 121.445151324191741, 23.625589349452309 ], [ 121.445143695813513, 23.623331913458163 ] ] ] } },
{ "type": "Feature", "properties": { "gridid": "290100", "time_bucket": null, "people_move_all": 0.0 }, "geometry": { "type": "Polygon", "coordinates": [ [ [ 121.393773407056941, 23.650560343863908 ], [ 121.391322831172445, 23.65056654839637 ], [ 121.391329545919561, 23.652823992019485 ], [ 121.393780163851105, 23.652817786824173 ], [ 121.393773407056941, 23.650560343863908 ] ] ] } },
{ "type": "Feature", "properties": { "gridid": "297263", "time_bucket": null, "people_move_all": 0.0 }, "geometry": { "type": "Polygon", "coordinates": [ [ [ 121.48698657808626, 23.675127397894478 ], [ 121.48453557500828, 23.675135083192043 ], [ 121.484543898862825, 23.677392491456501 ], [ 121.48699494404265, 23.677384805338548 ], [ 121.48698657808626, 23.675127397894478 ] ] ] } },
{ "type": "Feature", "properties": { "gridid": "280889", "time_bucket": null, "people_move_all": 0.0 }, "geometry": { "type": "Polygon", "coordinates": [ [ [ 121.37897896124251, 23.618992664669701 ], [ 121.376528968544847, 23.618998627884057 ], [ 121.376535419770363, 23.621256084615727 ], [ 121.378985454442329, 23.621250120763634 ], [ 121.37897896124251, 23.618992664669701 ] ] ] } },
{ "type": "Feature", "properties": { "gridid": "294064", "time_bucket": null, "people_move_all": 0.0 }, "geometry": { "type": "Polygon", "coordinates": [ [ [ 121.518804971017701, 23.663736968607338 ], [ 121.516354192281455, 23.663745153596153 ], [ 121.516363057944986, 23.666002554175826 ], [ 121.518813878755878, 23.665994368312962 ], [ 121.518804971017701, 23.663736968607338 ] ] ] } },
{ "type": "Feature", "properties": { "gridid": "276256", "time_bucket": null, "people_move_all": 0.0 }, "geometry": { "type": "Polygon", "coordinates": [ [ [ 121.415678916365493, 23.603096435085234 ], [ 121.413229229995324, 23.603102973499222 ], [ 121.413236304666071, 23.605360424838569 ], [ 121.415686032973056, 23.60535388572497 ], [ 121.415678916365493, 23.603096435085234 ] ] ] } },
{ "type": "Feature", "properties": { "gridid": "281551", "time_bucket": null, "people_move_all": 0.0 }, "geometry": { "type": "Polygon", "coordinates": [ [ [ 121.391235615833835, 23.621219721405744 ], [ 121.388785585251796, 23.621225878645646 ], [ 121.388792247176568, 23.623483331489037 ], [ 121.391242319737813, 23.623477173590697 ], [ 121.391235615833835, 23.621219721405744 ] ] ] } },
{ "type": "Feature", "properties": { "gridid": "277588", "time_bucket": null, "people_move_all": 0.0 }, "geometry": { "type": "Polygon", "coordinates": [ [ [ 121.41324338083588, 23.607617875519992 ], [ 121.410793609706644, 23.60762437668112 ], [ 121.410800644190473, 23.609881827399672 ], [ 121.413250457266997, 23.609875325543015 ], [ 121.41324338083588, 23.607617875519992 ] ] ] } },
{ "type": "Feature", "properties": { "gridid": "298491", "time_bucket": null, "people_move_all": 0.0 }, "geometry": { "type": "Polygon", "coordinates": [ [ [ 121.39631243264482, 23.679900799072847 ], [ 121.393861310581727, 23.67990705100911 ], [ 121.393868078297686, 23.682164485399166 ], [ 121.396319242475755, 23.682158232795619 ], [ 121.39631243264482, 23.679900799072847 ] ] ] } },
{ "type": "Feature", "properties": { "gridid": "280916", "time_bucket": null, "people_move_all": 0.0 }, "geometry": { "type": "Polygon", "coordinates": [ [ [ 121.445128441784306, 23.618817039549835 ], [ 121.442678472720729, 23.618824046930495 ], [ 121.442686057229437, 23.621081484991656 ], [ 121.445136068265498, 23.621074476861594 ], [ 121.445128441784306, 23.618817039549835 ] ] ] } },
{ "type": "Feature", "properties": { "gridid": "279585", "time_bucket": null, "people_move_all": 0.0 }, "geometry": { "type": "Polygon", "coordinates": [ [ [ 121.420614298175281, 23.614370481818536 ], [ 121.418164403845438, 23.614377101059659 ], [ 121.418171566843341, 23.616634547704251 ], [ 121.420621503135962, 23.616627927755136 ], [ 121.420614298175281, 23.614370481818536 ] ] ] } },
{ "type": "Feature", "properties": { "gridid": "275569", "time_bucket": null, "people_move_all": 0.0 }, "geometry": { "type": "Polygon", "coordinates": [ [ [ 121.366678751468001, 23.600962396426105 ], [ 121.364229090420054, 23.600968161336358 ], [ 121.364235325565559, 23.60322562645722 ], [ 121.366685028546343, 23.603219860930082 ], [ 121.366678751468001, 23.600962396426105 ] ] ] } },
{ "type": "Feature", "properties": { "gridid": "290104", "time_bucket": null, "people_move_all": 0.0 }, "geometry": { "type": "Polygon", "coordinates": [ [ [ 121.403575702268071, 23.650535138444088 ], [ 121.401125129773703, 23.650541497900743 ], [ 121.401132012708558, 23.652798938847599 ], [ 121.403582627249705, 23.652792578711537 ], [ 121.403575702268071, 23.650535138444088 ] ] ] } },
{ "type": "Feature", "properties": { "gridid": "292058", "time_bucket": null, "people_move_all": 0.0 }, "geometry": { "type": "Polygon", "coordinates": [ [ [ 121.388892274774335, 23.657345045141344 ], [ 121.386441571068985, 23.657351174175194 ], [ 121.386448204194238, 23.65960861713479 ], [ 121.388898949962453, 23.659602487446289 ], [ 121.388892274774335, 23.657345045141344 ] ] ] } },
{ "type": "Feature", "properties": { "gridid": "283543", "time_bucket": null, "people_move_all": 0.0 }, "geometry": { "type": "Polygon", "coordinates": [ [ [ 121.423107686976323, 23.627908485377411 ], [ 121.420657541688115, 23.627915147556031 ], [ 121.420664752026696, 23.630172589541235 ], [ 121.423114939308917, 23.630165926650346 ], [ 121.423107686976323, 23.627908485377411 ] ] ] } },
{ "type": "Feature", "properties": { "gridid": "296586", "time_bucket": null, "people_move_all": 0.0 }, "geometry": { "type": "Polygon", "coordinates": [ [ [ 121.381586021532812, 23.673165411939536 ], [ 121.379135020819547, 23.673171429238209 ], [ 121.379141533417354, 23.675428869523113 ], [ 121.381592576230247, 23.675422851582056 ], [ 121.381586021532812, 23.673165411939536 ] ] ] } },
{ "type": "Feature", "properties": { "gridid": "292057", "time_bucket": null, "people_move_all": 0.0 }, "geometry": { "type": "Polygon", "coordinates": [ [ [ 121.386441571217858, 23.657351174086894 ], [ 121.383990866688308, 23.657357264377048 ], [ 121.383997457750681, 23.659614707987153 ], [ 121.386448204343139, 23.659608617046498 ], [ 121.386441571217858, 23.657351174086894 ] ] ] } },
{ "type": "Feature", "properties": { "gridid": "297854", "time_bucket": null, "people_move_all": 0.0 }, "geometry": { "type": "Polygon", "coordinates": [ [ [ 121.384050216361189, 23.677674233187151 ], [ 121.38159913225779, 23.677680290551677 ], [ 121.381605688583775, 23.679937728875501 ], [ 121.384056814797205, 23.679931670864406 ], [ 121.384050216361189, 23.677674233187151 ] ] ] } },
{ "type": "Feature", "properties": { "gridid": "288180", "time_bucket": null, "people_move_all": 0.0 }, "geometry": { "type": "Polygon", "coordinates": [ [ [ 121.457464526098832, 23.643613154852797 ], [ 121.45501409984891, 23.643620364065278 ], [ 121.455021904886394, 23.645877791087692 ], [ 121.457472373165857, 23.645870581104859 ], [ 121.457464526098832, 23.643613154852797 ] ] ] } },
{ "type": "Feature", "properties": { "gridid": "286884", "time_bucket": null, "people_move_all": 0.0 }, "geometry": { "type": "Polygon", "coordinates": [ [ [ 121.484402533439777, 23.639016461129227 ], [ 121.481952202247513, 23.639024094596031 ], [ 121.48196046755109, 23.641281514236187 ], [ 121.484410840761655, 23.641273879953577 ], [ 121.484402533439777, 23.639016461129227 ] ] ] } },
{ "type": "Feature", "properties": { "gridid": "287499", "time_bucket": null, "people_move_all": 0.0 }, "geometry": { "type": "Polygon", "coordinates": [ [ [ 121.383944752368251, 23.641555140694365 ], [ 121.381494341314109, 23.641561187716757 ], [ 121.381500884618575, 23.643818636584857 ], [ 121.383951337699088, 23.643812588916244 ], [ 121.383944752368251, 23.641555140694365 ] ] ] } },
{ "type": "Feature", "properties": { "gridid": "274249", "time_bucket": null, "people_move_all": 0.0 }, "geometry": { "type": "Polygon", "coordinates": [ [ [ 121.400960196164505, 23.596362717582334 ], [ 121.398510630372314, 23.596369022108238 ], [ 121.398517450874706, 23.598626479532118 ], [ 121.400967058588449, 23.598620174331483 ], [ 121.400960196164505, 23.596362717582334 ] ] ] } },
{ "type": "Feature", "properties": { "gridid": "305407", "time_bucket": null, "people_move_all": 0.0 }, "geometry": { "type": "Polygon", "coordinates": [ [ [ 121.506707784299365, 23.704410677586008 ], [ 121.504256241957322, 23.704418684174538 ], [ 121.504264916616009, 23.706676077168165 ], [ 121.506716501127244, 23.706668069725769 ], [ 121.506707784299365, 23.704410677586008 ] ] ] } },
{ "type": "Feature", "properties": { "gridid": "298536", "time_bucket": null, "people_move_all": 0.0 }, "geometry": { "type": "Polygon", "coordinates": [ [ [ 121.506611971475934, 23.679579320451769 ], [ 121.504160892649651, 23.679587317649606 ], [ 121.50416955546828, 23.681844717913769 ], [ 121.506620676406172, 23.681836719862375 ], [ 121.506611971475934, 23.679579320451769 ] ] ] } },
{ "type": "Feature", "properties": { "gridid": "282202", "time_bucket": null, "people_move_all": 0.0 }, "geometry": { "type": "Polygon", "coordinates": [ [ [ 121.374091794199003, 23.623519466537317 ], [ 121.371641715947987, 23.623525353663407 ], [ 121.371648084808584, 23.625782810341896 ], [ 121.374098205044461, 23.625776922586304 ], [ 121.374091794199003, 23.623519466537317 ] ] ] } },
{ "type": "Feature", "properties": { "gridid": "292746", "time_bucket": null, "people_move_all": 0.0 }, "geometry": { "type": "Polygon", "coordinates": [ [ [ 121.479575916070175, 23.659348449655663 ], [ 121.477125204474277, 23.659356012974612 ], [ 121.477133394897123, 23.661613428296299 ], [ 121.479584148558502, 23.661605864169566 ], [ 121.479575916070175, 23.659348449655663 ] ] ] } },
{ "type": "Feature", "properties": { "gridid": "302311", "time_bucket": null, "people_move_all": 0.0 }, "geometry": { "type": "Polygon", "coordinates": [ [ [ 121.506664216613729, 23.693123706970308 ], [ 121.504212885039152, 23.693131709289908 ], [ 121.504221554314753, 23.695389105589044 ], [ 121.506672928032373, 23.695381102415709 ], [ 121.506664216613729, 23.693123706970308 ] ] ] } },
{ "type": "Feature", "properties": { "gridid": "297901", "time_bucket": null, "people_move_all": 0.0 }, "geometry": { "type": "Polygon", "coordinates": [ [ [ 121.499250153727615, 23.67734579304491 ], [ 121.496799113796058, 23.677353673054832 ], [ 121.496807649219065, 23.679611076515421 ], [ 121.499258731257271, 23.679603195664388 ], [ 121.499250153727615, 23.67734579304491 ] ] ] } },
{ "type": "Feature", "properties": { "gridid": "289452", "time_bucket": null, "people_move_all": 0.0 }, "geometry": { "type": "Polygon", "coordinates": [ [ [ 121.398667716570571, 23.648290376406415 ], [ 121.396217184412393, 23.648296657729972 ], [ 121.396223982408586, 23.650554100682168 ], [ 121.398674556608469, 23.650547818687503 ], [ 121.398667716570571, 23.648290376406415 ] ] ] } },
{ "type": "Feature", "properties": { "gridid": "292096", "time_bucket": null, "people_move_all": 0.0 }, "geometry": { "type": "Polygon", "coordinates": [ [ [ 121.482018353008684, 23.657083433264269 ], [ 121.479567684495819, 23.657091034516942 ], [ 121.479575915961249, 23.659348449690803 ], [ 121.482026626534278, 23.659340847626247 ], [ 121.482018353008684, 23.657083433264269 ] ] ] } },
{ "type": "Feature", "properties": { "gridid": "290802", "time_bucket": null, "people_move_all": 0.0 }, "geometry": { "type": "Polygon", "coordinates": [ [ [ 121.511408740346667, 23.652474385840698 ], [ 121.508958168617767, 23.652482450262919 ], [ 121.508966902628956, 23.654739856741394 ], [ 121.511417516406595, 23.654731791457685 ], [ 121.511408740346667, 23.652474385840698 ] ] ] } },
{ "type": "Feature", "properties": { "gridid": "274920", "time_bucket": null, "people_move_all": 0.0 }, "geometry": { "type": "Polygon", "coordinates": [ [ [ 121.410765480122976, 23.598594567167932 ], [ 121.408315875856047, 23.598601026911592 ], [ 121.408322864913742, 23.600858480953793 ], [ 121.410772511107183, 23.60085202051884 ], [ 121.410765480122976, 23.598594567167932 ] ] ] } },
{ "type": "Feature", "properties": { "gridid": "277585", "time_bucket": null, "people_move_all": 0.0 }, "geometry": { "type": "Polygon", "coordinates": [ [ [ 121.405894065061659, 23.607637263064323 ], [ 121.403444291323041, 23.607643648268823 ], [ 121.403451199964593, 23.609901101049122 ], [ 121.405901015650699, 23.609894715161509 ], [ 121.405894065061659, 23.607637263064323 ] ] ] } },
{ "type": "Feature", "properties": { "gridid": "282236", "time_bucket": null, "people_move_all": 0.0 }, "geometry": { "type": "Polygon", "coordinates": [ [ [ 121.457393946459149, 23.623296288857222 ], [ 121.454943898240344, 23.623303491137598 ], [ 121.454951694549592, 23.625560924092575 ], [ 121.457401784750957, 23.625553721042071 ], [ 121.457393946459149, 23.623296288857222 ] ] ] } },
{ "type": "Feature", "properties": { "gridid": "282889", "time_bucket": null, "people_move_all": 0.0 }, "geometry": { "type": "Polygon", "coordinates": [ [ [ 121.44515132433196, 23.625589349512349 ], [ 121.44270122933527, 23.625596359141298 ], [ 121.442708816673957, 23.627853795226034 ], [ 121.445158953658805, 23.627846784847616 ], [ 121.44515132433196, 23.625589349512349 ] ] ] } },
{ "type": "Feature", "properties": { "gridid": "278257", "time_bucket": null, "people_move_all": 0.0 }, "geometry": { "type": "Polygon", "coordinates": [ [ [ 121.418150080535355, 23.609862205844294 ], [ 121.415700269224615, 23.609868785013365 ], [ 121.415707388488499, 23.612126233678485 ], [ 121.418157241751615, 23.612119653805596 ], [ 121.418150080535355, 23.609862205844294 ] ] ] } },
{ "type": "Feature", "properties": { "gridid": "290140", "time_bucket": null, "people_move_all": 0.0 }, "geometry": { "type": "Polygon", "coordinates": [ [ [ 121.491795698312202, 23.650280403676181 ], [ 121.489345160090991, 23.650288157408937 ], [ 121.489353556665733, 23.652545571290325 ], [ 121.491804136931108, 23.6525378167292 ], [ 121.491795698312202, 23.650280403676181 ] ] ] } },
{ "type": "Feature", "properties": { "gridid": "285550", "time_bucket": null, "people_move_all": 0.0 }, "geometry": { "type": "Polygon", "coordinates": [ [ [ 121.464783916527779, 23.634561592590664 ], [ 121.46233366128466, 23.634568914823799 ], [ 121.462341588467979, 23.636826342160202 ], [ 121.464791885719563, 23.636819019144401 ], [ 121.464783916527779, 23.634561592590664 ] ] ] } },
{ "type": "Feature", "properties": { "gridid": "279571", "time_bucket": null, "people_move_all": 0.0 }, "geometry": { "type": "Polygon", "coordinates": [ [ [ 121.386315698916377, 23.614459632718415 ], [ 121.383865792589361, 23.614465710652983 ], [ 121.383872368101777, 23.616723166775309 ], [ 121.386322316392466, 23.61671708819064 ], [ 121.386315698916377, 23.614459632718415 ] ] ] } },
{ "type": "Feature", "properties": { "gridid": "288184", "time_bucket": null, "people_move_all": 0.0 }, "geometry": { "type": "Polygon", "coordinates": [ [ [ 121.467266221073672, 23.643583930775836 ], [ 121.464815798756391, 23.643591294856819 ], [ 121.464823771911711, 23.645848718772974 ], [ 121.467274236258248, 23.645841353905077 ], [ 121.467266221073672, 23.643583930775836 ] ] ] } },
{ "type": "Feature", "properties": { "gridid": "290148", "time_bucket": null, "people_move_all": 0.0 }, "geometry": { "type": "Polygon", "coordinates": [ [ [ 121.511399965868875, 23.65021697954186 ], [ 121.508949436183499, 23.650225043102626 ], [ 121.508958169109349, 23.652482450241259 ], [ 121.511408740838249, 23.652474385819026 ], [ 121.511399965868875, 23.65021697954186 ] ] ] } },
{ "type": "Feature", "properties": { "gridid": "274250", "time_bucket": null, "people_move_all": 0.0 }, "geometry": { "type": "Polygon", "coordinates": [ [ [ 121.403409760776867, 23.596356374404881 ], [ 121.400960195838465, 23.596362717562485 ], [ 121.400967058262438, 23.598620174311637 ], [ 121.403416665122279, 23.598613830475166 ], [ 121.403409760776867, 23.596356374404881 ] ] ] } },
{ "type": "Feature", "properties": { "gridid": "296634", "time_bucket": null, "people_move_all": 0.0 }, "geometry": { "type": "Polygon", "coordinates": [ [ [ 121.499233001691493, 23.672830985826497 ], [ 121.496782045957559, 23.672838864154279 ], [ 121.496790579260406, 23.675096268935892 ], [ 121.49924157709053, 23.675088389767058 ], [ 121.499233001691493, 23.672830985826497 ] ] ] } },
{ "type": "Feature", "properties": { "gridid": "297904", "time_bucket": null, "people_move_all": 0.0 }, "geometry": { "type": "Polygon", "coordinates": [ [ [ 121.506603266961974, 23.677321920348721 ], [ 121.504152230242113, 23.677329916693019 ], [ 121.504160891984839, 23.679587317617852 ], [ 121.506611970811093, 23.679579320420022 ], [ 121.506603266961974, 23.677321920348721 ] ] ] } },
{ "type": "Feature", "properties": { "gridid": "272904", "time_bucket": null, "people_move_all": 0.0 }, "geometry": { "type": "Polygon", "coordinates": [ [ [ 121.374002126138151, 23.591915012745151 ], [ 121.371552635127117, 23.591920891060376 ], [ 121.371558992905946, 23.594178356948543 ], [ 121.374008525828813, 23.594172478004115 ], [ 121.374002126138151, 23.591915012745151 ] ] ] } },
{ "type": "Feature", "properties": { "gridid": "297272", "time_bucket": null, "people_move_all": 0.0 }, "geometry": { "type": "Polygon", "coordinates": [ [ [ 121.509045557859537, 23.675056485386541 ], [ 121.506594564321816, 23.675064519651187 ], [ 121.506603267089929, 23.677321920383143 ], [ 121.509054302728757, 23.677313885260855 ], [ 121.509045557859537, 23.675056485386541 ] ] ] } },
{ "type": "Feature", "properties": { "gridid": "299166", "time_bucket": null, "people_move_all": 0.0 }, "geometry": { "type": "Polygon", "coordinates": [ [ [ 121.504169554588884, 23.681844717922242 ], [ 121.501718432575032, 23.68185267718729 ], [ 121.501727054352642, 23.684110077640181 ], [ 121.504178218483446, 23.68410211752569 ], [ 121.504169554588884, 23.681844717922242 ] ] ] } },
{ "type": "Feature", "properties": { "gridid": "299124", "time_bucket": null, "people_move_all": 0.0 }, "geometry": { "type": "Polygon", "coordinates": [ [ [ 121.401221568312167, 23.682145611150933 ], [ 121.398770405830987, 23.682151941332464 ], [ 121.398777258627831, 23.684409373724197 ], [ 121.401228463229032, 23.684403042867068 ], [ 121.401221568312167, 23.682145611150933 ] ] ] } },
{ "type": "Feature", "properties": { "gridid": "285553", "time_bucket": null, "people_move_all": 0.0 }, "geometry": { "type": "Polygon", "coordinates": [ [ [ 121.472134676021398, 23.634539393723351 ], [ 121.469684423766012, 23.634546832057755 ], [ 121.469692476974487, 23.636804257033742 ], [ 121.472142771238097, 23.636796817904262 ], [ 121.472134676021398, 23.634539393723351 ] ] ] } },
{ "type": "Feature", "properties": { "gridid": "296596", "time_bucket": null, "people_move_all": 0.0 }, "geometry": { "type": "Polygon", "coordinates": [ [ [ 121.406095982847717, 23.673103106392279 ], [ 121.403644990511637, 23.673109511416346 ], [ 121.403651924102817, 23.675366945091152 ], [ 121.406102958537872, 23.675360539383313 ], [ 121.406095982847717, 23.673103106392279 ] ] ] } },
{ "type": "Feature", "properties": { "gridid": "283553", "time_bucket": null, "people_move_all": 0.0 }, "geometry": { "type": "Polygon", "coordinates": [ [ [ 121.44760908938197, 23.62783973569805 ], [ 121.44515895334581, 23.627846784765033 ], [ 121.445166583621344, 23.630104219441364 ], [ 121.447616761650835, 23.630097169620747 ], [ 121.44760908938197, 23.62783973569805 ] ] ] } },
{ "type": "Feature", "properties": { "gridid": "278251", "time_bucket": null, "people_move_all": 0.0 }, "geometry": { "type": "Polygon", "coordinates": [ [ [ 121.403451200010466, 23.609901101039 ], [ 121.401001383464944, 23.609907448270157 ], [ 121.40100825101311, 23.612164901071317 ], [ 121.403458109511419, 23.612158553161155 ], [ 121.403451200010466, 23.609901101039 ] ] ] } },
{ "type": "Feature", "properties": { "gridid": "282224", "time_bucket": null, "people_move_all": 0.0 }, "geometry": { "type": "Polygon", "coordinates": [ [ [ 121.427993305001507, 23.623380163367596 ], [ 121.425543245494026, 23.623386901483332 ], [ 121.425550538006775, 23.625644343357269 ], [ 121.428000639497697, 23.625637604521035 ], [ 121.427993305001507, 23.623380163367596 ] ] ] } },
{ "type": "Feature", "properties": { "gridid": "299756", "time_bucket": null, "people_move_all": 0.0 }, "geometry": { "type": "Polygon", "coordinates": [ [ [ 121.40122846394533, 23.684403042942456 ], [ 121.398777259344115, 23.684409373799586 ], [ 121.398784112992061, 23.68666680553164 ], [ 121.401235359718555, 23.686660473998899 ], [ 121.40122846394533, 23.684403042942456 ] ] ] } },
{ "type": "Feature", "properties": { "gridid": "276904", "time_bucket": null, "people_move_all": 0.0 }, "geometry": { "type": "Polygon", "coordinates": [ [ [ 121.36914105026294, 23.605471519950875 ], [ 121.366691306125105, 23.605477324743891 ], [ 121.366697584765433, 23.607734787932468 ], [ 121.369147370846491, 23.607728982518385 ], [ 121.36914105026294, 23.605471519950875 ] ] ] } },
{ "type": "Feature", "properties": { "gridid": "272251", "time_bucket": null, "people_move_all": 0.0 }, "geometry": { "type": "Polygon", "coordinates": [ [ [ 121.405838490812499, 23.589577622568811 ], [ 121.403389052466096, 23.589584002309191 ], [ 121.403395954234611, 23.591841460352892 ], [ 121.405845434486778, 23.591835079929577 ], [ 121.405838490812499, 23.589577622568811 ] ] ] } },
{ "type": "Feature", "properties": { "gridid": "276905", "time_bucket": null, "people_move_all": 0.0 }, "geometry": { "type": "Polygon", "coordinates": [ [ [ 121.371590793898207, 23.605465676537982 ], [ 121.369141050546645, 23.605471519979925 ], [ 121.369147371130197, 23.607728982547439 ], [ 121.371597156424926, 23.607723138480292 ], [ 121.371590793898207, 23.605465676537982 ] ] ] } },
{ "type": "Feature", "properties": { "gridid": "274241", "time_bucket": "2025-09-23T13:55:00", "people_move_all": 3.35 }, "geometry": { "type": "Polygon", "coordinates": [ [ [ 121.381363646173071, 23.5964120720773 ], [ 121.378914073738173, 23.596418067547653 ], [ 121.378920558865914, 23.598675530220554 ], [ 121.381370173222862, 23.598669534108549 ], [ 121.381363646173071, 23.5964120720773 ] ] ] } },
{ "type": "Feature", "properties": { "gridid": "275586", "time_bucket": null, "people_move_all": 0.0 }, "geometry": { "type": "Polygon", "coordinates": [ [ [ 121.408322865050806, 23.600858481026034 ], [ 121.405873217987789, 23.600864902821179 ], [ 121.405880165983305, 23.603122356892566 ], [ 121.40832985497812, 23.603115934410244 ], [ 121.408322865050806, 23.600858481026034 ] ] ] } },
{ "type": "Feature", "properties": { "gridid": "292754", "time_bucket": null, "people_move_all": 0.0 }, "geometry": { "type": "Polygon", "coordinates": [ [ [ 121.499181571644883, 23.659286548271503 ], [ 121.496730868378336, 23.659294421553533 ], [ 121.49673939532272, 23.661551830297089 ], [ 121.499190140654079, 23.661543956174167 ], [ 121.499181571644883, 23.659286548271503 ] ] ] } },
{ "type": "Feature", "properties": { "gridid": "280891", "time_bucket": null, "people_move_all": 0.0 }, "geometry": { "type": "Polygon", "coordinates": [ [ [ 121.383878944458175, 23.618980622238073 ], [ 121.381428953380706, 23.61898666279944 ], [ 121.381435488554729, 23.621244118251504 ], [ 121.383885521606416, 23.621238077044129 ], [ 121.383878944458175, 23.618980622238073 ] ] ] } },
{ "type": "Feature", "properties": { "gridid": "290098", "time_bucket": null, "people_move_all": 0.0 }, "geometry": { "type": "Polygon", "coordinates": [ [ [ 121.38887225493589, 23.65057271423639 ], [ 121.386421677387688, 23.65057884130643 ], [ 121.386428308040536, 23.652836286242852 ], [ 121.388878927635915, 23.652830158518231 ], [ 121.38887225493589, 23.65057271423639 ] ] ] } },
{ "type": "Feature", "properties": { "gridid": "274240", "time_bucket": null, "people_move_all": 0.0 }, "geometry": { "type": "Polygon", "coordinates": [ [ [ 121.378914073537544, 23.596418067573591 ], [ 121.376464500295782, 23.59642402441176 ], [ 121.376470943501388, 23.598681487722192 ], [ 121.3789205586653, 23.598675530246499 ], [ 121.378914073537544, 23.596418067573591 ] ] ] } },
{ "type": "Feature", "properties": { "gridid": "297227", "time_bucket": null, "people_move_all": 0.0 }, "geometry": { "type": "Polygon", "coordinates": [ [ [ 121.398749852905837, 23.675379640227977 ], [ 121.396298815902526, 23.67538592960635 ], [ 121.396305624041972, 23.677643364648183 ], [ 121.398756703149729, 23.677637074598437 ], [ 121.398749852905837, 23.675379640227977 ] ] ] } },
{ "type": "Feature", "properties": { "gridid": "297860", "time_bucket": null, "people_move_all": 0.0 }, "geometry": { "type": "Polygon", "coordinates": [ [ [ 121.398756703533891, 23.677637074621515 ], [ 121.396305624426162, 23.677643364671269 ], [ 121.39631243341131, 23.679900799053598 ], [ 121.398763554628687, 23.679894508332438 ], [ 121.398756703533891, 23.677637074621515 ] ] ] } },
{ "type": "Feature", "properties": { "gridid": "292095", "time_bucket": null, "people_move_all": 0.0 }, "geometry": { "type": "Polygon", "coordinates": [ [ [ 121.479567684550162, 23.657091034530094 ], [ 121.477117015014514, 23.65709859704128 ], [ 121.477125204419707, 23.659356013022904 ], [ 121.479575916015605, 23.659348449703966 ], [ 121.479567684550162, 23.657091034530094 ] ] ] } },
{ "type": "Feature", "properties": { "gridid": "304791", "time_bucket": null, "people_move_all": 0.0 }, "geometry": { "type": "Polygon", "coordinates": [ [ [ 121.511602066508672, 23.702137156817344 ], [ 121.509150568499663, 23.702145240199023 ], [ 121.509159326409446, 23.70440263214202 ], [ 121.511610866582231, 23.704394547898218 ], [ 121.511602066508672, 23.702137156817344 ] ] ] } },
{ "type": "Feature", "properties": { "gridid": "292705", "time_bucket": null, "people_move_all": 0.0 }, "geometry": { "type": "Polygon", "coordinates": [ [ [ 121.379095962161543, 23.659626773646046 ], [ 121.376645213127645, 23.659632748342869 ], [ 121.376651678804308, 23.661890193220728 ], [ 121.379102469906542, 23.661884217885785 ], [ 121.379095962161543, 23.659626773646046 ] ] ] } },
{ "type": "Feature", "properties": { "gridid": "276924", "time_bucket": null, "people_move_all": 0.0 }, "geometry": { "type": "Polygon", "coordinates": [ [ [ 121.418135760478847, 23.605347307890874 ], [ 121.415686033057227, 23.605353885652388 ], [ 121.415693150550183, 23.607611335633962 ], [ 121.418142919913748, 23.607604757168687 ], [ 121.418135760478847, 23.605347307890874 ] ] ] } },
{ "type": "Feature", "properties": { "gridid": "293403", "time_bucket": null, "people_move_all": 0.0 }, "geometry": { "type": "Polygon", "coordinates": [ [ [ 121.494288649273273, 23.661559665693183 ], [ 121.491837901828049, 23.661567462317457 ], [ 121.491846345691613, 23.663824872070222 ], [ 121.494297135207049, 23.663817074613306 ], [ 121.494288649273273, 23.661559665693183 ] ] ] } },
{ "type": "Feature", "properties": { "gridid": "291447", "time_bucket": null, "people_move_all": 0.0 }, "geometry": { "type": "Polygon", "coordinates": [ [ [ 121.486911330408489, 23.654810701119533 ], [ 121.484460706011674, 23.654818379034815 ], [ 121.484469020564106, 23.657075793240725 ], [ 121.4869196870157, 23.657068114505297 ], [ 121.486911330408489, 23.654810701119533 ] ] ] } },
{ "type": "Feature", "properties": { "gridid": "287537", "time_bucket": null, "people_move_all": 0.0 }, "geometry": { "type": "Polygon", "coordinates": [ [ [ 121.477059718502701, 23.641296666704907 ], [ 121.474609342225378, 23.641304184849986 ], [ 121.474617482485428, 23.64356160625325 ], [ 121.477067900786494, 23.643554087304736 ], [ 121.477059718502701, 23.641296666704907 ] ] ] } },
{ "type": "Feature", "properties": { "gridid": "282243", "time_bucket": null, "people_move_all": 0.0 }, "geometry": { "type": "Polygon", "coordinates": [ [ [ 121.474544256054955, 23.623244789924051 ], [ 121.472094214768362, 23.623252262963074 ], [ 121.472102304954021, 23.625509690440282 ], [ 121.474552388222662, 23.625502216602179 ], [ 121.474544256054955, 23.623244789924051 ] ] ] } },
{ "type": "Feature", "properties": { "gridid": "296587", "time_bucket": null, "people_move_all": 0.0 }, "geometry": { "type": "Polygon", "coordinates": [ [ [ 121.384037021075926, 23.673159355875374 ], [ 121.381586021176858, 23.673165411946826 ], [ 121.381592575874279, 23.675422851589346 ], [ 121.384043617872905, 23.675416794871378 ], [ 121.384037021075926, 23.673159355875374 ] ] ] } },
{ "type": "Feature", "properties": { "gridid": "280255", "time_bucket": null, "people_move_all": 0.0 }, "geometry": { "type": "Polygon", "coordinates": [ [ [ 121.442670888728784, 23.616566608155999 ], [ 121.440220960689373, 23.616573576119322 ], [ 121.440228502287539, 23.618831015584441 ], [ 121.44267847229429, 23.618824046875872 ], [ 121.442670888728784, 23.616566608155999 ] ] ] } },
{ "type": "Feature", "properties": { "gridid": "293357", "time_bucket": null, "people_move_all": 0.0 }, "geometry": { "type": "Polygon", "coordinates": [ [ [ 121.381553260351595, 23.661878203800011 ], [ 121.379102470058044, 23.661884217887089 ], [ 121.379108978611654, 23.664141661467809 ], [ 121.381559810978715, 23.664135646738458 ], [ 121.381553260351595, 23.661878203800011 ] ] ] } },
{ "type": "Feature", "properties": { "gridid": "294661", "time_bucket": null, "people_move_all": 0.0 }, "geometry": { "type": "Polygon", "coordinates": [ [ [ 121.391369851805038, 23.666368639996431 ], [ 121.388918980646665, 23.666374810409209 ], [ 121.388925659153145, 23.668632250077632 ], [ 121.391376572395217, 23.668626079005982 ], [ 121.391369851805038, 23.666368639996431 ] ] ] } },
{ "type": "Feature", "properties": { "gridid": "288190", "time_bucket": null, "people_move_all": 0.0 }, "geometry": { "type": "Polygon", "coordinates": [ [ [ 121.481968733958709, 23.643538933223386 ], [ 121.479518317697085, 23.64354652960526 ], [ 121.479526543026878, 23.645803948737889 ], [ 121.481977001317318, 23.645796351544288 ], [ 121.481968733958709, 23.643538933223386 ] ] ] } },
{ "type": "Feature", "properties": { "gridid": "286221", "time_bucket": null, "people_move_all": 0.0 }, "geometry": { "type": "Polygon", "coordinates": [ [ [ 121.477043356501184, 23.636781823549839 ], [ 121.474593064255671, 23.636789340088125 ], [ 121.474601202492153, 23.639046762810391 ], [ 121.477051536750992, 23.639039245468727 ], [ 121.477043356501184, 23.636781823549839 ] ] ] } },
{ "type": "Feature", "properties": { "gridid": "295997", "time_bucket": null, "people_move_all": 0.0 }, "geometry": { "type": "Polygon", "coordinates": [ [ [ 121.494322599325599, 23.670589297446284 ], [ 121.491871683568107, 23.670597097401288 ], [ 121.491880131628861, 23.672854504512987 ], [ 121.494331089477456, 23.672846703725234 ], [ 121.494322599325599, 23.670589297446284 ] ] ] } },
{ "type": "Feature", "properties": { "gridid": "284191", "time_bucket": "2025-09-23T13:55:00", "people_move_all": 6.5245901639344259 }, "geometry": { "type": "Polygon", "coordinates": [ [ [ 121.388812237559918, 23.630255686022231 ], [ 121.386362038201057, 23.630261807201997 ], [ 121.386368661440031, 23.632519258066317 ], [ 121.388818902799017, 23.632513136232163 ], [ 121.388812237559918, 23.630255686022231 ] ] ] } },
{ "type": "Feature", "properties": { "gridid": "294054", "time_bucket": null, "people_move_all": 0.0 }, "geometry": { "type": "Polygon", "coordinates": [ [ [ 121.494297134782514, 23.663817074606449 ], [ 121.491846345267064, 23.663824872063358 ], [ 121.491854790179801, 23.666082281155926 ], [ 121.494305621770678, 23.666074482866353 ], [ 121.494297134782514, 23.663817074606449 ] ] ] } },
{ "type": "Feature", "properties": { "gridid": "292709", "time_bucket": "2025-09-23T13:55:00", "people_move_all": 6.5245901639344259 }, "geometry": { "type": "Polygon", "coordinates": [ [ [ 121.388898950392331, 23.659602487443021 ], [ 121.386448204624116, 23.659608617131521 ], [ 121.386454838573684, 23.661866059432082 ], [ 121.388905626409937, 23.661859929088905 ], [ 121.388898950392331, 23.659602487443021 ] ] ] } },
{ "type": "Feature", "properties": { "gridid": "278252", "time_bucket": null, "people_move_all": 0.0 }, "geometry": { "type": "Polygon", "coordinates": [ [ [ 121.405901015604385, 23.60989471515132 ], [ 121.40345119991828, 23.609901101038925 ], [ 121.403458109419233, 23.61215855316108 ], [ 121.405907967058056, 23.612152166590331 ], [ 121.405901015604385, 23.60989471515132 ] ] ] } },
{ "type": "Feature", "properties": { "gridid": "297226", "time_bucket": null, "people_move_all": 0.0 }, "geometry": { "type": "Polygon", "coordinates": [ [ [ 121.396298815380845, 23.675385929581619 ], [ 121.393847777531903, 23.67539218018338 ], [ 121.393854543566903, 23.677649615892459 ], [ 121.39630562352032, 23.67764336462346 ], [ 121.396298815380845, 23.675385929581619 ] ] ] } },
{ "type": "Feature", "properties": { "gridid": "297859", "time_bucket": null, "people_move_all": 0.0 }, "geometry": { "type": "Polygon", "coordinates": [ [ [ 121.396305624011546, 23.677643364677223 ], [ 121.393854544058129, 23.677649615946233 ], [ 121.393861310933573, 23.67990705099583 ], [ 121.396312432996694, 23.679900799059556 ], [ 121.396305624011546, 23.677643364677223 ] ] ] } },
{ "type": "Feature", "properties": { "gridid": "294657", "time_bucket": null, "people_move_all": 0.0 }, "geometry": { "type": "Polygon", "coordinates": [ [ [ 121.381566362616354, 23.666393089015784 ], [ 121.379115488170584, 23.666399104387441 ], [ 121.379121998341702, 23.668656546649974 ], [ 121.381572914871398, 23.668650530636004 ], [ 121.381566362616354, 23.666393089015784 ] ] ] } },
{ "type": "Feature", "properties": { "gridid": "295312", "time_bucket": null, "people_move_all": 0.0 }, "geometry": { "type": "Polygon", "coordinates": [ [ [ 121.401180217567486, 23.668601007002032 ], [ 121.398729307696698, 23.668607333130534 ], [ 121.398736155388207, 23.670864769479291 ], [ 121.401187107347653, 23.670858442675343 ], [ 121.401180217567486, 23.668601007002032 ] ] ] } },
{ "type": "Feature", "properties": { "gridid": "284218", "time_bucket": null, "people_move_all": 0.0 }, "geometry": { "type": "Polygon", "coordinates": [ [ [ 121.454967289466509, 23.630075788051148 ], [ 121.452517114314659, 23.630082953949515 ], [ 121.452524871534337, 23.632340385693478 ], [ 121.454975088684478, 23.632333219029036 ], [ 121.454967289466509, 23.630075788051148 ] ] ] } },
{ "type": "Feature", "properties": { "gridid": "297223", "time_bucket": null, "people_move_all": 0.0 }, "geometry": { "type": "Polygon", "coordinates": [ [ [ 121.388945699790455, 23.675404565055118 ], [ 121.386494659436011, 23.675410699326765 ], [ 121.386501299157217, 23.677668137012731 ], [ 121.388952381616321, 23.677662002086258 ], [ 121.388945699790455, 23.675404565055118 ] ] ] } },
{ "type": "Feature", "properties": { "gridid": "299751", "time_bucket": null, "people_move_all": 0.0 }, "geometry": { "type": "Polygon", "coordinates": [ [ [ 121.388972432360518, 23.684434309262308 ], [ 121.386521223556045, 23.684440446153381 ], [ 121.386527866576685, 23.686697881201379 ], [ 121.38897911750675, 23.686691743655398 ], [ 121.388972432360518, 23.684434309262308 ] ] ] } },
{ "type": "Feature", "properties": { "gridid": "286848", "time_bucket": null, "people_move_all": 0.0 }, "geometry": { "type": "Polygon", "coordinates": [ [ [ 121.3961900006408, 23.639266879253679 ], [ 121.393739635752482, 23.639273119182615 ], [ 121.393746388348816, 23.641530565436955 ], [ 121.39619679525795, 23.641524324841136 ], [ 121.3961900006408, 23.639266879253679 ] ] ] } },
{ "type": "Feature", "properties": { "gridid": "297899", "time_bucket": null, "people_move_all": 0.0 }, "geometry": { "type": "Polygon", "coordinates": [ [ [ 121.494348072891839, 23.677361514286222 ], [ 121.491897030845294, 23.677369316739558 ], [ 121.491905482054747, 23.679626721869955 ], [ 121.494356566208097, 23.679618918583788 ], [ 121.494348072891839, 23.677361514286222 ] ] ] } },
{ "type": "Feature", "properties": { "gridid": "281559", "time_bucket": null, "people_move_all": 0.0 }, "geometry": { "type": "Polygon", "coordinates": [ [ [ 121.410835829510418, 23.62116907109683 ], [ 121.408385805743691, 23.621175537754464 ], [ 121.408392803500249, 23.623432985214553 ], [ 121.41084286924567, 23.623426517865408 ], [ 121.410835829510418, 23.62116907109683 ] ] ] } },
{ "type": "Feature", "properties": { "gridid": "280908", "time_bucket": null, "people_move_all": 0.0 }, "geometry": { "type": "Polygon", "coordinates": [ [ [ 121.425528663375118, 23.618872015707534 ], [ 121.423078686912163, 23.618878713709851 ], [ 121.423085935638341, 23.621136157617329 ], [ 121.425535954074348, 23.621129458898693 ], [ 121.425528663375118, 23.618872015707534 ] ] ] } },
{ "type": "Feature", "properties": { "gridid": "283556", "time_bucket": null, "people_move_all": 0.0 }, "geometry": { "type": "Polygon", "coordinates": [ [ [ 121.454959491953488, 23.62781835640515 ], [ 121.452509358794728, 23.627825521537492 ], [ 121.452517115049986, 23.630082953940502 ], [ 121.454967290201822, 23.63007578804212 ], [ 121.454959491953488, 23.62781835640515 ] ] ] } },
{ "type": "Feature", "properties": { "gridid": "274263", "time_bucket": null, "people_move_all": 0.0 }, "geometry": { "type": "Polygon", "coordinates": [ [ [ 121.435254024502953, 23.596270397888713 ], [ 121.432804471138738, 23.596277243253418 ], [ 121.432811878536725, 23.598534690854809 ], [ 121.435261473821555, 23.598527844757488 ], [ 121.435254024502953, 23.596270397888713 ] ] ] } },
{ "type": "Feature", "properties": { "gridid": "288799", "time_bucket": null, "people_move_all": 0.0 }, "geometry": { "type": "Polygon", "coordinates": [ [ [ 121.391309404290269, 23.646051659199976 ], [ 121.38885891164982, 23.646057823683876 ], [ 121.388865582691437, 23.648315269283398 ], [ 121.391316117368518, 23.648309104140822 ], [ 121.391309404290269, 23.646051659199976 ] ] ] } },
{ "type": "Feature", "properties": { "gridid": "274237", "time_bucket": null, "people_move_all": 0.0 }, "geometry": { "type": "Polygon", "coordinates": [ [ [ 121.37156535161553, 23.59643582217501 ], [ 121.369115775984426, 23.596441663116348 ], [ 121.369122093423343, 23.598699128314539 ], [ 121.371571710976752, 23.598693286748087 ], [ 121.37156535161553, 23.59643582217501 ] ] ] } },
{ "type": "Feature", "properties": { "gridid": "275594", "time_bucket": null, "people_move_all": 0.0 }, "geometry": { "type": "Polygon", "coordinates": [ [ [ 121.427920009773359, 23.600805715582492 ], [ 121.425470369813098, 23.600812446494555 ], [ 121.425477653260998, 23.603069894952711 ], [ 121.427927335152503, 23.603063163320396 ], [ 121.427920009773359, 23.600805715582492 ] ] ] } },
{ "type": "Feature", "properties": { "gridid": "282238", "time_bucket": null, "people_move_all": 0.0 }, "geometry": { "type": "Polygon", "coordinates": [ [ [ 121.462294039499398, 23.623281768251534 ], [ 121.459843993235111, 23.623289047891827 ], [ 121.459851873509422, 23.625546479302411 ], [ 121.462301961756111, 23.625539198883715 ], [ 121.462294039499398, 23.623281768251534 ] ] ] } },
{ "type": "Feature", "properties": { "gridid": "270918", "time_bucket": null, "people_move_all": 0.0 }, "geometry": { "type": "Polygon", "coordinates": [ [ [ 121.403375252152998, 23.585069084260137 ], [ 121.400925896743786, 23.585075424023746 ], [ 121.400932754899344, 23.587332884061563 ], [ 121.403382152203932, 23.587326543619199 ], [ 121.403375252152998, 23.585069084260137 ] ] ] } },
{ "type": "Feature", "properties": { "gridid": "297269", "time_bucket": null, "people_move_all": 0.0 }, "geometry": { "type": "Polygon", "coordinates": [ [ [ 121.50169257462494, 23.675080471870242 ], [ 121.499241577860076, 23.675088389813151 ], [ 121.499250154324386, 23.677345793093188 ], [ 121.501701193190613, 23.677337874305064 ], [ 121.50169257462494, 23.675080471870242 ] ] ] } },
{ "type": "Feature", "properties": { "gridid": "297264", "time_bucket": null, "people_move_all": 0.0 }, "geometry": { "type": "Polygon", "coordinates": [ [ [ 121.489437579515823, 23.675119673818518 ], [ 121.486986577476941, 23.675127397890463 ], [ 121.486994943433331, 23.677384805334533 ], [ 121.489445987573959, 23.67737708043806 ], [ 121.489437579515823, 23.675119673818518 ] ] ] } },
{ "type": "Feature", "properties": { "gridid": "272250", "time_bucket": null, "people_move_all": 0.0 }, "geometry": { "type": "Polygon", "coordinates": [ [ [ 121.403389053194829, 23.589584002338 ], [ 121.400939613989593, 23.58959034345914 ], [ 121.400946473852301, 23.591847802181643 ], [ 121.403395954963372, 23.591841460381698 ], [ 121.403389053194829, 23.589584002338 ] ] ] } },
{ "type": "Feature", "properties": { "gridid": "286877", "time_bucket": null, "people_move_all": 0.0 }, "geometry": { "type": "Polygon", "coordinates": [ [ [ 121.467250194045818, 23.639069082504289 ], [ 121.464799855771389, 23.63907644501154 ], [ 121.464807826944806, 23.641333870246584 ], [ 121.467258207238018, 23.641326506952474 ], [ 121.467250194045818, 23.639069082504289 ] ] ] } },
{ "type": "Feature", "properties": { "gridid": "287505", "time_bucket": null, "people_move_all": 0.0 }, "geometry": { "type": "Polygon", "coordinates": [ [ [ 121.398647200794827, 23.641518045526311 ], [ 121.396196794730344, 23.641524324836649 ], [ 121.396203590192158, 23.643781769765365 ], [ 121.398654038282658, 23.64377548978398 ], [ 121.398647200794827, 23.641518045526311 ] ] ] } },
{ "type": "Feature", "properties": { "gridid": "288187", "time_bucket": null, "people_move_all": 0.0 }, "geometry": { "type": "Polygon", "coordinates": [ [ [ 121.474617482527762, 23.643561606290149 ], [ 121.472167063214812, 23.643569086521879 ], [ 121.472175162457702, 23.645826508064889 ], [ 121.47462562379971, 23.645819027033838 ], [ 121.474617482527762, 23.643561606290149 ] ] ] } },
{ "type": "Feature", "properties": { "gridid": "297268", "time_bucket": null, "people_move_all": 0.0 }, "geometry": { "type": "Polygon", "coordinates": [ [ [ 121.499241577208267, 23.675088389735706 ], [ 121.496790579378143, 23.675096268904547 ], [ 121.496799113741019, 23.677353673025671 ], [ 121.499250153672577, 23.67734579301575 ], [ 121.499241577208267, 23.675088389735706 ] ] ] } },
{ "type": "Feature", "properties": { "gridid": "303554", "time_bucket": null, "people_move_all": 0.0 }, "geometry": { "type": "Polygon", "coordinates": [ [ [ 121.501778807907769, 23.697654466442245 ], [ 121.499327389894063, 23.697662392838637 ], [ 121.49933597701542, 23.699919789510865 ], [ 121.501787437182784, 23.699911862268969 ], [ 121.501778807907769, 23.697654466442245 ] ] ] } },
{ "type": "Feature", "properties": { "gridid": "293359", "time_bucket": null, "people_move_all": 0.0 }, "geometry": { "type": "Polygon", "coordinates": [ [ [ 121.386454838461702, 23.661866059394381 ], [ 121.384004049801106, 23.661872150985573 ], [ 121.38401064250165, 23.6641295932776 ], [ 121.386461473235585, 23.664123501035853 ], [ 121.386454838461702, 23.661866059394381 ] ] ] } },
{ "type": "Feature", "properties": { "gridid": "289449", "time_bucket": null, "people_move_all": 0.0 }, "geometry": { "type": "Polygon", "coordinates": [ [ [ 121.391316116892682, 23.648309104099535 ], [ 121.388865582215601, 23.648315269242104 ], [ 121.388872254086365, 23.650572714182811 ], [ 121.391322830805322, 23.650566548381544 ], [ 121.391316116892682, 23.648309104099535 ] ] ] } },
{ "type": "Feature", "properties": { "gridid": "289490", "time_bucket": null, "people_move_all": 0.0 }, "geometry": { "type": "Polygon", "coordinates": [ [ [ 121.491787260815755, 23.648022989960918 ], [ 121.489336764633507, 23.648030742865338 ], [ 121.489345160164774, 23.650288157406603 ], [ 121.491795698385985, 23.650280403673843 ], [ 121.491787260815755, 23.648022989960918 ] ] ] } },
{ "type": "Feature", "properties": { "gridid": "299797", "time_bucket": null, "people_move_all": 0.0 }, "geometry": { "type": "Polygon", "coordinates": [ [ [ 121.501727054707175, 23.684110077598937 ], [ 121.499275889505554, 23.68411799892289 ], [ 121.4992844702317, 23.686375399560387 ], [ 121.501735677555615, 23.686367477391094 ], [ 121.501727054707175, 23.684110077598937 ] ] ] } },
{ "type": "Feature", "properties": { "gridid": "284222", "time_bucket": null, "people_move_all": 0.0 }, "geometry": { "type": "Polygon", "coordinates": [ [ [ 121.464767980515191, 23.630046737515105 ], [ 121.462317809273316, 23.630054058182967 ], [ 121.462325734485788, 23.632311486837825 ], [ 121.464775947725656, 23.632304165387342 ], [ 121.464767980515191, 23.630046737515105 ] ] ] } },
{ "type": "Feature", "properties": { "gridid": "303557", "time_bucket": null, "people_move_all": 0.0 }, "geometry": { "type": "Polygon", "coordinates": [ [ [ 121.509133056062652, 23.697630454396862 ], [ 121.506681641278533, 23.697638497239211 ], [ 121.506690354860638, 23.699895891362505 ], [ 121.509141811798145, 23.699887847662229 ], [ 121.509133056062652, 23.697630454396862 ] ] ] } },
{ "type": "Feature", "properties": { "gridid": "298530", "time_bucket": null, "people_move_all": 0.0 }, "geometry": { "type": "Polygon", "coordinates": [ [ [ 121.491905481999979, 23.679626721875426 ], [ 121.489454396796901, 23.679634486379062 ], [ 121.489462806943934, 23.681891891677644 ], [ 121.491913934259145, 23.681884126345288 ], [ 121.491905481999979, 23.679626721875426 ] ] ] } },
{ "type": "Feature", "properties": { "gridid": "290756", "time_bucket": null, "people_move_all": 0.0 }, "geometry": { "type": "Polygon", "coordinates": [ [ [ 121.398681396767302, 23.652805260293214 ], [ 121.39623078052054, 23.652811542959 ], [ 121.396237580206616, 23.655068984593285 ], [ 121.398688238505557, 23.655062701256341 ], [ 121.398681396767302, 23.652805260293214 ] ] ] } },
{ "type": "Feature", "properties": { "gridid": "301063", "time_bucket": null, "people_move_all": 0.0 }, "geometry": { "type": "Polygon", "coordinates": [ [ [ 121.516451776114124, 23.688576523690838 ], [ 121.514000533167049, 23.688584679497414 ], [ 121.514009368819785, 23.690842073678891 ], [ 121.516460653899088, 23.690833917002088 ], [ 121.516451776114124, 23.688576523690838 ] ] ] } },
{ "type": "Feature", "properties": { "gridid": "280917", "time_bucket": null, "people_move_all": 0.0 }, "geometry": { "type": "Polygon", "coordinates": [ [ [ 121.447578409323896, 23.618809993489553 ], [ 121.445128441208738, 23.61881703954224 ], [ 121.445136067689887, 23.621074476853995 ], [ 121.447586077777487, 23.621067430047781 ], [ 121.447578409323896, 23.618809993489553 ] ] ] } },
{ "type": "Feature", "properties": { "gridid": "296630", "time_bucket": null, "people_move_all": 0.0 }, "geometry": { "type": "Polygon", "coordinates": [ [ [ 121.489429172988423, 23.672862266501085 ], [ 121.486978213046058, 23.672869989748541 ], [ 121.486986577963336, 23.675127397852993 ], [ 121.489437580002203, 23.675119673781037 ], [ 121.489429172988423, 23.672862266501085 ] ] ] } },
{ "type": "Feature", "properties": { "gridid": "298490", "time_bucket": null, "people_move_all": 0.0 }, "geometry": { "type": "Polygon", "coordinates": [ [ [ 121.393861311122578, 23.679907050932691 ], [ 121.391410188218927, 23.679913264084036 ], [ 121.391416913819924, 23.682170699137234 ], [ 121.393868078838551, 23.682164485322744 ], [ 121.393861311122578, 23.679907050932691 ] ] ] } },
{ "type": "Feature", "properties": { "gridid": "293399", "time_bucket": null, "people_move_all": 0.0 }, "geometry": { "type": "Polygon", "coordinates": [ [ [ 121.484485653496534, 23.661590619743485 ], [ 121.482034901886308, 23.661598261369662 ], [ 121.482043177468228, 23.663855674411611 ], [ 121.484493971148964, 23.663848031969341 ], [ 121.484485653496534, 23.661590619743485 ] ] ] } },
{ "type": "Feature", "properties": { "gridid": "299121", "time_bucket": null, "people_move_all": 0.0 }, "geometry": { "type": "Polygon", "coordinates": [ [ [ 121.393868078761102, 23.682164485330382 ], [ 121.391416913742447, 23.682170699144869 ], [ 121.3914236401788, 23.684428133538518 ], [ 121.393874847317662, 23.68442191906086 ], [ 121.393868078761102, 23.682164485330382 ] ] ] } },
{ "type": "Feature", "properties": { "gridid": "302310", "time_bucket": null, "people_move_all": 0.0 }, "geometry": { "type": "Polygon", "coordinates": [ [ [ 121.504212885223438, 23.693131709247989 ], [ 121.501761552572489, 23.693139672760559 ], [ 121.501770179704977, 23.69539706990928 ], [ 121.50422155449904, 23.695389105547129 ], [ 121.504212885223438, 23.693131709247989 ] ] ] } },
{ "type": "Feature", "properties": { "gridid": "286222", "time_bucket": null, "people_move_all": 0.0 }, "geometry": { "type": "Polygon", "coordinates": [ [ [ 121.479493647986118, 23.6367742683004 ], [ 121.477043356757491, 23.636781823543 ], [ 121.477051537007284, 23.639039245461888 ], [ 121.479501870249138, 23.63903168941178 ], [ 121.479493647986118, 23.6367742683004 ] ] ] } },
{ "type": "Feature", "properties": { "gridid": "272237", "time_bucket": null, "people_move_all": 0.0 }, "geometry": { "type": "Polygon", "coordinates": [ [ [ 121.371546277930577, 23.589663424527931 ], [ 121.36909682803504, 23.589669263594033 ], [ 121.369103143116135, 23.591926730764726 ], [ 121.371552634918288, 23.591920891073574 ], [ 121.371546277930577, 23.589663424527931 ] ] ] } },
{ "type": "Feature", "properties": { "gridid": "293412", "time_bucket": null, "people_move_all": 0.0 }, "geometry": { "type": "Polygon", "coordinates": [ [ [ 121.516345328120423, 23.661487752353011 ], [ 121.513894590352223, 23.661495897719075 ], [ 121.51390341284484, 23.663753299829111 ], [ 121.516354192682513, 23.663745153593165 ], [ 121.516345328120423, 23.661487752353011 ] ] ] } },
{ "type": "Feature", "properties": { "gridid": "278907", "time_bucket": null, "people_move_all": 0.0 }, "geometry": { "type": "Polygon", "coordinates": [ [ [ 121.383859217735449, 23.612208253921448 ], [ 121.381409352549156, 23.612214292544916 ], [ 121.381415885285264, 23.614471749971241 ], [ 121.383865792430086, 23.614465710701822 ], [ 121.383859217735449, 23.612208253921448 ] ] ] } },
{ "type": "Feature", "properties": { "gridid": "294052", "time_bucket": null, "people_move_all": 0.0 }, "geometry": { "type": "Polygon", "coordinates": [ [ [ 121.489395554904576, 23.663832630831497 ], [ 121.486944763296023, 23.663840350781218 ], [ 121.486953124057621, 23.666097761526704 ], [ 121.489403957741786, 23.666090040752596 ], [ 121.489395554904576, 23.663832630831497 ] ] ] } },
{ "type": "Feature", "properties": { "gridid": "290799", "time_bucket": null, "people_move_all": 0.0 }, "geometry": { "type": "Polygon", "coordinates": [ [ [ 121.504057022040158, 23.652498462956455 ], [ 121.501606447070898, 23.652506411181275 ], [ 121.501615054935357, 23.654763820219397 ], [ 121.504065671953612, 23.654755871145504 ], [ 121.504057022040158, 23.652498462956455 ] ] ] } },
{ "type": "Feature", "properties": { "gridid": "283554", "time_bucket": null, "people_move_all": 0.0 }, "geometry": { "type": "Polygon", "coordinates": [ [ [ 121.450059223908411, 23.627832648031649 ], [ 121.447609088826169, 23.627839735787138 ], [ 121.447616761094991, 23.630097169709831 ], [ 121.450066938170494, 23.630090081196578 ], [ 121.450059223908411, 23.627832648031649 ] ] ] } },
{ "type": "Feature", "properties": { "gridid": "275593", "time_bucket": null, "people_move_all": 0.0 }, "geometry": { "type": "Polygon", "coordinates": [ [ [ 121.425470370192045, 23.600812446543113 ], [ 121.423020729325671, 23.600819138815755 ], [ 121.42302797084227, 23.603076587990039 ], [ 121.425477653639945, 23.603069895001269 ], [ 121.425470370192045, 23.600812446543113 ] ] ] } },
{ "type": "Feature", "properties": { "gridid": "276252", "time_bucket": null, "people_move_all": 0.0 }, "geometry": { "type": "Polygon", "coordinates": [ [ [ 121.405880165983916, 23.603122356890374 ], [ 121.403430476124669, 23.603128740728707 ], [ 121.40343738304756, 23.605386194825137 ], [ 121.405887114843878, 23.605379810303742 ], [ 121.405880165983916, 23.603122356890374 ] ] ] } },
{ "type": "Feature", "properties": { "gridid": "297222", "time_bucket": null, "people_move_all": 0.0 }, "geometry": { "type": "Polygon", "coordinates": [ [ [ 121.386494659255163, 23.67541069931714 ], [ 121.384043618076007, 23.67541679481198 ], [ 121.384050215692469, 23.677674233148625 ], [ 121.386501298976356, 23.67766813700311 ], [ 121.386494659255163, 23.67541069931714 ] ] ] } },
{ "type": "Feature", "properties": { "gridid": "274258", "time_bucket": null, "people_move_all": 0.0 }, "geometry": { "type": "Polygon", "coordinates": [ [ [ 121.42300624858288, 23.596304238460718 ], [ 121.420556690662735, 23.596310890669972 ], [ 121.42056388845667, 23.598568341872419 ], [ 121.423013488297741, 23.598561688951222 ], [ 121.42300624858288, 23.596304238460718 ] ] ] } },
{ "type": "Feature", "properties": { "gridid": "295306", "time_bucket": null, "people_move_all": 0.0 }, "geometry": { "type": "Polygon", "coordinates": [ [ [ 121.386474745346817, 23.668638382305705 ], [ 121.384023830450474, 23.668644475848627 ], [ 121.384030425608685, 23.670901916163174 ], [ 121.38648138259407, 23.670895821969648 ], [ 121.386474745346817, 23.668638382305705 ] ] ] } },
{ "type": "Feature", "properties": { "gridid": "294702", "time_bucket": null, "people_move_all": 0.0 }, "geometry": { "type": "Polygon", "coordinates": [ [ [ 121.491854790859279, 23.666082281183254 ], [ 121.489403958219128, 23.666090040715137 ], [ 121.489412362100367, 23.668347449976018 ], [ 121.49186323682126, 23.668339689615578 ], [ 121.491854790859279, 23.666082281183254 ] ] ] } },
{ "type": "Feature", "properties": { "gridid": "298532", "time_bucket": null, "people_move_all": 0.0 }, "geometry": { "type": "Polygon", "coordinates": [ [ [ 121.496807648835599, 23.679611076525795 ], [ 121.494356565737192, 23.679618918594421 ], [ 121.494365060108422, 23.681876322231421 ], [ 121.496816185318792, 23.681868479325797 ], [ 121.496807648835599, 23.679611076525795 ] ] ] } },
{ "type": "Feature", "properties": { "gridid": "288796", "time_bucket": null, "people_move_all": 0.0 }, "geometry": { "type": "Polygon", "coordinates": [ [ [ 121.383957923581235, 23.646070036505787 ], [ 121.381507428469121, 23.646076084820642 ], [ 121.381513973400374, 23.648333532371375 ], [ 121.383964510549333, 23.648327483410252 ], [ 121.383957923581235, 23.646070036505787 ] ] ] } },
{ "type": "Feature", "properties": { "gridid": "282240", "time_bucket": null, "people_move_all": 0.0 }, "geometry": { "type": "Polygon", "coordinates": [ [ [ 121.467194129529332, 23.623267092954247 ], [ 121.464744085240483, 23.623274449954238 ], [ 121.464752049479543, 23.625531879803873 ], [ 121.467202135750682, 23.625524522017219 ], [ 121.467194129529332, 23.623267092954247 ] ] ] } },
{ "type": "Feature", "properties": { "gridid": "307251", "time_bucket": null, "people_move_all": 0.0 }, "geometry": { "type": "Polygon", "coordinates": [ [ [ 121.518992266748114, 23.71114222365647 ], [ 121.516540603346414, 23.711150427006462 ], [ 121.516549492159626, 23.713407813705022 ], [ 121.519001197745808, 23.713399609480366 ], [ 121.518992266748114, 23.71114222365647 ] ] ] } },
{ "type": "Feature", "properties": { "gridid": "299118", "time_bucket": null, "people_move_all": 0.0 }, "geometry": { "type": "Polygon", "coordinates": [ [ [ 121.386514581186759, 23.682183010428687 ], [ 121.384063413677737, 23.682189107875647 ], [ 121.384070013753018, 23.68444654423396 ], [ 121.386521223382459, 23.684440446136261 ], [ 121.386514581186759, 23.682183010428687 ] ] ] } },
{ "type": "Feature", "properties": { "gridid": "295350", "time_bucket": null, "people_move_all": 0.0 }, "geometry": { "type": "Polygon", "coordinates": [ [ [ 121.494314109808656, 23.668331890533 ], [ 121.491863236137092, 23.668339689655269 ], [ 121.491871683148403, 23.670597097427308 ], [ 121.494322598905867, 23.670589297472315 ], [ 121.494314109808656, 23.668331890533 ] ] ] } },
{ "type": "Feature", "properties": { "gridid": "288154", "time_bucket": null, "people_move_all": 0.0 }, "geometry": { "type": "Polygon", "coordinates": [ [ [ 121.393753141257577, 23.643788011071418 ], [ 121.391302691482835, 23.643794213615422 ], [ 121.391309403726723, 23.646051659215065 ], [ 121.393759895532838, 23.646045456008267 ], [ 121.393753141257577, 23.643788011071418 ] ] ] } },
{ "type": "Feature", "properties": { "gridid": "284856", "time_bucket": null, "people_move_all": 0.0 }, "geometry": { "type": "Polygon", "coordinates": [ [ [ 121.391269143729858, 23.63250697570292 ], [ 121.388818903199606, 23.632513136235225 ], [ 121.388825569267468, 23.634770585786672 ], [ 121.39127585180303, 23.634764424595822 ], [ 121.391269143729858, 23.63250697570292 ] ] ] } },
{ "type": "Feature", "properties": { "gridid": "275573", "time_bucket": null, "people_move_all": 0.0 }, "geometry": { "type": "Polygon", "coordinates": [ [ [ 121.376477387025105, 23.600938950395207 ], [ 121.374027729132081, 23.600944869867938 ], [ 121.374034132008589, 23.60320233249643 ], [ 121.376483831834193, 23.603196412390268 ], [ 121.376477387025105, 23.600938950395207 ] ] ] } },
{ "type": "Feature", "properties": { "gridid": "291409", "time_bucket": null, "people_move_all": 0.0 }, "geometry": { "type": "Polygon", "coordinates": [ [ [ 121.393786921269381, 23.655075229158964 ], [ 121.391336261285616, 23.655081435017152 ], [ 121.391342977701839, 23.657338877322353 ], [ 121.393793679743126, 23.657332670801257 ], [ 121.393786921269381, 23.655075229158964 ] ] ] } },
{ "type": "Feature", "properties": { "gridid": "299752", "time_bucket": null, "people_move_all": 0.0 }, "geometry": { "type": "Polygon", "coordinates": [ [ [ 121.391423639882646, 23.684428133594153 ], [ 121.388972431908343, 23.68443430927854 ], [ 121.388979117054575, 23.686691743671634 ], [ 121.391430367154385, 23.686685567328194 ], [ 121.391423639882646, 23.684428133594153 ] ] ] } },
{ "type": "Feature", "properties": { "gridid": "289491", "time_bucket": null, "people_move_all": 0.0 }, "geometry": { "type": "Polygon", "coordinates": [ [ [ 121.49423775527201, 23.648015198313832 ], [ 121.491787260138352, 23.648022989942845 ], [ 121.491795697708554, 23.650280403655774 ], [ 121.494246234881089, 23.650272611194296 ], [ 121.49423775527201, 23.648015198313832 ] ] ] } },
{ "type": "Feature", "properties": { "gridid": "288152", "time_bucket": null, "people_move_all": 0.0 }, "geometry": { "type": "Polygon", "coordinates": [ [ [ 121.388852241120674, 23.64380037743156 ], [ 121.386401789682594, 23.64380650253797 ], [ 121.386408417863592, 23.646063949450792 ], [ 121.388858911333131, 23.646057823689858 ], [ 121.388852241120674, 23.64380037743156 ] ] ] } },
{ "type": "Feature", "properties": { "gridid": "293363", "time_bucket": null, "people_move_all": 0.0 }, "geometry": { "type": "Polygon", "coordinates": [ [ [ 121.396257984650887, 23.661841305508261 ], [ 121.393807199318999, 23.661847552107051 ], [ 121.393813960312556, 23.664104991772032 ], [ 121.396264787717556, 23.664098744506134 ], [ 121.396257984650887, 23.661841305508261 ] ] ] } },
{ "type": "Feature", "properties": { "gridid": "295304", "time_bucket": null, "people_move_all": 0.0 }, "geometry": { "type": "Polygon", "coordinates": [ [ [ 121.381572914252601, 23.66865053062369 ], [ 121.379121997722891, 23.668656546637653 ], [ 121.379128508702848, 23.670913988241033 ], [ 121.381579467321686, 23.670907971584725 ], [ 121.381572914252601, 23.66865053062369 ] ] ] } },
{ "type": "Feature", "properties": { "gridid": "300429", "time_bucket": null, "people_move_all": 0.0 }, "geometry": { "type": "Polygon", "coordinates": [ [ [ 121.504186883635001, 23.686359516432518 ], [ 121.501735677381987, 23.686367477396484 ], [ 121.501744301301301, 23.688624876527857 ], [ 121.504195549681725, 23.68861691471438 ], [ 121.504186883635001, 23.686359516432518 ] ] ] } },
{ "type": "Feature", "properties": { "gridid": "295958", "time_bucket": null, "people_move_all": 0.0 }, "geometry": { "type": "Polygon", "coordinates": [ [ [ 121.398736154657442, 23.67086476954092 ], [ 121.396285201847263, 23.670871057576594 ], [ 121.396292008295546, 23.673128493937302 ], [ 121.398743003199684, 23.673122205230296 ], [ 121.398736154657442, 23.67086476954092 ] ] ] } },
{ "type": "Feature", "properties": { "gridid": "273589", "time_bucket": null, "people_move_all": 0.0 }, "geometry": { "type": "Polygon", "coordinates": [ [ [ 121.415650459283171, 23.594066625870365 ], [ 121.413200940608021, 23.594073161486154 ], [ 121.41320801175884, 23.596330615457568 ], [ 121.415657572349929, 23.596324079142263 ], [ 121.415650459283171, 23.594066625870365 ] ] ] } },
{ "type": "Feature", "properties": { "gridid": "294057", "time_bucket": null, "people_move_all": 0.0 }, "geometry": { "type": "Polygon", "coordinates": [ [ [ 121.501649497080066, 23.663793449734627 ], [ 121.499198710743499, 23.663801363451824 ], [ 121.49920728188232, 23.666058770033985 ], [ 121.501658110294102, 23.666050855471706 ], [ 121.501649497080066, 23.663793449734627 ] ] ] } },
{ "type": "Feature", "properties": { "gridid": "299117", "time_bucket": null, "people_move_all": 0.0 }, "geometry": { "type": "Polygon", "coordinates": [ [ [ 121.384063413656847, 23.682189107898996 ], [ 121.381612245328157, 23.682195166556667 ], [ 121.381618803282947, 23.684452603561589 ], [ 121.384070013732099, 23.684446544257309 ], [ 121.384063413656847, 23.682189107898996 ] ] ] } },
{ "type": "Feature", "properties": { "gridid": "295347", "time_bucket": null, "people_move_all": 0.0 }, "geometry": { "type": "Polygon", "coordinates": [ [ [ 121.486961486503816, 23.668355171536064 ], [ 121.484510609699939, 23.668362854372631 ], [ 121.484518930453078, 23.670620264618002 ], [ 121.486969849343112, 23.67061258096113 ], [ 121.486961486503816, 23.668355171536064 ] ] ] } },
{ "type": "Feature", "properties": { "gridid": "290750", "time_bucket": null, "people_move_all": 0.0 }, "geometry": { "type": "Polygon", "coordinates": [ [ [ 121.383977687420028, 23.652842375223003 ], [ 121.381527066181732, 23.652848425476723 ], [ 121.381533613553714, 23.655105871051049 ], [ 121.383984276844515, 23.655099820150998 ], [ 121.383977687420028, 23.652842375223003 ] ] ] } },
{ "type": "Feature", "properties": { "gridid": "289448", "time_bucket": null, "people_move_all": 0.0 }, "geometry": { "type": "Polygon", "coordinates": [ [ [ 121.388865582328208, 23.648315269334766 ], [ 121.386415046821966, 23.648321395750234 ], [ 121.386421676650798, 23.650578841345506 ], [ 121.388872254198986, 23.650572714275476 ], [ 121.388865582328208, 23.648315269334766 ] ] ] } },
{ "type": "Feature", "properties": { "gridid": "279564", "time_bucket": null, "people_move_all": 0.0 }, "geometry": { "type": "Polygon", "coordinates": [ [ [ 121.369166337597449, 23.61450136632228 ], [ 121.36671642565544, 23.614507173599698 ], [ 121.366722707420493, 23.616764634156915 ], [ 121.369172661326587, 23.616758826258348 ], [ 121.369166337597449, 23.61450136632228 ] ] ] } },
{ "type": "Feature", "properties": { "gridid": "295309", "time_bucket": null, "people_move_all": 0.0 }, "geometry": { "type": "Polygon", "coordinates": [ [ [ 121.393827484968767, 23.668619869144443 ], [ 121.391376572561654, 23.668626078980385 ], [ 121.39138329398682, 23.670883517330665 ], [ 121.393834248482747, 23.670877306831688 ], [ 121.393827484968767, 23.668619869144443 ] ] ] } },
{ "type": "Feature", "properties": { "gridid": "281544", "time_bucket": null, "people_move_all": 0.0 }, "geometry": { "type": "Polygon", "coordinates": [ [ [ 121.374085383606499, 23.621262009823507 ], [ 121.371635347335101, 23.621267896320106 ], [ 121.371641715403726, 23.623525353656738 ], [ 121.374091793654756, 23.623519466530656 ], [ 121.374085383606499, 23.621262009823507 ] ] ] } },
{ "type": "Feature", "properties": { "gridid": "282201", "time_bucket": null, "people_move_all": 0.0 }, "geometry": { "type": "Polygon", "coordinates": [ [ [ 121.37164171558743, 23.623525353664569 ], [ 121.369191636544471, 23.623531202108701 ], [ 121.36919796342012, 23.62578865941256 ], [ 121.371648084448012, 23.625782810343061 ], [ 121.37164171558743, 23.623525353664569 ] ] ] } },
{ "type": "Feature", "properties": { "gridid": "295991", "time_bucket": null, "people_move_all": 0.0 }, "geometry": { "type": "Polygon", "coordinates": [ [ [ 121.479617088708707, 23.670635515683692 ], [ 121.477166166733184, 23.670643083041824 ], [ 121.477174362245478, 23.672900495063107 ], [ 121.479625326312586, 23.67289292689706 ], [ 121.479617088708707, 23.670635515683692 ] ] ] } },
{ "type": "Feature", "properties": { "gridid": "278904", "time_bucket": null, "people_move_all": 0.0 }, "geometry": { "type": "Polygon", "coordinates": [ [ [ 121.376509619884331, 23.612226253753505 ], [ 121.374059752276111, 23.612232176393618 ], [ 121.374066159136333, 23.614489635732955 ], [ 121.376516068703239, 23.614483712459311 ], [ 121.376509619884331, 23.612226253753505 ] ] ] } },
{ "type": "Feature", "properties": { "gridid": "270251", "time_bucket": null, "people_move_all": 0.0 }, "geometry": { "type": "Polygon", "coordinates": [ [ [ 121.405817665261537, 23.582805246508205 ], [ 121.403368352601163, 23.58281162419992 ], [ 121.403375251793392, 23.585069084216599 ], [ 121.405824606343899, 23.585062705842017 ], [ 121.405817665261537, 23.582805246508205 ] ] ] } },
{ "type": "Feature", "properties": { "gridid": "282206", "time_bucket": null, "people_move_all": 0.0 }, "geometry": { "type": "Polygon", "coordinates": [ [ [ 121.383892099619558, 23.623495531249219 ], [ 121.381442024588495, 23.623501573102622 ], [ 121.38144856138814, 23.625759027238274 ], [ 121.383898678403796, 23.625752984738824 ], [ 121.383892099619558, 23.623495531249219 ] ] ] } },
{ "type": "Feature", "properties": { "gridid": "282207", "time_bucket": null, "people_move_all": 0.0 }, "geometry": { "type": "Polygon", "coordinates": [ [ [ 121.386342173218239, 23.62348945073245 ], [ 121.383892099005251, 23.623495531267537 ], [ 121.383898677789489, 23.625752984757142 ], [ 121.386348793987025, 23.625746903571866 ], [ 121.386342173218239, 23.62348945073245 ] ] ] } },
{ "type": "Feature", "properties": { "gridid": "288800", "time_bucket": null, "people_move_all": 0.0 }, "geometry": { "type": "Polygon", "coordinates": [ [ [ 121.393759895854785, 23.646045455968906 ], [ 121.391309404048698, 23.646051659175711 ], [ 121.391316117126919, 23.64830910411656 ], [ 121.39376665096961, 23.648302900246946 ], [ 121.393759895854785, 23.646045455968906 ] ] ] } },
{ "type": "Feature", "properties": { "gridid": "294050", "time_bucket": null, "people_move_all": 0.0 }, "geometry": { "type": "Polygon", "coordinates": [ [ [ 121.484493971016377, 23.663848031964964 ], [ 121.482043177335612, 23.663855674407234 ], [ 121.482051453945786, 23.666113086789085 ], [ 121.484502289702291, 23.666105443530714 ], [ 121.484493971016377, 23.663848031964964 ] ] ] } },
{ "type": "Feature", "properties": { "gridid": "292750", "time_bucket": null, "people_move_all": 0.0 }, "geometry": { "type": "Polygon", "coordinates": [ [ [ 121.489378752878096, 23.659317808996768 ], [ 121.486928045405051, 23.659325527297792 ], [ 121.48693640408932, 23.661582939363516 ], [ 121.489387153627504, 23.661575220238152 ], [ 121.489378752878096, 23.659317808996768 ] ] ] } },
{ "type": "Feature", "properties": { "gridid": "296629", "time_bucket": null, "people_move_all": 0.0 }, "geometry": { "type": "Polygon", "coordinates": [ [ [ 121.486978212556224, 23.672869989775002 ], [ 121.484527251574846, 23.672877674252195 ], [ 121.484535574395494, 23.675135083177008 ], [ 121.486986577473488, 23.67512739787945 ], [ 121.486978212556224, 23.672869989775002 ] ] ] } },
{ "type": "Feature", "properties": { "gridid": "274917", "time_bucket": null, "people_move_all": 0.0 }, "geometry": { "type": "Polygon", "coordinates": [ [ [ 121.403416665309351, 23.598613830493871 ], [ 121.400967058449467, 23.598620174330346 ], [ 121.400973921727299, 23.600877630421621 ], [ 121.403423570513851, 23.600871285906255 ], [ 121.403416665309351, 23.598613830493871 ] ] ] } },
{ "type": "Feature", "properties": { "gridid": "290141", "time_bucket": null, "people_move_all": 0.0 }, "geometry": { "type": "Polygon", "coordinates": [ [ [ 121.494246235765786, 23.650272611227024 ], [ 121.491795698593265, 23.650280403688519 ], [ 121.491804137212171, 23.65253781674155 ], [ 121.49425471642877, 23.652530023447543 ], [ 121.494246235765786, 23.650272611227024 ] ] ] } },
{ "type": "Feature", "properties": { "gridid": "296590", "time_bucket": null, "people_move_all": 0.0 }, "geometry": { "type": "Polygon", "coordinates": [ [ [ 121.391390016689783, 23.673140954995482 ], [ 121.388939019264626, 23.673147127384954 ], [ 121.388945700260564, 23.675404565075489 ], [ 121.391396739785066, 23.675398392027073 ], [ 121.391390016689783, 23.673140954995482 ] ] ] } },
{ "type": "Feature", "properties": { "gridid": "292054", "time_bucket": null, "people_move_all": 0.0 }, "geometry": { "type": "Polygon", "coordinates": [ [ [ 121.379089455532977, 23.657369328736138 ], [ 121.376638748562172, 23.657375302794875 ], [ 121.376645213435467, 23.659632748331678 ], [ 121.379095962469393, 23.659626773634852 ], [ 121.379089455532977, 23.657369328736138 ] ] ] } },
{ "type": "Feature", "properties": { "gridid": "277598", "time_bucket": null, "people_move_all": 0.0 }, "geometry": { "type": "Polygon", "coordinates": [ [ [ 121.437741042582545, 23.607550738041766 ], [ 121.435291280490333, 23.60755762572138 ], [ 121.435298734444132, 23.609815069298644 ], [ 121.437748538482978, 23.609808180882162 ], [ 121.437741042582545, 23.607550738041766 ] ] ] } },
{ "type": "Feature", "properties": { "gridid": "282237", "time_bucket": null, "people_move_all": 0.0 }, "geometry": { "type": "Polygon", "coordinates": [ [ [ 121.459843992980566, 23.623289047903327 ], [ 121.457393945736413, 23.623296288863692 ], [ 121.457401784028207, 23.625553721048536 ], [ 121.459851873254848, 23.625546479313908 ], [ 121.459843992980566, 23.623289047903327 ] ] ] } },
{ "type": "Feature", "properties": { "gridid": "290102", "time_bucket": null, "people_move_all": 0.0 }, "geometry": { "type": "Polygon", "coordinates": [ [ [ 121.398674556167677, 23.650547818599815 ], [ 121.396223981967793, 23.65055410059448 ], [ 121.396230780808907, 23.652811542887736 ], [ 121.398681397055697, 23.652805260221939 ], [ 121.398674556167677, 23.650547818599815 ] ] ] } },
{ "type": "Feature", "properties": { "gridid": "274256", "time_bucket": null, "people_move_all": 0.0 }, "geometry": { "type": "Polygon", "coordinates": [ [ [ 121.418107132396798, 23.59631750428419 ], [ 121.415657572690804, 23.596324079230872 ], [ 121.415664686642657, 23.5985815318448 ], [ 121.418114288269734, 23.59857495619444 ], [ 121.418107132396798, 23.59631750428419 ] ] ] } },
{ "type": "Feature", "properties": { "gridid": "300379", "time_bucket": null, "people_move_all": 0.0 }, "geometry": { "type": "Polygon", "coordinates": [ [ [ 121.381625362435543, 23.686710039887391 ], [ 121.379174109046104, 23.686716061040698 ], [ 121.379180626498965, 23.688973497369048 ], [ 121.381631922019409, 23.688967475573225 ], [ 121.381625362435543, 23.686710039887391 ] ] ] } },
{ "type": "Feature", "properties": { "gridid": "288794", "time_bucket": null, "people_move_all": 0.0 }, "geometry": { "type": "Polygon", "coordinates": [ [ [ 121.379056932428938, 23.646082094386788 ], [ 121.376606435695152, 23.646088065255356 ], [ 121.376612896552587, 23.648345514086202 ], [ 121.379063435323332, 23.648339542579649 ], [ 121.379056932428938, 23.646082094386788 ] ] ] } },
{ "type": "Feature", "properties": { "gridid": "271587", "time_bucket": null, "people_move_all": 0.0 }, "geometry": { "type": "Polygon", "coordinates": [ [ [ 121.408280943910668, 23.5873137468169 ], [ 121.405831548328806, 23.58732016448943 ], [ 121.405838491139079, 23.589577622507921 ], [ 121.408287928621405, 23.589571204148346 ], [ 121.408280943910668, 23.5873137468169 ] ] ] } },
{ "type": "Feature", "properties": { "gridid": "278256", "time_bucket": null, "people_move_all": 0.0 }, "geometry": { "type": "Polygon", "coordinates": [ [ [ 121.415700268954325, 23.609868785021508 ], [ 121.413250456758064, 23.609875325534389 ], [ 121.413257534069487, 23.61213277489918 ], [ 121.415707388218195, 23.612126233686624 ], [ 121.415700268954325, 23.609868785021508 ] ] ] } },
{ "type": "Feature", "properties": { "gridid": "282893", "time_bucket": null, "people_move_all": 0.0 }, "geometry": { "type": "Polygon", "coordinates": [ [ [ 121.454951694443039, 23.625560924159178 ], [ 121.452501603272154, 23.62556808852549 ], [ 121.452509358563034, 23.627825521587507 ], [ 121.45495949172178, 23.62781835645518 ], [ 121.454951694443039, 23.625560924159178 ] ] ] } },
{ "type": "Feature", "properties": { "gridid": "298533", "time_bucket": null, "people_move_all": 0.0 }, "geometry": { "type": "Polygon", "coordinates": [ [ [ 121.49925873124954, 23.679603195654142 ], [ 121.496807649211306, 23.679611076505171 ], [ 121.496816185694499, 23.681868479305177 ], [ 121.499267309844598, 23.681860597612996 ], [ 121.49925873124954, 23.679603195654142 ] ] ] } },
{ "type": "Feature", "properties": { "gridid": "295351", "time_bucket": null, "people_move_all": 0.0 }, "geometry": { "type": "Polygon", "coordinates": [ [ [ 121.496764983238435, 23.668324052569503 ], [ 121.494314110621431, 23.668331890453562 ], [ 121.494322599718657, 23.670589297392873 ], [ 121.496773514421477, 23.670581458671954 ], [ 121.496764983238435, 23.668324052569503 ] ] ] } },
{ "type": "Feature", "properties": { "gridid": "287538", "time_bucket": null, "people_move_all": 0.0 }, "geometry": { "type": "Polygon", "coordinates": [ [ [ 121.479510092982338, 23.641289109851382 ], [ 121.477059717722042, 23.641296666709025 ], [ 121.477067900005807, 23.643554087308857 ], [ 121.479518317289802, 23.643546529643643 ], [ 121.479510092982338, 23.641289109851382 ] ] ] } },
{ "type": "Feature", "properties": { "gridid": "291458", "time_bucket": null, "people_move_all": 0.0 }, "geometry": { "type": "Polygon", "coordinates": [ [ [ 121.513868129254746, 23.6547236875031 ], [ 121.511417516567732, 23.654731791523282 ], [ 121.51142629371833, 23.656989196480041 ], [ 121.513876948459199, 23.656981091594204 ], [ 121.513868129254746, 23.6547236875031 ] ] ] } },
{ "type": "Feature", "properties": { "gridid": "271593", "time_bucket": null, "people_move_all": 0.0 }, "geometry": { "type": "Polygon", "coordinates": [ [ [ 121.42297729856314, 23.587274429870668 ], [ 121.420527908274636, 23.587281079232387 ], [ 121.420535102486838, 23.589538533066605 ], [ 121.422984534675408, 23.589531882993036 ], [ 121.42297729856314, 23.587274429870668 ] ] ] } },
{ "type": "Feature", "properties": { "gridid": "287500", "time_bucket": null, "people_move_all": 0.0 }, "geometry": { "type": "Polygon", "coordinates": [ [ [ 121.386395162945803, 23.641549054961114 ], [ 121.383944752710221, 23.641555140698305 ], [ 121.383951338041058, 23.643812588920181 ], [ 121.386401790302955, 23.643806502532634 ], [ 121.386395162945803, 23.641549054961114 ] ] ] } },
{ "type": "Feature", "properties": { "gridid": "305409", "time_bucket": null, "people_move_all": 0.0 }, "geometry": { "type": "Polygon", "coordinates": [ [ [ 121.511610866045629, 23.704394547916401 ], [ 121.509159325872844, 23.7044026321602 ], [ 121.509168084869842, 23.706660023441941 ], [ 121.511619667211662, 23.706651938335995 ], [ 121.511610866045629, 23.704394547916401 ] ] ] } },
{ "type": "Feature", "properties": { "gridid": "276236", "time_bucket": null, "people_move_all": 0.0 }, "geometry": { "type": "Polygon", "coordinates": [ [ [ 121.366685028045268, 23.603219860945977 ], [ 121.364235325064485, 23.603225626473115 ], [ 121.364241560985732, 23.605483090936328 ], [ 121.366691305904581, 23.605477324792286 ], [ 121.366685028045268, 23.603219860945977 ] ] ] } },
{ "type": "Feature", "properties": { "gridid": "278264", "time_bucket": null, "people_move_all": 0.0 }, "geometry": { "type": "Polygon", "coordinates": [ [ [ 121.435298734530491, 23.609815069262492 ], [ 121.4328489295644, 23.609821919023254 ], [ 121.432856342493551, 23.612079362674823 ], [ 121.435306189411534, 23.6120725121813 ], [ 121.435298734530491, 23.609815069262492 ] ] ] } },
{ "type": "Feature", "properties": { "gridid": "278930", "time_bucket": null, "people_move_all": 0.0 }, "geometry": { "type": "Polygon", "coordinates": [ [ [ 121.440205880157109, 23.612058695201927 ], [ 121.437756035098985, 23.612065623015102 ], [ 121.437763532864423, 23.6143230645385 ], [ 121.440213419879512, 23.614316135984264 ], [ 121.440205880157109, 23.612058695201927 ] ] ] } },
{ "type": "Feature", "properties": { "gridid": "278900", "time_bucket": null, "people_move_all": 0.0 }, "geometry": { "type": "Polygon", "coordinates": [ [ [ 121.366710144380036, 23.612249712425559 ], [ 121.364260273615699, 23.612255480420469 ], [ 121.36426651264054, 23.614512942252599 ], [ 121.366716425363791, 23.614507173640693 ], [ 121.366710144380036, 23.612249712425559 ] ] ] } },
{ "type": "Feature", "properties": { "gridid": "281546", "time_bucket": null, "people_move_all": 0.0 }, "geometry": { "type": "Polygon", "coordinates": [ [ [ 121.378985453827198, 23.62125012077939 ], [ 121.376535419155246, 23.621256084631469 ], [ 121.376541871183079, 23.623513540705005 ], [ 121.37899194783455, 23.623507576215165 ], [ 121.378985453827198, 23.62125012077939 ] ] ] } },
{ "type": "Feature", "properties": { "gridid": "278238", "time_bucket": null, "people_move_all": 0.0 }, "geometry": { "type": "Polygon", "coordinates": [ [ [ 121.371603519055057, 23.609980599769546 ], [ 121.369153691811931, 23.609986444461899 ], [ 121.369160013968155, 23.612243905713793 ], [ 121.371609883164851, 23.612238060396191 ], [ 121.371603519055057, 23.609980599769546 ] ] ] } },
{ "type": "Feature", "properties": { "gridid": "275587", "time_bucket": null, "people_move_all": 0.0 }, "geometry": { "type": "Polygon", "coordinates": [ [ [ 121.410772511650137, 23.600852020550761 ], [ 121.408322865456697, 23.600858480985718 ], [ 121.408329855384011, 23.603115934369924 ], [ 121.410779543509165, 23.603109473243649 ], [ 121.410772511650137, 23.600852020550761 ] ] ] } },
{ "type": "Feature", "properties": { "gridid": "274236", "time_bucket": null, "people_move_all": 0.0 }, "geometry": { "type": "Polygon", "coordinates": [ [ [ 121.369115775969689, 23.596441663179675 ], [ 121.366666199552583, 23.59644746548863 ], [ 121.366672475069151, 23.598704931307807 ], [ 121.369122093408606, 23.598699128377863 ], [ 121.369115775969689, 23.596441663179675 ] ] ] } },
{ "type": "Feature", "properties": { "gridid": "280887", "time_bucket": null, "people_move_all": 0.0 }, "geometry": { "type": "Polygon", "coordinates": [ [ [ 121.374078975016516, 23.619004552509701 ], [ 121.371628980719535, 23.619010438376844 ], [ 121.371635347996275, 23.621267896371577 ], [ 121.374085384267673, 23.621262009874968 ], [ 121.374078975016516, 23.619004552509701 ] ] ] } },
{ "type": "Feature", "properties": { "gridid": "295957", "time_bucket": null, "people_move_all": 0.0 }, "geometry": { "type": "Polygon", "coordinates": [ [ [ 121.396285202127203, 23.670871057590443 ], [ 121.393834248471521, 23.670877306857797 ], [ 121.393841012825774, 23.673134743885704 ], [ 121.396292008575486, 23.673128493951154 ], [ 121.396285202127203, 23.670871057590443 ] ] ] } },
{ "type": "Feature", "properties": { "gridid": "282232", "time_bucket": null, "people_move_all": 0.0 }, "geometry": { "type": "Polygon", "coordinates": [ [ [ 121.447593747347781, 23.623324865893778 ], [ 121.445143695282567, 23.623331913453562 ], [ 121.445151323660795, 23.625589349447704 ], [ 121.447601417708867, 23.62558230113433 ], [ 121.447593747347781, 23.623324865893778 ] ] ] } },
{ "type": "Feature", "properties": { "gridid": "304176", "time_bucket": null, "people_move_all": 0.0 }, "geometry": { "type": "Polygon", "coordinates": [ [ [ 121.509141811597132, 23.699887847597946 ], [ 121.506690354659625, 23.699895891298215 ], [ 121.506699069323545, 23.702153284760378 ], [ 121.509150568419727, 23.702145240202153 ], [ 121.509141811597132, 23.699887847597946 ] ] ] } },
{ "type": "Feature", "properties": { "gridid": "282241", "time_bucket": null, "people_move_all": 0.0 }, "geometry": { "type": "Polygon", "coordinates": [ [ [ 121.469644173040436, 23.623259697308747 ], [ 121.467194129747114, 23.623267092988478 ], [ 121.467202135968463, 23.625524522051442 ], [ 121.46965222124399, 23.625517125580906 ], [ 121.469644173040436, 23.623259697308747 ] ] ] } },
{ "type": "Feature", "properties": { "gridid": "298489", "time_bucket": null, "people_move_all": 0.0 }, "geometry": { "type": "Polygon", "coordinates": [ [ [ 121.391410187597756, 23.679913264094637 ], [ 121.388959063858834, 23.679919438460988 ], [ 121.388965747344741, 23.682176874173201 ], [ 121.391416913198725, 23.682170699147843 ], [ 121.391410187597756, 23.679913264094637 ] ] ] } },
{ "type": "Feature", "properties": { "gridid": "273587", "time_bucket": null, "people_move_all": 0.0 }, "geometry": { "type": "Polygon", "coordinates": [ [ [ 121.410751421076412, 23.594079658502295 ], [ 121.408301900646833, 23.594086116863441 ], [ 121.408308887965561, 23.596343572221482 ], [ 121.410758450311221, 23.596337113169088 ], [ 121.410751421076412, 23.594079658502295 ] ] ] } },
{ "type": "Feature", "properties": { "gridid": "301689", "time_bucket": null, "people_move_all": 0.0 }, "geometry": { "type": "Polygon", "coordinates": [ [ [ 121.511558081862461, 23.690850191522252 ], [ 121.509106794593961, 23.690858270593733 ], [ 121.509115547068703, 23.693115665842285 ], [ 121.511566876474831, 23.69310758590882 ], [ 121.511558081862461, 23.690850191522252 ] ] ] } },
{ "type": "Feature", "properties": { "gridid": "276233", "time_bucket": null, "people_move_all": 0.0 }, "geometry": { "type": "Polygon", "coordinates": [ [ [ 121.359335917108282, 23.603237041597303 ], [ 121.35688621181589, 23.603242691189649 ], [ 121.356892321922629, 23.605500157478787 ], [ 121.359342069153257, 23.605494507281932 ], [ 121.359335917108282, 23.603237041597303 ] ] ] } },
{ "type": "Feature", "properties": { "gridid": "287506", "time_bucket": null, "people_move_all": 0.0 }, "geometry": { "type": "Polygon", "coordinates": [ [ [ 121.401097606356885, 23.641511727505634 ], [ 121.398647201142268, 23.641518045530461 ], [ 121.398654038630099, 23.643775489788126 ], [ 121.401104485870661, 23.643769171088124 ], [ 121.401097606356885, 23.641511727505634 ] ] ] } },
{ "type": "Feature", "properties": { "gridid": "273568", "time_bucket": null, "people_move_all": 0.0 }, "geometry": { "type": "Polygon", "coordinates": [ [ [ 121.364210389098133, 23.594195762073387 ], [ 121.361760853041915, 23.594201486504737 ], [ 121.36176704394326, 23.59645895421097 ], [ 121.364216621916725, 23.596453229166929 ], [ 121.364210389098133, 23.594195762073387 ] ] ] } },
{ "type": "Feature", "properties": { "gridid": "276234", "time_bucket": null, "people_move_all": 0.0 }, "geometry": { "type": "Polygon", "coordinates": [ [ [ 121.361785621756525, 23.603231353378092 ], [ 121.359335917229458, 23.603237041615415 ], [ 121.35934206927439, 23.605494507300051 ], [ 121.36179181573965, 23.605488818454084 ], [ 121.361785621756525, 23.603231353378092 ] ] ] } },
{ "type": "Feature", "properties": { "gridid": "271588", "time_bucket": null, "people_move_all": 0.0 }, "geometry": { "type": "Polygon", "coordinates": [ [ [ 121.410730338525838, 23.587307290553948 ], [ 121.408280943813182, 23.587313746841488 ], [ 121.408287928523933, 23.589571204172941 ], [ 121.41073736513701, 23.589564747194224 ], [ 121.410730338525838, 23.587307290553948 ] ] ] } },
{ "type": "Feature", "properties": { "gridid": "275588", "time_bucket": null, "people_move_all": 0.0 }, "geometry": { "type": "Polygon", "coordinates": [ [ [ 121.413222156246903, 23.600845521477584 ], [ 121.410772510928282, 23.600852020552285 ], [ 121.410779542787282, 23.603109473245173 ], [ 121.413229230037558, 23.603102973475025 ], [ 121.413222156246903, 23.600845521477584 ] ] ] } },
{ "type": "Feature", "properties": { "gridid": "282205", "time_bucket": null, "people_move_all": 0.0 }, "geometry": { "type": "Polygon", "coordinates": [ [ [ 121.381442024018284, 23.623501573068104 ], [ 121.378991948174431, 23.623507576239753 ], [ 121.378998442989371, 23.625765031017316 ], [ 121.38144856081793, 23.625759027203763 ], [ 121.381442024018284, 23.623501573068104 ] ] ] } },
{ "type": "Feature", "properties": { "gridid": "286223", "time_bucket": null, "people_move_all": 0.0 }, "geometry": { "type": "Polygon", "coordinates": [ [ [ 121.481943938468461, 23.636766674353073 ], [ 121.479493648261936, 23.636774268299916 ], [ 121.479501870524956, 23.639031689411294 ], [ 121.481952202744623, 23.6390240946528 ], [ 121.481943938468461, 23.636766674353073 ] ] ] } },
{ "type": "Feature", "properties": { "gridid": "295361", "time_bucket": null, "people_move_all": 0.0 }, "geometry": { "type": "Polygon", "coordinates": [ [ [ 121.521273649394828, 23.66824354185033 ], [ 121.518822787610929, 23.668251767348369 ], [ 121.518831697562689, 23.670509165732835 ], [ 121.521282601431594, 23.670500939356561 ], [ 121.521273649394828, 23.66824354185033 ] ] ] } },
{ "type": "Feature", "properties": { "gridid": "280227", "time_bucket": null, "people_move_all": 0.0 }, "geometry": { "type": "Polygon", "coordinates": [ [ [ 121.374072566429135, 23.616747094495917 ], [ 121.371622614101327, 23.616752979733619 ], [ 121.371628980586266, 23.619010438386393 ], [ 121.374078974883247, 23.61900455251925 ], [ 121.374072566429135, 23.616747094495917 ] ] ] } },
{ "type": "Feature", "properties": { "gridid": "280230", "time_bucket": null, "people_move_all": 0.0 }, "geometry": { "type": "Polygon", "coordinates": [ [ [ 121.38142241827218, 23.616729206745234 ], [ 121.378972468350995, 23.616735207991258 ], [ 121.378978960743325, 23.61899266474331 ], [ 121.381428952633513, 23.618986662855431 ], [ 121.38142241827218, 23.616729206745234 ] ] ] } },
{ "type": "Feature", "properties": { "gridid": "274253", "time_bucket": null, "people_move_all": 0.0 }, "geometry": { "type": "Polygon", "coordinates": [ [ [ 121.410758450598394, 23.596337113185111 ], [ 121.408308888252748, 23.596343572237505 ], [ 121.408315876440938, 23.598601026937644 ], [ 121.410765480707866, 23.598594567193985 ], [ 121.410758450598394, 23.596337113185111 ] ] ] } },
{ "type": "Feature", "properties": { "gridid": "281572", "time_bucket": null, "people_move_all": 0.0 }, "geometry": { "type": "Polygon", "coordinates": [ [ [ 121.442686056758163, 23.621081484968425 ], [ 121.440236044778814, 23.621088454422257 ], [ 121.440243588252969, 23.623345892569947 ], [ 121.442693642210088, 23.623338922370831 ], [ 121.442686056758163, 23.621081484968425 ] ] ] } },
{ "type": "Feature", "properties": { "gridid": "276257", "time_bucket": null, "people_move_all": 0.0 }, "geometry": { "type": "Polygon", "coordinates": [ [ [ 121.418128601954479, 23.603089858014187 ], [ 121.415678916469588, 23.603096435071958 ], [ 121.415686033077151, 23.60535388571169 ], [ 121.418135760498771, 23.605347307950179 ], [ 121.418128601954479, 23.603089858014187 ] ] ] } },
{ "type": "Feature", "properties": { "gridid": "284223", "time_bucket": null, "people_move_all": 0.0 }, "geometry": { "type": "Polygon", "coordinates": [ [ [ 121.467218151020973, 23.630039378161342 ], [ 121.464767980769622, 23.630046737521422 ], [ 121.464775947980101, 23.63230416539367 ], [ 121.467226160229373, 23.632296805246831 ], [ 121.467218151020973, 23.630039378161342 ] ] ] } },
{ "type": "Feature", "properties": { "gridid": "294700", "time_bucket": null, "people_move_all": 0.0 }, "geometry": { "type": "Polygon", "coordinates": [ [ [ 121.486953123981522, 23.666097761516621 ], [ 121.484502289258558, 23.666105443532896 ], [ 121.484510608978027, 23.668362854438481 ], [ 121.486961485781904, 23.668355171601924 ], [ 121.486953123981522, 23.666097761516621 ] ] ] } },
{ "type": "Feature", "properties": { "gridid": "291448", "time_bucket": null, "people_move_all": 0.0 }, "geometry": { "type": "Polygon", "coordinates": [ [ [ 121.48936195386193, 23.654802984462069 ], [ 121.486911330503517, 23.654810701114496 ], [ 121.486919687110728, 23.657068114500266 ], [ 121.489370352523835, 23.65706039702356 ], [ 121.48936195386193, 23.654802984462069 ] ] ] } },
{ "type": "Feature", "properties": { "gridid": "270254", "time_bucket": null, "people_move_all": 0.0 }, "geometry": { "type": "Polygon", "coordinates": [ [ [ 121.413165598122902, 23.582785881831715 ], [ 121.410716288069693, 23.582792375343637 ], [ 121.410723312932149, 23.585049833299319 ], [ 121.413172664875233, 23.585043339092127 ], [ 121.413165598122902, 23.582785881831715 ] ] ] } },
{ "type": "Feature", "properties": { "gridid": "281570", "time_bucket": null, "people_move_all": 0.0 }, "geometry": { "type": "Polygon", "coordinates": [ [ [ 121.437786031671436, 23.621095385203574 ], [ 121.435336017821243, 23.621102277304775 ], [ 121.435343477339586, 23.62335971693064 ], [ 121.437793533167707, 23.623352824092414 ], [ 121.437786031671436, 23.621095385203574 ] ] ] } },
{ "type": "Feature", "properties": { "gridid": "270252", "time_bucket": null, "people_move_all": 0.0 }, "geometry": { "type": "Polygon", "coordinates": [ [ [ 121.408266976884562, 23.582798830247285 ], [ 121.405817665088037, 23.582805246545789 ], [ 121.405824606170398, 23.585062705879601 ], [ 121.40827395985697, 23.585056288894101 ], [ 121.408266976884562, 23.582798830247285 ] ] ] } },
{ "type": "Feature", "properties": { "gridid": "306637", "time_bucket": null, "people_move_all": 0.0 }, "geometry": { "type": "Polygon", "coordinates": [ [ [ 121.516531715852622, 23.708893039645112 ], [ 121.514080093527056, 23.708901203284803 ], [ 121.514088939057729, 23.711158591515332 ], [ 121.516540603562618, 23.711150427005148 ], [ 121.516531715852622, 23.708893039645112 ] ] ] } },
{ "type": "Feature", "properties": { "gridid": "297274", "time_bucket": null, "people_move_all": 0.0 }, "geometry": { "type": "Polygon", "coordinates": [ [ [ 121.513947541669737, 23.675040300474578 ], [ 121.511496550309587, 23.675048412286724 ], [ 121.5115053372798, 23.677305811299263 ], [ 121.513956370740885, 23.677297698621203 ], [ 121.513947541669737, 23.675040300474578 ] ] ] } },
{ "type": "Feature", "properties": { "gridid": "282901", "time_bucket": null, "people_move_all": 0.0 }, "geometry": { "type": "Polygon", "coordinates": [ [ [ 121.474552388541639, 23.625502216553574 ], [ 121.472102305273012, 23.625509690391684 ], [ 121.472110396464743, 23.627767117209732 ], [ 121.474560521720619, 23.627759642572514 ], [ 121.474552388541639, 23.625502216553574 ] ] ] } },
{ "type": "Feature", "properties": { "gridid": "272920", "time_bucket": null, "people_move_all": 0.0 }, "geometry": { "type": "Polygon", "coordinates": [ [ [ 121.413193870164307, 23.591815706854547 ], [ 121.410744392520115, 23.591822203147679 ], [ 121.410751420880302, 23.594079658472353 ], [ 121.413200940435274, 23.594073161483863 ], [ 121.413193870164307, 23.591815706854547 ] ] ] } },
{ "type": "Feature", "properties": { "gridid": "283558", "time_bucket": null, "people_move_all": 0.0 }, "geometry": { "type": "Polygon", "coordinates": [ [ [ 121.459859754988287, 23.627803910087046 ], [ 121.457409623773927, 23.627811152595978 ], [ 121.457417464015265, 23.630068583462762 ], [ 121.459867637222558, 23.630061340179516 ], [ 121.459859754988287, 23.627803910087046 ] ] ] } },
{ "type": "Feature", "properties": { "gridid": "299119", "time_bucket": null, "people_move_all": 0.0 }, "geometry": { "type": "Polygon", "coordinates": [ [ [ 121.388965747714138, 23.68217687416049 ], [ 121.386514581030028, 23.682183010396678 ], [ 121.386521223225699, 23.684440446104244 ], [ 121.388972432030172, 23.684434309213174 ], [ 121.388965747714138, 23.68217687416049 ] ] ] } },
{ "type": "Feature", "properties": { "gridid": "301690", "time_bucket": null, "people_move_all": 0.0 }, "geometry": { "type": "Polygon", "coordinates": [ [ [ 121.514009368247699, 23.690842073652941 ], [ 121.51155808207119, 23.690850191527115 ], [ 121.511566876683546, 23.693107585913687 ], [ 121.514018204997626, 23.693099467173397 ], [ 121.514009368247699, 23.690842073652941 ] ] ] } },
{ "type": "Feature", "properties": { "gridid": "299796", "time_bucket": null, "people_move_all": 0.0 }, "geometry": { "type": "Polygon", "coordinates": [ [ [ 121.499275889301117, 23.684117998972603 ], [ 121.496824723033882, 23.684125881505935 ], [ 121.49683326163769, 23.686383282984632 ], [ 121.499284470027249, 23.686375399610093 ], [ 121.499275889301117, 23.684117998972603 ] ] ] } },
{ "type": "Feature", "properties": { "gridid": "290751", "time_bucket": null, "people_move_all": 0.0 }, "geometry": { "type": "Polygon", "coordinates": [ [ [ 121.38642830798436, 23.652836286279467 ], [ 121.383977687564908, 23.652842375268662 ], [ 121.383984276989423, 23.655099820196661 ], [ 121.38643493946131, 23.655093730556992 ], [ 121.38642830798436, 23.652836286279467 ] ] ] } },
{ "type": "Feature", "properties": { "gridid": "299116", "time_bucket": null, "people_move_all": 0.0 }, "geometry": { "type": "Polygon", "coordinates": [ [ [ 121.38161224512433, 23.682195166571386 ], [ 121.379161075981216, 23.682201186439713 ], [ 121.379167591815445, 23.68445862408711 ], [ 121.381618803079107, 23.6844526035763 ], [ 121.38161224512433, 23.682195166571386 ] ] ] } },
{ "type": "Feature", "properties": { "gridid": "290753", "time_bucket": null, "people_move_all": 0.0 }, "geometry": { "type": "Polygon", "coordinates": [ [ [ 121.391329546105311, 23.652823992098675 ], [ 121.388878927339235, 23.652830158558675 ], [ 121.388885600868562, 23.655087602181599 ], [ 121.391336261686945, 23.655081435062865 ], [ 121.391329546105311, 23.652823992098675 ] ] ] } },
{ "type": "Feature", "properties": { "gridid": "299806", "time_bucket": null, "people_move_all": 0.0 }, "geometry": { "type": "Polygon", "coordinates": [ [ [ 121.52378749324582, 23.684037040130608 ], [ 121.521336337869798, 23.68404531056699 ], [ 121.521345297693401, 23.686302703447438 ], [ 121.523796495190936, 23.686294432128467 ], [ 121.52378749324582, 23.684037040130608 ] ] ] } },
{ "type": "Feature", "properties": { "gridid": "284217", "time_bucket": null, "people_move_all": 0.0 }, "geometry": { "type": "Polygon", "coordinates": [ [ [ 121.452517114947895, 23.630082953915394 ], [ 121.45006693883164, 23.630090081121256 ], [ 121.450074654052912, 23.632347513627149 ], [ 121.452524872167572, 23.632340385659358 ], [ 121.452517114947895, 23.630082953915394 ] ] ] } },
{ "type": "Feature", "properties": { "gridid": "298486", "time_bucket": null, "people_move_all": 0.0 }, "geometry": { "type": "Polygon", "coordinates": [ [ [ 121.384056814007749, 23.679931670893069 ], [ 121.381605687794305, 23.67993772890415 ], [ 121.381612244934658, 23.682195166568544 ], [ 121.384063413263334, 23.682189107910876 ], [ 121.384056814007749, 23.679931670893069 ] ] ] } },
{ "type": "Feature", "properties": { "gridid": "294711", "time_bucket": null, "people_move_all": 0.0 }, "geometry": { "type": "Polygon", "coordinates": [ [ [ 121.51391223668179, 23.666010701287156 ], [ 121.511461413673089, 23.666018809635926 ], [ 121.511470196278225, 23.668276211290816 ], [ 121.513921061366929, 23.668268102076247 ], [ 121.51391223668179, 23.666010701287156 ] ] ] } },
{ "type": "Feature", "properties": { "gridid": "276903", "time_bucket": null, "people_move_all": 0.0 }, "geometry": { "type": "Polygon", "coordinates": [ [ [ 121.366691305625068, 23.605477324765854 ], [ 121.364241560706233, 23.605483090909892 ], [ 121.36424779740328, 23.607740554715409 ], [ 121.366697584265395, 23.607734787954435 ], [ 121.366691305625068, 23.605477324765854 ] ] ] } },
{ "type": "Feature", "properties": { "gridid": "303561", "time_bucket": null, "people_move_all": 0.0 }, "geometry": { "type": "Polygon", "coordinates": [ [ [ 121.518938703566477, 23.697597894799152 ], [ 121.516487293161774, 23.697606092901776 ], [ 121.51649617535702, 23.699863483568524 ], [ 121.518947627914812, 23.699855284591411 ], [ 121.518938703566477, 23.697597894799152 ] ] ] } },
{ "type": "Feature", "properties": { "gridid": "282902", "time_bucket": null, "people_move_all": 0.0 }, "geometry": { "type": "Polygon", "coordinates": [ [ [ 121.477002471042368, 23.625494704012315 ], [ 121.474552388785014, 23.625502216534123 ], [ 121.474560521964023, 23.627759642553059 ], [ 121.477010646208569, 23.627752129228014 ], [ 121.477002471042368, 23.625494704012315 ] ] ] } },
{ "type": "Feature", "properties": { "gridid": "284889", "time_bucket": null, "people_move_all": 0.0 }, "geometry": { "type": "Polygon", "coordinates": [ [ [ 121.472126581521763, 23.632281968891732 ], [ 121.469676371269401, 23.63228940643107 ], [ 121.469684423476735, 23.634546832066395 ], [ 121.472134675732121, 23.634539393731995 ], [ 121.472126581521763, 23.632281968891732 ] ] ] } },
{ "type": "Feature", "properties": { "gridid": "299799", "time_bucket": null, "people_move_all": 0.0 }, "geometry": { "type": "Polygon", "coordinates": [ [ [ 121.506629381511559, 23.684094118557915 ], [ 121.504178218456758, 23.684102117462881 ], [ 121.504186883427366, 23.686359516405563 ], [ 121.506638088604262, 23.686351516646983 ], [ 121.506629381511559, 23.684094118557915 ] ] ] } },
{ "type": "Feature", "properties": { "gridid": "284225", "time_bucket": null, "people_move_all": 0.0 }, "geometry": { "type": "Polygon", "coordinates": [ [ [ 121.472118488024719, 23.630024543360125 ], [ 121.469668319770136, 23.630031980104441 ], [ 121.469676370976401, 23.632289406399039 ], [ 121.472126581228778, 23.632281968859697 ], [ 121.472118488024719, 23.630024543360125 ] ] ] } },
{ "type": "Feature", "properties": { "gridid": "274905", "time_bucket": null, "people_move_all": 0.0 }, "geometry": { "type": "Polygon", "coordinates": [ [ [ 121.374021327822931, 23.598687406586109 ], [ 121.371571711060824, 23.598693286789032 ], [ 121.371578071213321, 23.600950750704481 ], [ 121.374027729902878, 23.600944869872286 ], [ 121.374021327822931, 23.598687406586109 ] ] ] } },
{ "type": "Feature", "properties": { "gridid": "275585", "time_bucket": null, "people_move_all": 0.0 }, "geometry": { "type": "Polygon", "coordinates": [ [ [ 121.405873218448889, 23.600864902803409 ], [ 121.403423570521497, 23.600871285958696 ], [ 121.403430476585157, 23.603128740713128 ], [ 121.405880166444433, 23.603122356874792 ], [ 121.405873218448889, 23.600864902803409 ] ] ] } },
{ "type": "Feature", "properties": { "gridid": "281545", "time_bucket": null, "people_move_all": 0.0 }, "geometry": { "type": "Polygon", "coordinates": [ [ [ 121.376535419218115, 23.621256084700402 ], [ 121.374085383743818, 23.621262009874762 ], [ 121.374091793792104, 23.623519466581918 ], [ 121.376541871245948, 23.623513540773931 ], [ 121.376535419218115, 23.621256084700402 ] ] ] } },
{ "type": "Feature", "properties": { "gridid": "280893", "time_bucket": null, "people_move_all": 0.0 }, "geometry": { "type": "Polygon", "coordinates": [ [ [ 121.388778923663551, 23.618968425114826 ], [ 121.386328934227123, 23.618974543022986 ], [ 121.386335553349411, 23.621231997178899 ], [ 121.388785584759901, 23.621225878616467 ], [ 121.388778923663551, 23.618968425114826 ] ] ] } },
{ "type": "Feature", "properties": { "gridid": "284884", "time_bucket": null, "people_move_all": 0.0 }, "geometry": { "type": "Polygon", "coordinates": [ [ [ 121.459875520006278, 23.632318769570809 ], [ 121.457425304800822, 23.63232601362839 ], [ 121.457433146991988, 23.634583443176922 ], [ 121.459883404200838, 23.63457619834497 ], [ 121.459875520006278, 23.632318769570809 ] ] ] } },
{ "type": "Feature", "properties": { "gridid": "291459", "time_bucket": null, "people_move_all": 0.0 }, "geometry": { "type": "Polygon", "coordinates": [ [ [ 121.516318740679864, 23.654715544668768 ], [ 121.513868129088735, 23.654723687425349 ], [ 121.51387694829323, 23.656981091516453 ], [ 121.516327601938144, 23.656972947890075 ], [ 121.516318740679864, 23.654715544668768 ] ] ] } },
{ "type": "Feature", "properties": { "gridid": "282897", "time_bucket": null, "people_move_all": 0.0 }, "geometry": { "type": "Polygon", "coordinates": [ [ [ 121.46475204951291, 23.625531879839574 ], [ 121.462301962251388, 23.625539198942292 ], [ 121.462309885493283, 23.627796628915412 ], [ 121.464760014742367, 23.627789309030131 ], [ 121.46475204951291, 23.625531879839574 ] ] ] } },
{ "type": "Feature", "properties": { "gridid": "272254", "time_bucket": null, "people_move_all": 0.0 }, "geometry": { "type": "Polygon", "coordinates": [ [ [ 121.413186800650095, 23.589558251573816 ], [ 121.410737364911469, 23.589564747171615 ], [ 121.410744392397106, 23.591822203154109 ], [ 121.413193870041297, 23.591815706860974 ], [ 121.413186800650095, 23.589558251573816 ] ] ] } },
{ "type": "Feature", "properties": { "gridid": "290757", "time_bucket": null, "people_move_all": 0.0 }, "geometry": { "type": "Polygon", "coordinates": [ [ [ 121.401132012316182, 23.652798938862247 ], [ 121.398681396919599, 23.652805260263204 ], [ 121.398688238657812, 23.655062701226328 ], [ 121.401138896106474, 23.655056379150086 ], [ 121.401132012316182, 23.652798938862247 ] ] ] } },
{ "type": "Feature", "properties": { "gridid": "282208", "time_bucket": null, "people_move_all": 0.0 }, "geometry": { "type": "Polygon", "coordinates": [ [ [ 121.388792246814361, 23.62348333151775 ], [ 121.386342173424623, 23.623489450734489 ], [ 121.38634879419341, 23.625746903573905 ], [ 121.38879890956764, 23.625740783702845 ], [ 121.388792246814361, 23.62348333151775 ] ] ] } },
{ "type": "Feature", "properties": { "gridid": "283563", "time_bucket": null, "people_move_all": 0.0 }, "geometry": { "type": "Polygon", "coordinates": [ [ [ 121.47211039653024, 23.627767117228512 ], [ 121.469660270268193, 23.62777455317784 ], [ 121.469668320473488, 23.63003198013168 ], [ 121.472118488728086, 23.63002454338735 ], [ 121.47211039653024, 23.627767117228512 ] ] ] } },
{ "type": "Feature", "properties": { "gridid": "293406", "time_bucket": null, "people_move_all": 0.0 }, "geometry": { "type": "Polygon", "coordinates": [ [ [ 121.50164088557878, 23.66153604332753 ], [ 121.499190141312198, 23.661543956199683 ], [ 121.4991987113862, 23.663801363442115 ], [ 121.501649497722767, 23.663793449724906 ], [ 121.50164088557878, 23.66153604332753 ] ] ] } },
{ "type": "Feature", "properties": { "gridid": "290094", "time_bucket": null, "people_move_all": 0.0 }, "geometry": { "type": "Polygon", "coordinates": [ [ [ 121.379069939662813, 23.650596990106493 ], [ 121.376619358849894, 23.65060296225106 ], [ 121.376625821313482, 23.652860409764436 ], [ 121.379076444173819, 23.652854436981833 ], [ 121.379069939662813, 23.650596990106493 ] ] ] } },
{ "type": "Feature", "properties": { "gridid": "293358", "time_bucket": null, "people_move_all": 0.0 }, "geometry": { "type": "Polygon", "coordinates": [ [ [ 121.384004049907958, 23.661872150946142 ], [ 121.381553260428262, 23.661878203785303 ], [ 121.381559811055382, 23.664135646723754 ], [ 121.384010642608487, 23.664129593238176 ], [ 121.384004049907958, 23.661872150946142 ] ] ] } },
{ "type": "Feature", "properties": { "gridid": "304793", "time_bucket": null, "people_move_all": 0.0 }, "geometry": { "type": "Polygon", "coordinates": [ [ [ 121.516505059249937, 23.702120873660267 ], [ 121.514053563430963, 23.702129034688657 ], [ 121.514062405668227, 23.704386424903273 ], [ 121.516513943650835, 23.704378263004475 ], [ 121.516505059249937, 23.702120873660267 ] ] ] } },
{ "type": "Feature", "properties": { "gridid": "293409", "time_bucket": null, "people_move_all": 0.0 }, "geometry": { "type": "Polygon", "coordinates": [ [ [ 121.508993111861187, 23.6615120722808 ], [ 121.506542370820256, 23.661520101400221 ], [ 121.506551067103928, 23.66377750609508 ], [ 121.509001850214602, 23.663769476118194 ], [ 121.508993111861187, 23.6615120722808 ] ] ] } },
{ "type": "Feature", "properties": { "gridid": "297910", "time_bucket": null, "people_move_all": 0.0 }, "geometry": { "type": "Polygon", "coordinates": [ [ [ 121.521309464361167, 23.677273127913139 ], [ 121.518858434205924, 23.677281356924347 ], [ 121.518867348585857, 23.679538752665916 ], [ 121.521318420847024, 23.679530522776357 ], [ 121.521309464361167, 23.677273127913139 ] ] ] } },
{ "type": "Feature", "properties": { "gridid": "298544", "time_bucket": null, "people_move_all": 0.0 }, "geometry": { "type": "Polygon", "coordinates": [ [ [ 121.526220562633043, 23.679513946704724 ], [ 121.523769492602057, 23.679522254157643 ], [ 121.523778492311493, 23.681779647477455 ], [ 121.52622960445342, 23.68177133913786 ], [ 121.526220562633043, 23.679513946704724 ] ] ] } },
{ "type": "Feature", "properties": { "gridid": "286879", "time_bucket": null, "people_move_all": 0.0 }, "geometry": { "type": "Polygon", "coordinates": [ [ [ 121.472150867028375, 23.639054241386631 ], [ 121.469700530751311, 23.639061681311212 ], [ 121.46970858596228, 23.6413191049684 ], [ 121.472158964258014, 23.64131166424869 ], [ 121.472150867028375, 23.639054241386631 ] ] ] } },
{ "type": "Feature", "properties": { "gridid": "294662", "time_bucket": null, "people_move_all": 0.0 }, "geometry": { "type": "Polygon", "coordinates": [ [ [ 121.393820722345751, 23.66636243074683 ], [ 121.391369852022251, 23.666368639919764 ], [ 121.39137657261243, 23.668626078929314 ], [ 121.393827485019528, 23.668619869093366 ], [ 121.393820722345751, 23.66636243074683 ] ] ] } },
{ "type": "Feature", "properties": { "gridid": "291404", "time_bucket": null, "people_move_all": 0.0 }, "geometry": { "type": "Polygon", "coordinates": [ [ [ 121.381533613473849, 23.655105871076454 ], [ 121.379082949369348, 23.655111883236835 ], [ 121.379089455497223, 23.657369328794481 ], [ 121.381540161659515, 23.657363315991891 ], [ 121.381533613473849, 23.655105871076454 ] ] ] } },
{ "type": "Feature", "properties": { "gridid": "298488", "time_bucket": null, "people_move_all": 0.0 }, "geometry": { "type": "Polygon", "coordinates": [ [ [ 121.38895906407032, 23.679919438458683 ], [ 121.386507939501342, 23.679925574039995 ], [ 121.386514580872117, 23.682183010407076 ], [ 121.388965747556227, 23.682176874170889 ], [ 121.38895906407032, 23.679919438458683 ] ] ] } },
{ "type": "Feature", "properties": { "gridid": "298484", "time_bucket": null, "people_move_all": 0.0 }, "geometry": { "type": "Polygon", "coordinates": [ [ [ 121.379154560934779, 23.679943748135834 ], [ 121.37670343309783, 23.679949728576474 ], [ 121.376709906007505, 23.682207167521621 ], [ 121.379161075959843, 23.682201186442679 ], [ 121.379154560934779, 23.679943748135834 ] ] ] } },
{ "type": "Feature", "properties": { "gridid": "282242", "time_bucket": null, "people_move_all": 0.0 }, "geometry": { "type": "Polygon", "coordinates": [ [ [ 121.472094214548989, 23.623252262865346 ], [ 121.469644172256437, 23.623259697224753 ], [ 121.469652220459963, 23.625517125496906 ], [ 121.472102304734662, 23.625509690342561 ], [ 121.472094214548989, 23.623252262865346 ] ] ] } },
{ "type": "Feature", "properties": { "gridid": "297228", "time_bucket": null, "people_move_all": 0.0 }, "geometry": { "type": "Polygon", "coordinates": [ [ [ 121.401200889428196, 23.675373312076424 ], [ 121.398749853275746, 23.675379640231348 ], [ 121.398756703519638, 23.677637074601805 ], [ 121.401207781776421, 23.677630745771364 ], [ 121.401200889428196, 23.675373312076424 ] ] ] } },
{ "type": "Feature", "properties": { "gridid": "297217", "time_bucket": null, "people_move_all": 0.0 }, "geometry": { "type": "Polygon", "coordinates": [ [ [ 121.374239445539914, 23.675440789058698 ], [ 121.37178840031568, 23.6754466906687 ], [ 121.37179478740758, 23.677704132196677 ], [ 121.374245874736857, 23.67769822995669 ], [ 121.374239445539914, 23.675440789058698 ] ] ] } },
{ "type": "Feature", "properties": { "gridid": "292710", "time_bucket": null, "people_move_all": 0.0 }, "geometry": { "type": "Polygon", "coordinates": [ [ [ 121.391349694943543, 23.659596318997494 ], [ 121.388898950004844, 23.659602487433769 ], [ 121.388905626022449, 23.661859929079665 ], [ 121.391356413029143, 23.66185375998457 ], [ 121.391349694943543, 23.659596318997494 ] ] ] } },
{ "type": "Feature", "properties": { "gridid": "289493", "time_bucket": null, "people_move_all": 0.0 }, "geometry": { "type": "Polygon", "coordinates": [ [ [ 121.499138743176758, 23.647999498925941 ], [ 121.496688250155998, 23.648007368003963 ], [ 121.496696771803869, 23.650264780047813 ], [ 121.499147306863335, 23.650256910129041 ], [ 121.499138743176758, 23.647999498925941 ] ] ] } },
{ "type": "Feature", "properties": { "gridid": "296593", "time_bucket": null, "people_move_all": 0.0 }, "geometry": { "type": "Polygon", "coordinates": [ [ [ 121.398743003280373, 23.673122205234439 ], [ 121.396292008376236, 23.673128493941448 ], [ 121.396298815670065, 23.675385929642744 ], [ 121.398749852673404, 23.675379640264378 ], [ 121.398743003280373, 23.673122205234439 ] ] ] } },
{ "type": "Feature", "properties": { "gridid": "296005", "time_bucket": null, "people_move_all": 0.0 }, "geometry": { "type": "Polygon", "coordinates": [ [ [ 121.513929886670624, 23.670525502180848 ], [ 121.511478979496658, 23.670533612261249 ], [ 121.511487764284155, 23.672791012595059 ], [ 121.513938713548612, 23.672782901648798 ], [ 121.513929886670624, 23.670525502180848 ] ] ] } },
{ "type": "Feature", "properties": { "gridid": "297220", "time_bucket": null, "people_move_all": 0.0 }, "geometry": { "type": "Polygon", "coordinates": [ [ [ 121.381592576176828, 23.675422851547477 ], [ 121.379141533363949, 23.675428869488531 ], [ 121.379148046770766, 23.677686309114129 ], [ 121.381599131688489, 23.677680290530667 ], [ 121.381592576176828, 23.675422851547477 ] ] ] } },
{ "type": "Feature", "properties": { "gridid": "294053", "time_bucket": null, "people_move_all": 0.0 }, "geometry": { "type": "Polygon", "coordinates": [ [ [ 121.491846345344825, 23.66382487206792 ], [ 121.489395554780202, 23.66383263077126 ], [ 121.489403957617412, 23.66609004069236 ], [ 121.491854790257563, 23.666082281160488 ], [ 121.491846345344825, 23.66382487206792 ] ] ] } },
{ "type": "Feature", "properties": { "gridid": "291452", "time_bucket": null, "people_move_all": 0.0 }, "geometry": { "type": "Polygon", "coordinates": [ [ [ 121.499164436649906, 23.654771730553257 ], [ 121.496713817497366, 23.654779602153592 ], [ 121.496722342322883, 23.657037012217408 ], [ 121.499173003529819, 23.657029139776238 ], [ 121.499164436649906, 23.654771730553257 ] ] ] } },
{ "type": "Feature", "properties": { "gridid": "298535", "time_bucket": null, "people_move_all": 0.0 }, "geometry": { "type": "Polygon", "coordinates": [ [ [ 121.504160892069692, 23.679587317617123 ], [ 121.501709812167547, 23.679595276032753 ], [ 121.501718432874426, 23.681852677146335 ], [ 121.504169554888293, 23.681844717881287 ], [ 121.504160892069692, 23.679587317617123 ] ] ] } },
{ "type": "Feature", "properties": { "gridid": "274901", "time_bucket": null, "people_move_all": 0.0 }, "geometry": { "type": "Polygon", "coordinates": [ [ [ 121.364222855245004, 23.598710695617175 ], [ 121.361773235349062, 23.598716421273927 ], [ 121.361779427791163, 23.600973887665138 ], [ 121.364229089614781, 23.600968161395649 ], [ 121.364222855245004, 23.598710695617175 ] ] ] } },
{ "type": "Feature", "properties": { "gridid": "280256", "time_bucket": null, "people_move_all": 0.0 }, "geometry": { "type": "Polygon", "coordinates": [ [ [ 121.445120816273572, 23.61655960149568 ], [ 121.442670889177293, 23.616566608126963 ], [ 121.44267847274277, 23.618824046846836 ], [ 121.445128441806347, 23.618817039466176 ], [ 121.445120816273572, 23.61655960149568 ] ] ] } },
{ "type": "Feature", "properties": { "gridid": "296591", "time_bucket": null, "people_move_all": 0.0 }, "geometry": { "type": "Polygon", "coordinates": [ [ [ 121.393841013222541, 23.6731347438397 ], [ 121.391390016632499, 23.673140955001745 ], [ 121.391396739727796, 23.675398392033344 ], [ 121.393847778417125, 23.675392180208217 ], [ 121.393841013222541, 23.6731347438397 ] ] ] } },
{ "type": "Feature", "properties": { "gridid": "295349", "time_bucket": null, "people_move_all": 0.0 }, "geometry": { "type": "Polygon", "coordinates": [ [ [ 121.49186323637629, 23.668339689598596 ], [ 121.489412361655397, 23.668347449959029 ], [ 121.489420766580722, 23.670604858559646 ], [ 121.491871683387615, 23.670597097370631 ], [ 121.49186323637629, 23.668339689598596 ] ] ] } },
{ "type": "Feature", "properties": { "gridid": "278903", "time_bucket": null, "people_move_all": 0.0 }, "geometry": { "type": "Polygon", "coordinates": [ [ [ 121.374059752262099, 23.612232176468378 ], [ 121.371609883857047, 23.612238060447265 ], [ 121.371616248758514, 23.614495520416 ], [ 121.374066159122322, 23.614489635807715 ], [ 121.374059752262099, 23.612232176468378 ] ] ] } },
{ "type": "Feature", "properties": { "gridid": "275568", "time_bucket": null, "people_move_all": 0.0 }, "geometry": { "type": "Polygon", "coordinates": [ [ [ 121.364229089822317, 23.600968161339068 ], [ 121.36177942799867, 23.600973887608561 ], [ 121.361785621211254, 23.603231353342181 ], [ 121.364235324967794, 23.603225626459935 ], [ 121.364229089822317, 23.600968161339068 ] ] ] } },
{ "type": "Feature", "properties": { "gridid": "296635", "time_bucket": null, "people_move_all": 0.0 }, "geometry": { "type": "Polygon", "coordinates": [ [ [ 121.501683957110828, 23.672823068763112 ], [ 121.499233002442082, 23.672830985860813 ], [ 121.499241577841133, 23.675088389801374 ], [ 121.501692574605997, 23.675080471858475 ], [ 121.501683957110828, 23.672823068763112 ] ] ] } },
{ "type": "Feature", "properties": { "gridid": "297903", "time_bucket": null, "people_move_all": 0.0 }, "geometry": { "type": "Polygon", "coordinates": [ [ [ 121.504152230553089, 23.677329916712015 ], [ 121.501701192757452, 23.677337874278262 ], [ 121.501709812393671, 23.679595276052485 ], [ 121.504160892295829, 23.679587317636852 ], [ 121.504152230553089, 23.677329916712015 ] ] ] } },
{ "type": "Feature", "properties": { "gridid": "299747", "time_bucket": null, "people_move_all": 0.0 }, "geometry": { "type": "Polygon", "coordinates": [ [ [ 121.379167592246148, 23.684458624055932 ], [ 121.376716380173221, 23.684464605773218 ], [ 121.376722854690911, 23.68672204339946 ], [ 121.379174108889671, 23.686716061043821 ], [ 121.379167592246148, 23.684458624055932 ] ] ] } },
{ "type": "Feature", "properties": { "gridid": "286881", "time_bucket": null, "people_move_all": 0.0 }, "geometry": { "type": "Polygon", "coordinates": [ [ [ 121.477051537000676, 23.639039245477356 ], [ 121.474601202741866, 23.639046762819028 ], [ 121.474609341990089, 23.641304184881818 ], [ 121.477059718267441, 23.641296666736746 ], [ 121.477051537000676, 23.639039245477356 ] ] ] } },
{ "type": "Feature", "properties": { "gridid": "294063", "time_bucket": null, "people_move_all": 0.0 }, "geometry": { "type": "Polygon", "coordinates": [ [ [ 121.516354192605746, 23.663745153647774 ], [ 121.513903412768073, 23.663753299883719 ], [ 121.513912236356916, 23.666010701333306 ], [ 121.516363058269306, 23.666002554227457 ], [ 121.516354192605746, 23.663745153647774 ] ] ] } },
{ "type": "Feature", "properties": { "gridid": "282204", "time_bucket": null, "people_move_all": 0.0 }, "geometry": { "type": "Polygon", "coordinates": [ [ [ 121.378991948414452, 23.623507576289082 ], [ 121.376541871762981, 23.62351354077893 ], [ 121.376548324593202, 23.625770996194269 ], [ 121.37899844322942, 23.625765031066646 ], [ 121.378991948414452, 23.623507576289082 ] ] ] } },
{ "type": "Feature", "properties": { "gridid": "272259", "time_bucket": null, "people_move_all": 0.0 }, "geometry": { "type": "Polygon", "coordinates": [ [ [ 121.425433966661288, 23.589525194290722 ], [ 121.422984535373246, 23.589531882983106 ], [ 121.422991772386098, 23.591789335447576 ], [ 121.425441245579378, 23.591782646039192 ], [ 121.425433966661288, 23.589525194290722 ] ] ] } },
{ "type": "Feature", "properties": { "gridid": "299165", "time_bucket": null, "people_move_all": 0.0 }, "geometry": { "type": "Polygon", "coordinates": [ [ [ 121.501718433182745, 23.681852677191745 ], [ 121.499267310098148, 23.681860597670397 ], [ 121.499275889758735, 23.684117998968603 ], [ 121.501727054960369, 23.68411007764464 ], [ 121.501718433182745, 23.681852677191745 ] ] ] } },
{ "type": "Feature", "properties": { "gridid": "290800", "time_bucket": null, "people_move_all": 0.0 }, "geometry": { "type": "Polygon", "coordinates": [ [ [ 121.506507596478258, 23.652490476015764 ], [ 121.504057022583879, 23.652498462973124 ], [ 121.504065672497333, 23.654755871162173 ], [ 121.506516288440594, 23.654747883351604 ], [ 121.506507596478258, 23.652490476015764 ] ] ] } },
{ "type": "Feature", "properties": { "gridid": "282890", "time_bucket": null, "people_move_all": 0.0 }, "geometry": { "type": "Polygon", "coordinates": [ [ [ 121.447601417863623, 23.625582301145908 ], [ 121.445151323815537, 23.625589349459283 ], [ 121.445158953142382, 23.627846784794539 ], [ 121.447609089178542, 23.627839735727559 ], [ 121.447601417863623, 23.625582301145908 ] ] ] } },
{ "type": "Feature", "properties": { "gridid": "283557", "time_bucket": null, "people_move_all": 0.0 }, "geometry": { "type": "Polygon", "coordinates": [ [ [ 121.457409623472159, 23.62781115254505 ], [ 121.454959491282992, 23.627818356365712 ], [ 121.454967289531311, 23.630075788002678 ], [ 121.457417463713497, 23.630068583411834 ], [ 121.457409623472159, 23.62781115254505 ] ] ] } },
{ "type": "Feature", "properties": { "gridid": "272903", "time_bucket": null, "people_move_all": 0.0 }, "geometry": { "type": "Polygon", "coordinates": [ [ [ 121.37155263448966, 23.591920891043618 ], [ 121.369103142687464, 23.59192673073477 ], [ 121.369109458554462, 23.594184197248008 ], [ 121.371558992268461, 23.594178356931781 ], [ 121.37155263448966, 23.591920891043618 ] ] ] } },
{ "type": "Feature", "properties": { "gridid": "280888", "time_bucket": null, "people_move_all": 0.0 }, "geometry": { "type": "Polygon", "coordinates": [ [ [ 121.376528968630794, 23.618998627888647 ], [ 121.374078975130871, 23.619004552429423 ], [ 121.374085384382013, 23.621262009794695 ], [ 121.37653541985631, 23.621256084620324 ], [ 121.376528968630794, 23.618998627888647 ] ] ] } },
{ "type": "Feature", "properties": { "gridid": "296001", "time_bucket": null, "people_move_all": 0.0 }, "geometry": { "type": "Polygon", "coordinates": [ [ [ 121.504126252018679, 23.670557709996743 ], [ 121.501675340511156, 23.670565665014987 ], [ 121.501683956935921, 23.672823068770857 ], [ 121.504134910534262, 23.672815112903304 ], [ 121.504126252018679, 23.670557709996743 ] ] ] } },
{ "type": "Feature", "properties": { "gridid": "298541", "time_bucket": null, "people_move_all": 0.0 }, "geometry": { "type": "Polygon", "coordinates": [ [ [ 121.518867348468419, 23.67953875265659 ], [ 121.516416275099985, 23.679546943764372 ], [ 121.516425148475989, 23.681804339719349 ], [ 121.518876263955619, 23.681796147737316 ], [ 121.518867348468419, 23.67953875265659 ] ] ] } },
{ "type": "Feature", "properties": { "gridid": "301007", "time_bucket": null, "people_move_all": 0.0 }, "geometry": { "type": "Polygon", "coordinates": [ [ [ 121.379180625567884, 23.688973497376079 ], [ 121.376729329238074, 23.68897948037008 ], [ 121.376735805363978, 23.69123691667723 ], [ 121.379187143830094, 23.691230933044839 ], [ 121.379180625567884, 23.688973497376079 ] ] ] } },
{ "type": "Feature", "properties": { "gridid": "297853", "time_bucket": null, "people_move_all": 0.0 }, "geometry": { "type": "Polygon", "coordinates": [ [ [ 121.381599131823378, 23.677680290555433 ], [ 121.379148046905641, 23.677686309138899 ], [ 121.379154561121567, 23.679943748105138 ], [ 121.381605688149364, 23.679937728879253 ], [ 121.381599131823378, 23.677680290555433 ] ] ] } },
{ "type": "Feature", "properties": { "gridid": "282233", "time_bucket": null, "people_move_all": 0.0 }, "geometry": { "type": "Polygon", "coordinates": [ [ [ 121.450043798879506, 23.623317779631492 ], [ 121.447593747768053, 23.62332486587152 ], [ 121.447601418129139, 23.625582301112079 ], [ 121.450051511223378, 23.625575214114328 ], [ 121.450043798879506, 23.623317779631492 ] ] ] } },
{ "type": "Feature", "properties": { "gridid": "279597", "time_bucket": null, "people_move_all": 0.0 }, "geometry": { "type": "Polygon", "coordinates": [ [ [ 121.450012958852554, 23.614288035131299 ], [ 121.447563075620067, 23.614295118340689 ], [ 121.447570742166491, 23.616552556216384 ], [ 121.450020667360889, 23.616545472249381 ], [ 121.450012958852554, 23.614288035131299 ] ] ] } },
{ "type": "Feature", "properties": { "gridid": "292056", "time_bucket": null, "people_move_all": 0.0 }, "geometry": { "type": "Polygon", "coordinates": [ [ [ 121.38399086665882, 23.657357264434548 ], [ 121.381540161310269, 23.657363315980938 ], [ 121.381546710309706, 23.659620760237424 ], [ 121.383997457721222, 23.659614708044657 ], [ 121.38399086665882, 23.657357264434548 ] ] ] } },
{ "type": "Feature", "properties": { "gridid": "270921", "time_bucket": null, "people_move_all": 0.0 }, "geometry": { "type": "Polygon", "coordinates": [ [ [ 121.410723313014145, 23.585049833271189 ], [ 121.408273960196681, 23.585056288867573 ], [ 121.408280944038239, 23.587313746856733 ], [ 121.410730338750923, 23.587307290569189 ], [ 121.410723313014145, 23.585049833271189 ] ] ] } },
{ "type": "Feature", "properties": { "gridid": "301059", "time_bucket": null, "people_move_all": 0.0 }, "geometry": { "type": "Polygon", "coordinates": [ [ [ 121.506646797557494, 23.688608914064087 ], [ 121.504195550253286, 23.688616914676317 ], [ 121.504204217376213, 23.690874312297321 ], [ 121.50665550681299, 23.69086631083141 ], [ 121.506646797557494, 23.688608914064087 ] ] ] } },
{ "type": "Feature", "properties": { "gridid": "290145", "time_bucket": null, "people_move_all": 0.0 }, "geometry": { "type": "Polygon", "coordinates": [ [ [ 121.504048373554411, 23.650241054051449 ], [ 121.501597840628932, 23.650249001427223 ], [ 121.501606447423711, 23.652506411125419 ], [ 121.504057022392971, 23.652498462900599 ], [ 121.504048373554411, 23.650241054051449 ] ] ] } },
{ "type": "Feature", "properties": { "gridid": "272253", "time_bucket": null, "people_move_all": 0.0 }, "geometry": { "type": "Polygon", "coordinates": [ [ [ 121.410737365040148, 23.589564747236725 ], [ 121.408287928427043, 23.589571204215439 ], [ 121.408294914007044, 23.591828660889131 ], [ 121.410744392525785, 23.591822203219216 ], [ 121.410737365040148, 23.589564747236725 ] ] ] } },
{ "type": "Feature", "properties": { "gridid": "295999", "time_bucket": null, "people_move_all": 0.0 }, "geometry": { "type": "Polygon", "coordinates": [ [ [ 121.49922442717731, 23.670573581217319 ], [ 121.496773513534336, 23.670581458704063 ], [ 121.496782045777238, 23.672838864146115 ], [ 121.499233001511172, 23.672830985818344 ], [ 121.49922442717731, 23.670573581217319 ] ] ] } },
{ "type": "Feature", "properties": { "gridid": "274929", "time_bucket": null, "people_move_all": 0.0 }, "geometry": { "type": "Polygon", "coordinates": [ [ [ 121.432811878424872, 23.598534690903239 ], [ 121.430362282218383, 23.598541498365449 ], [ 121.430369648612157, 23.600798946037159 ], [ 121.432819286744561, 23.600792137846444 ], [ 121.432811878424872, 23.598534690903239 ] ] ] } },
{ "type": "Feature", "properties": { "gridid": "295951", "time_bucket": null, "people_move_all": 0.0 }, "geometry": { "type": "Polygon", "coordinates": [ [ [ 121.381579467891413, 23.670907971631607 ], [ 121.379128509272547, 23.670913988287921 ], [ 121.379135021061401, 23.673171429232085 ], [ 121.381586021774652, 23.673165411933407 ], [ 121.381579467891413, 23.670907971631607 ] ] ] } },
{ "type": "Feature", "properties": { "gridid": "287502", "time_bucket": null, "people_move_all": 0.0 }, "geometry": { "type": "Polygon", "coordinates": [ [ [ 121.391295980093147, 23.641536767300909 ], [ 121.388845571510331, 23.641542930467512 ], [ 121.388852240893755, 23.643800377384537 ], [ 121.391302691502759, 23.6437942135593 ], [ 121.391295980093147, 23.641536767300909 ] ] ] } },
{ "type": "Feature", "properties": { "gridid": "306025", "time_bucket": null, "people_move_all": 0.0 }, "geometry": { "type": "Polygon", "coordinates": [ [ [ 121.51161966758518, 23.706651938315456 ], [ 121.50916808524336, 23.70666002342141 ], [ 121.509176845327687, 23.70891741404186 ], [ 121.511628469843771, 23.70890932807372 ], [ 121.51161966758518, 23.706651938315456 ] ] ] } },
{ "type": "Feature", "properties": { "gridid": "301061", "time_bucket": null, "people_move_all": 0.0 }, "geometry": { "type": "Polygon", "coordinates": [ [ [ 121.511549288340959, 23.688592796523256 ], [ 121.509098043204858, 23.688600874732789 ], [ 121.509106794592839, 23.690858270642313 ], [ 121.511558081861352, 23.690850191570831 ], [ 121.511549288340959, 23.688592796523256 ] ] ] } },
{ "type": "Feature", "properties": { "gridid": "295953", "time_bucket": null, "people_move_all": 0.0 }, "geometry": { "type": "Polygon", "coordinates": [ [ [ 121.386481381980332, 23.670895822009506 ], [ 121.384030424994947, 23.670901916203032 ], [ 121.384037020972514, 23.673159355858335 ], [ 121.38648802005217, 23.673153261014164 ], [ 121.386481381980332, 23.670895822009506 ] ] ] } },
{ "type": "Feature", "properties": { "gridid": "279563", "time_bucket": null, "people_move_all": 0.0 }, "geometry": { "type": "Polygon", "coordinates": [ [ [ 121.36671642497015, 23.614507173645503 ], [ 121.364266512246886, 23.614512942257399 ], [ 121.364272752047754, 23.61677040343163 ], [ 121.366722706735175, 23.61676463420272 ], [ 121.36671642497015, 23.614507173645503 ] ] ] } },
{ "type": "Feature", "properties": { "gridid": "276935", "time_bucket": null, "people_move_all": 0.0 }, "geometry": { "type": "Polygon", "coordinates": [ [ [ 121.445082702758484, 23.605272401825097 ], [ 121.442632985420289, 23.605279404709879 ], [ 121.442640564270889, 23.607536846722592 ], [ 121.445090323550275, 23.607529843088557 ], [ 121.445082702758484, 23.605272401825097 ] ] ] } },
{ "type": "Feature", "properties": { "gridid": "288183", "time_bucket": null, "people_move_all": 0.0 }, "geometry": { "type": "Polygon", "coordinates": [ [ [ 121.464815798583828, 23.643591294841936 ], [ 121.462365375275539, 23.643598620205882 ], [ 121.462373306401503, 23.645856044904811 ], [ 121.46482377173912, 23.645848718758081 ], [ 121.464815798583828, 23.643591294841936 ] ] ] } },
{ "type": "Feature", "properties": { "gridid": "297858", "time_bucket": null, "people_move_all": 0.0 }, "geometry": { "type": "Polygon", "coordinates": [ [ [ 121.393854544486672, 23.67764961593501 ], [ 121.391403463692797, 23.677655828423234 ], [ 121.39141018845848, 23.679913264135951 ], [ 121.393861311362116, 23.679907050984603 ], [ 121.393854544486672, 23.67764961593501 ] ] ] } },
{ "type": "Feature", "properties": { "gridid": "291412", "time_bucket": null, "people_move_all": 0.0 }, "geometry": { "type": "Polygon", "coordinates": [ [ [ 121.40113889591575, 23.655056379153617 ], [ 121.398688238467102, 23.655062701229859 ], [ 121.398695081055607, 23.657320141533937 ], [ 121.401145780561535, 23.657313818782377 ], [ 121.40113889591575, 23.655056379153617 ] ] ] } },
{ "type": "Feature", "properties": { "gridid": "292106", "time_bucket": null, "people_move_all": 0.0 }, "geometry": { "type": "Polygon", "coordinates": [ [ [ 121.506524981452117, 23.657005290021662 ], [ 121.504074323454702, 23.657013278685483 ], [ 121.504082975518187, 23.659270685554201 ], [ 121.506533675574985, 23.659262696037104 ], [ 121.506524981452117, 23.657005290021662 ] ] ] } },
{ "type": "Feature", "properties": { "gridid": "293400", "time_bucket": null, "people_move_all": 0.0 }, "geometry": { "type": "Polygon", "coordinates": [ [ [ 121.486936403944568, 23.661582939377759 ], [ 121.484485653367756, 23.661590619753557 ], [ 121.4844939710202, 23.663848031979409 ], [ 121.486944763667466, 23.663840350783381 ], [ 121.486936403944568, 23.661582939377759 ] ] ] } },
{ "type": "Feature", "properties": { "gridid": "299175", "time_bucket": null, "people_move_all": 0.0 }, "geometry": { "type": "Polygon", "coordinates": [ [ [ 121.526229604128289, 23.681771339091352 ], [ 121.523778491986363, 23.681779647430936 ], [ 121.523787492813597, 23.684037040089798 ], [ 121.526238647071722, 23.68402873086351 ], [ 121.526229604128289, 23.681771339091352 ] ] ] } },
{ "type": "Feature", "properties": { "gridid": "278902", "time_bucket": null, "people_move_all": 0.0 }, "geometry": { "type": "Polygon", "coordinates": [ [ [ 121.371609883637333, 23.612238060385344 ], [ 121.369160014440624, 23.61224390570295 ], [ 121.369166337383291, 23.61450136629696 ], [ 121.371616248538814, 23.614495520354087 ], [ 121.371609883637333, 23.612238060385344 ] ] ] } },
{ "type": "Feature", "properties": { "gridid": "289496", "time_bucket": null, "people_move_all": 0.0 }, "geometry": { "type": "Polygon", "coordinates": [ [ [ 121.506490215514631, 23.647975659309893 ], [ 121.504039725702398, 23.647983644560899 ], [ 121.504048373466148, 23.65024105407009 ], [ 121.506498905316818, 23.650233067965921 ], [ 121.506490215514631, 23.647975659309893 ] ] ] } },
{ "type": "Feature", "properties": { "gridid": "304792", "time_bucket": null, "people_move_all": 0.0 }, "geometry": { "type": "Polygon", "coordinates": [ [ [ 121.514053562880591, 23.702129034637757 ], [ 121.511602065963984, 23.70213715684282 ], [ 121.511610866037543, 23.704394547923698 ], [ 121.514062405117841, 23.70438642485237 ], [ 121.514053562880591, 23.702129034637757 ] ] ] } },
{ "type": "Feature", "properties": { "gridid": "279598", "time_bucket": null, "people_move_all": 0.0 }, "geometry": { "type": "Polygon", "coordinates": [ [ [ 121.452462841392276, 23.614280913279348 ], [ 121.450012959118496, 23.614288035152367 ], [ 121.450020667626831, 23.616545472270449 ], [ 121.452470591862451, 23.616538349635661 ], [ 121.452462841392276, 23.614280913279348 ] ] ] } },
{ "type": "Feature", "properties": { "gridid": "280264", "time_bucket": null, "people_move_all": 0.0 }, "geometry": { "type": "Polygon", "coordinates": [ [ [ 121.46472019853924, 23.616502156488671 ], [ 121.462270279175783, 23.616509472461384 ], [ 121.462278198477449, 23.618766905070455 ], [ 121.464728159807606, 23.618759588315275 ], [ 121.46472019853924, 23.616502156488671 ] ] ] } },
{ "type": "Feature", "properties": { "gridid": "292098", "time_bucket": null, "people_move_all": 0.0 }, "geometry": { "type": "Polygon", "coordinates": [ [ [ 121.486919686917958, 23.657068114538937 ], [ 121.484469020466378, 23.657075793274362 ], [ 121.484477336052052, 23.659333206820296 ], [ 121.486928044563626, 23.659325527264709 ], [ 121.486919686917958, 23.657068114538937 ] ] ] } },
{ "type": "Feature", "properties": { "gridid": "275567", "time_bucket": null, "people_move_all": 0.0 }, "geometry": { "type": "Polygon", "coordinates": [ [ [ 121.361779428174003, 23.600973887654135 ], [ 121.359329765579901, 23.600979575282828 ], [ 121.359335916859521, 23.603237041625071 ], [ 121.361785621386588, 23.603231353387752 ], [ 121.361779428174003, 23.600973887654135 ] ] ] } },
{ "type": "Feature", "properties": { "gridid": "294014", "time_bucket": null, "people_move_all": 0.0 }, "geometry": { "type": "Polygon", "coordinates": [ [ [ 121.396264788266095, 23.664098744503782 ], [ 121.393813960861081, 23.664104991769683 ], [ 121.393820722694741, 23.666362430775472 ], [ 121.396271592178081, 23.666356182842435 ], [ 121.396264788266095, 23.664098744503782 ] ] ] } },
{ "type": "Feature", "properties": { "gridid": "284891", "time_bucket": null, "people_move_all": 0.0 }, "geometry": { "type": "Polygon", "coordinates": [ [ [ 121.477026999509945, 23.632266977694794 ], [ 121.474576791275339, 23.632274492626408 ], [ 121.474584927488607, 23.634531916667488 ], [ 121.477035177726066, 23.634524400932541 ], [ 121.477026999509945, 23.632266977694794 ] ] ] } },
{ "type": "Feature", "properties": { "gridid": "305412", "time_bucket": null, "people_move_all": 0.0 }, "geometry": { "type": "Polygon", "coordinates": [ [ [ 121.518965480145724, 23.704370062277775 ], [ 121.516513943266091, 23.704378263003946 ], [ 121.516522828769922, 23.706635651686813 ], [ 121.518974407818348, 23.70662745008606 ], [ 121.518965480145724, 23.704370062277775 ] ] ] } },
{ "type": "Feature", "properties": { "gridid": "274259", "time_bucket": null, "people_move_all": 0.0 }, "geometry": { "type": "Polygon", "coordinates": [ [ [ 121.42545580617201, 23.596297547602116 ], [ 121.42300624915265, 23.596304238442585 ], [ 121.423013488867554, 23.598561688933092 ], [ 121.425463087807785, 23.598554997376532 ], [ 121.42545580617201, 23.596297547602116 ] ] ] } },
{ "type": "Feature", "properties": { "gridid": "294007", "time_bucket": null, "people_move_all": 0.0 }, "geometry": { "type": "Polygon", "coordinates": [ [ [ 121.379108978426402, 23.664141661465912 ], [ 121.376658145250644, 23.664147637438987 ], [ 121.376664612534213, 23.666405080998796 ], [ 121.379115487788738, 23.666399104387558 ], [ 121.379108978426402, 23.664141661465912 ] ] ] } },
{ "type": "Feature", "properties": { "gridid": "296585", "time_bucket": null, "people_move_all": 0.0 }, "geometry": { "type": "Polygon", "coordinates": [ [ [ 121.379135020987121, 23.673171429205787 ], [ 121.376684019464918, 23.673177407731636 ], [ 121.376690489963053, 23.675434848654788 ], [ 121.379141533584942, 23.675428869490691 ], [ 121.379135020987121, 23.673171429205787 ] ] ] } },
{ "type": "Feature", "properties": { "gridid": "294656", "time_bucket": null, "people_move_all": 0.0 }, "geometry": { "type": "Polygon", "coordinates": [ [ [ 121.379115488062695, 23.666399104375856 ], [ 121.376664612808185, 23.666405080987104 ], [ 121.376671080895292, 23.668662523887825 ], [ 121.379121998233828, 23.668656546638399 ], [ 121.379115488062695, 23.666399104375856 ] ] ] } },
{ "type": "Feature", "properties": { "gridid": "285519", "time_bucket": null, "people_move_all": 0.0 }, "geometry": { "type": "Polygon", "coordinates": [ [ [ 121.388825568736493, 23.634770585825287 ], [ 121.386375285372139, 23.634776708313858 ], [ 121.386381910258208, 23.637034157861194 ], [ 121.388832235633146, 23.637028034718195 ], [ 121.388825568736493, 23.634770585825287 ] ] ] } },
{ "type": "Feature", "properties": { "gridid": "281584", "time_bucket": null, "people_move_all": 0.0 }, "geometry": { "type": "Polygon", "coordinates": [ [ [ 121.472086126062209, 23.620994834733775 ], [ 121.469636125746547, 23.621002268298263 ], [ 121.469644172949344, 23.623259697229518 ], [ 121.47209421524191, 23.623252262870096 ], [ 121.472086126062209, 23.620994834733775 ] ] ] } },
{ "type": "Feature", "properties": { "gridid": "273571", "time_bucket": null, "people_move_all": 0.0 }, "geometry": { "type": "Polygon", "coordinates": [ [ [ 121.371558993051266, 23.594178356959308 ], [ 121.369109459337253, 23.594184197275546 ], [ 121.369115775990167, 23.596441663131294 ], [ 121.371565351621271, 23.596435822189953 ], [ 121.371558993051266, 23.594178356959308 ] ] ] } },
{ "type": "Feature", "properties": { "gridid": "297909", "time_bucket": null, "people_move_all": 0.0 }, "geometry": { "type": "Polygon", "coordinates": [ [ [ 121.51885843496774, 23.677281356963796 ], [ 121.516407403705301, 23.677289547197368 ], [ 121.516416275979267, 23.679546943813165 ], [ 121.518867349347701, 23.679538752705373 ], [ 121.51885843496774, 23.677281356963796 ] ] ] } },
{ "type": "Feature", "properties": { "gridid": "297221", "time_bucket": null, "people_move_all": 0.0 }, "geometry": { "type": "Polygon", "coordinates": [ [ [ 121.384043618717257, 23.675416794881261 ], [ 121.381592576718646, 23.675422851599244 ], [ 121.381599132230335, 23.67768029058244 ], [ 121.384050216333733, 23.67767423321791 ], [ 121.384043618717257, 23.675416794881261 ] ] ] } },
{ "type": "Feature", "properties": { "gridid": "297219", "time_bucket": null, "people_move_all": 0.0 }, "geometry": { "type": "Polygon", "coordinates": [ [ [ 121.379141533633771, 23.675428869515788 ], [ 121.376690490011882, 23.675434848679885 ], [ 121.376696961313797, 23.677692288943749 ], [ 121.379148047040573, 23.677686309141389 ], [ 121.379141533633771, 23.675428869515788 ] ] ] } },
{ "type": "Feature", "properties": { "gridid": "293401", "time_bucket": null, "people_move_all": 0.0 }, "geometry": { "type": "Polygon", "coordinates": [ [ [ 121.489387153390055, 23.661575220214125 ], [ 121.486936403851871, 23.661582939339482 ], [ 121.486944763574741, 23.663840350745119 ], [ 121.489395555183322, 23.663832630795405 ], [ 121.489387153390055, 23.661575220214125 ] ] ] } },
{ "type": "Feature", "properties": { "gridid": "288155", "time_bucket": null, "people_move_all": 0.0 }, "geometry": { "type": "Polygon", "coordinates": [ [ [ 121.396203590822182, 23.643781769844491 ], [ 121.393753141886918, 23.643788011107226 ], [ 121.393759896162209, 23.646045456044078 ], [ 121.396210387128733, 23.64603921411441 ], [ 121.396203590822182, 23.643781769844491 ] ] ] } },
{ "type": "Feature", "properties": { "gridid": "283564", "time_bucket": null, "people_move_all": 0.0 }, "geometry": { "type": "Polygon", "coordinates": [ [ [ 121.474560521030924, 23.627759642583111 ], [ 121.472110395775019, 23.627767117220319 ], [ 121.472118487972864, 23.63002454337915 ], [ 121.474568655221262, 23.630017067942813 ], [ 121.474560521030924, 23.627759642583111 ] ] ] } },
{ "type": "Feature", "properties": { "gridid": "294701", "time_bucket": null, "people_move_all": 0.0 }, "geometry": { "type": "Polygon", "coordinates": [ [ [ 121.489403957421672, 23.666090040748887 ], [ 121.486953123737507, 23.666097761522998 ], [ 121.486961485537904, 23.668355171608294 ], [ 121.489412361302882, 23.668347450009772 ], [ 121.489403957421672, 23.666090040748887 ] ] ] } },
{ "type": "Feature", "properties": { "gridid": "297855", "time_bucket": null, "people_move_all": 0.0 }, "geometry": { "type": "Polygon", "coordinates": [ [ [ 121.386501298896462, 23.67766813702098 ], [ 121.384050215612561, 23.677674233166496 ], [ 121.384056814048577, 23.679931670843747 ], [ 121.38650793944241, 23.679925574047523 ], [ 121.386501298896462, 23.67766813702098 ] ] ] } },
{ "type": "Feature", "properties": { "gridid": "274925", "time_bucket": null, "people_move_all": 0.0 }, "geometry": { "type": "Polygon", "coordinates": [ [ [ 121.423013488094242, 23.598561688933259 ], [ 121.420563888253142, 23.598568341854463 ], [ 121.420571086942701, 23.60082579239884 ], [ 121.423020728709929, 23.600819138765679 ], [ 121.423013488094242, 23.598561688933259 ] ] ] } },
{ "type": "Feature", "properties": { "gridid": "288795", "time_bucket": null, "people_move_all": 0.0 }, "geometry": { "type": "Polygon", "coordinates": [ [ [ 121.381507429006376, 23.646076084845241 ], [ 121.379056933080818, 23.646082094436981 ], [ 121.379063435975212, 23.648339542629842 ], [ 121.381513973937658, 23.64833353239597 ], [ 121.381507429006376, 23.646076084845241 ] ] ] } },
{ "type": "Feature", "properties": { "gridid": "290749", "time_bucket": null, "people_move_all": 0.0 }, "geometry": { "type": "Polygon", "coordinates": [ [ [ 121.38152706585312, 23.65284842546864 ], [ 121.379076443801182, 23.652854436986825 ], [ 121.379082949120587, 23.655111883203336 ], [ 121.381533613225102, 23.655105871042956 ], [ 121.38152706585312, 23.65284842546864 ] ] ] } },
{ "type": "Feature", "properties": { "gridid": "294660", "time_bucket": null, "people_move_all": 0.0 }, "geometry": { "type": "Polygon", "coordinates": [ [ [ 121.388918981261725, 23.66637481034812 ], [ 121.386468109273636, 23.666380942000703 ], [ 121.38647474569639, 23.66863838232387 ], [ 121.388925659768219, 23.668632250016554 ], [ 121.388918981261725, 23.66637481034812 ] ] ] } },
{ "type": "Feature", "properties": { "gridid": "279569", "time_bucket": null, "people_move_all": 0.0 }, "geometry": { "type": "Polygon", "coordinates": [ [ [ 121.381415884695315, 23.614471749937636 ], [ 121.378965976737916, 23.61447775054183 ], [ 121.378972468322829, 23.616735207951944 ], [ 121.381422418243986, 23.616729206705916 ], [ 121.381415884695315, 23.614471749937636 ] ] ] } },
{ "type": "Feature", "properties": { "gridid": "280890", "time_bucket": null, "people_move_all": 0.0 }, "geometry": { "type": "Polygon", "coordinates": [ [ [ 121.381428952851621, 23.618986662852844 ], [ 121.378978960961433, 23.618992664740723 ], [ 121.378985454161239, 23.621250120834659 ], [ 121.381435488025659, 23.621244118304908 ], [ 121.381428952851621, 23.618986662852844 ] ] ] } },
{ "type": "Feature", "properties": { "gridid": "274233", "time_bucket": null, "people_move_all": 0.0 }, "geometry": { "type": "Polygon", "coordinates": [ [ [ 121.361767044016688, 23.596458954206206 ], [ 121.359317465272866, 23.596464640617725 ], [ 121.359323615022035, 23.598722108275048 ], [ 121.361773235688389, 23.598716421254956 ], [ 121.361767044016688, 23.596458954206206 ] ] ] } },
{ "type": "Feature", "properties": { "gridid": "284854", "time_bucket": null, "people_move_all": 0.0 }, "geometry": { "type": "Polygon", "coordinates": [ [ [ 121.386368661561377, 23.632519258046671 ], [ 121.383918419378858, 23.632525341182635 ], [ 121.383925001435912, 23.634782792038763 ], [ 121.386375285623828, 23.634776708252524 ], [ 121.386368661561377, 23.632519258046671 ] ] ] } },
{ "type": "Feature", "properties": { "gridid": "292758", "time_bucket": null, "people_move_all": 0.0 }, "geometry": { "type": "Polygon", "coordinates": [ [ [ 121.508984374370471, 23.65925466777988 ], [ 121.506533675394067, 23.659262696041857 ], [ 121.506542370597273, 23.661520101397031 ], [ 121.508993111638219, 23.661512072277617 ], [ 121.508984374370471, 23.65925466777988 ] ] ] } },
{ "type": "Feature", "properties": { "gridid": "283559", "time_bucket": null, "people_move_all": 0.0 }, "geometry": { "type": "Polygon", "coordinates": [ [ [ 121.462309885501782, 23.627796628831131 ], [ 121.459859755267473, 23.62780391002827 ], [ 121.459867637501745, 23.630061340120744 ], [ 121.462317809728944, 23.630054058145149 ], [ 121.462309885501782, 23.627796628831131 ] ] ] } },
{ "type": "Feature", "properties": { "gridid": "276925", "time_bucket": null, "people_move_all": 0.0 }, "geometry": { "type": "Polygon", "coordinates": [ [ [ 121.420585487062596, 23.605340691519867 ], [ 121.41813576053157, 23.605347307929236 ], [ 121.418142919966442, 23.607604757207046 ], [ 121.420592688439356, 23.60759814008977 ], [ 121.420585487062596, 23.605340691519867 ] ] ] } },
{ "type": "Feature", "properties": { "gridid": "288844", "time_bucket": null, "people_move_all": 0.0 }, "geometry": { "type": "Polygon", "coordinates": [ [ [ 121.501580630142044, 23.645734180078133 ], [ 121.49913018021897, 23.645742087035689 ], [ 121.499138742841268, 23.647999498898738 ], [ 121.501589234797734, 23.647991591096318 ], [ 121.501580630142044, 23.645734180078133 ] ] ] } },
{ "type": "Feature", "properties": { "gridid": "282860", "time_bucket": null, "people_move_all": 0.0 }, "geometry": { "type": "Polygon", "coordinates": [ [ [ 121.374098204794137, 23.625776922551154 ], [ 121.371648084558259, 23.625782810306738 ], [ 121.371654454210827, 23.628040266327037 ], [ 121.374104616436796, 23.628034377941919 ], [ 121.374098204794137, 23.625776922551154 ] ] ] } },
{ "type": "Feature", "properties": { "gridid": "284882", "time_bucket": null, "people_move_all": 0.0 }, "geometry": { "type": "Polygon", "coordinates": [ [ [ 121.45497508898211, 23.63233321899714 ], [ 121.452524871831955, 23.632340385661589 ], [ 121.452532630016137, 23.634597816746453 ], [ 121.454982889169813, 23.634590649315907 ], [ 121.45497508898211, 23.63233321899714 ] ] ] } },
{ "type": "Feature", "properties": { "gridid": "290755", "time_bucket": null, "people_move_all": 0.0 }, "geometry": { "type": "Polygon", "coordinates": [ [ [ 121.396230781215863, 23.652811542926266 ], [ 121.393780164124124, 23.652817786856854 ], [ 121.393786921758021, 23.655075229158157 ], [ 121.396237580901996, 23.65506898456055 ], [ 121.396230781215863, 23.652811542926266 ] ] ] } },
{ "type": "Feature", "properties": { "gridid": "304178", "time_bucket": null, "people_move_all": 0.0 }, "geometry": { "type": "Polygon", "coordinates": [ [ [ 121.514044722348885, 23.699871643740771 ], [ 121.511593267590769, 23.699879765079604 ], [ 121.511602066571911, 23.702137156821717 ], [ 121.514053563488517, 23.70212903461665 ], [ 121.514044722348885, 23.699871643740771 ] ] ] } },
{ "type": "Feature", "properties": { "gridid": "274261", "time_bucket": null, "people_move_all": 0.0 }, "geometry": { "type": "Polygon", "coordinates": [ [ [ 121.43035491734264, 23.596284049991212 ], [ 121.427905362140407, 23.596290818093916 ], [ 121.427912685696995, 23.598548267148136 ], [ 121.430362282819971, 23.598541498321083 ], [ 121.43035491734264, 23.596284049991212 ] ] ] } },
{ "type": "Feature", "properties": { "gridid": "278273", "time_bucket": null, "people_move_all": 0.0 }, "geometry": { "type": "Polygon", "coordinates": [ [ [ 121.457346936481827, 23.609751681894004 ], [ 121.454897140048828, 23.609758879554125 ], [ 121.45490493054254, 23.61201631646199 ], [ 121.457354768926805, 23.612009118031892 ], [ 121.457346936481827, 23.609751681894004 ] ] ] } },
{ "type": "Feature", "properties": { "gridid": "296642", "time_bucket": null, "people_move_all": 0.0 }, "geometry": { "type": "Polygon", "coordinates": [ [ [ 121.518840608974102, 23.672766563478273 ], [ 121.516389661908008, 23.672774751963477 ], [ 121.516398531978155, 23.675032149900758 ], [ 121.518849521139785, 23.675023960541395 ], [ 121.518840608974102, 23.672766563478273 ] ] ] } },
{ "type": "Feature", "properties": { "gridid": "274928", "time_bucket": null, "people_move_all": 0.0 }, "geometry": { "type": "Polygon", "coordinates": [ [ [ 121.430362282846076, 23.598541498357594 ], [ 121.427912685723101, 23.598548267184647 ], [ 121.427920010190959, 23.600805715580726 ], [ 121.430369649239879, 23.6007989460293 ], [ 121.430362282846076, 23.598541498357594 ] ] ] } },
{ "type": "Feature", "properties": { "gridid": "285511", "time_bucket": null, "people_move_all": 0.0 }, "geometry": { "type": "Polygon", "coordinates": [ [ [ 121.369223279001076, 23.634818482083759 ], [ 121.366772989194303, 23.634824294952264 ], [ 121.366779277993402, 23.63708174958612 ], [ 121.369229609811242, 23.637075936096288 ], [ 121.369223279001076, 23.634818482083759 ] ] ] } },
{ "type": "Feature", "properties": { "gridid": "295308", "time_bucket": null, "people_move_all": 0.0 }, "geometry": { "type": "Polygon", "coordinates": [ [ [ 121.391376572430687, 23.668626078996091 ], [ 121.388925659188615, 23.668632250067745 ], [ 121.388932338524839, 23.670889689076926 ], [ 121.391383293855824, 23.670883517346383 ], [ 121.391376572430687, 23.668626078996091 ] ] ] } },
{ "type": "Feature", "properties": { "gridid": "271592", "time_bucket": null, "people_move_all": 0.0 }, "geometry": { "type": "Polygon", "coordinates": [ [ [ 121.420527908960807, 23.587281079223128 ], [ 121.418078517777033, 23.587287689970132 ], [ 121.418085670089098, 23.589545144512066 ], [ 121.420535103173009, 23.589538533057343 ], [ 121.420527908960807, 23.587281079223128 ] ] ] } },
{ "type": "Feature", "properties": { "gridid": "284855", "time_bucket": null, "people_move_all": 0.0 }, "geometry": { "type": "Polygon", "coordinates": [ [ [ 121.388818903146912, 23.632513136223753 ], [ 121.386368661787927, 23.632519258057915 ], [ 121.386375285850391, 23.634776708263768 ], [ 121.388825569214774, 23.63477058577519 ], [ 121.388818903146912, 23.632513136223753 ] ] ] } },
{ "type": "Feature", "properties": { "gridid": "285515", "time_bucket": null, "people_move_all": 0.0 }, "geometry": { "type": "Polygon", "coordinates": [ [ [ 121.37902443038945, 23.634794843537772 ], [ 121.376574143762085, 23.63480081121671 ], [ 121.376580600605152, 23.63705826334041 ], [ 121.379030929243342, 23.637052295023587 ], [ 121.37902443038945, 23.634794843537772 ] ] ] } },
{ "type": "Feature", "properties": { "gridid": "295952", "time_bucket": null, "people_move_all": 0.0 }, "geometry": { "type": "Polygon", "coordinates": [ [ [ 121.38403042543716, 23.670901916169505 ], [ 121.38157946763242, 23.670907971594449 ], [ 121.381586021515659, 23.673165411896253 ], [ 121.384037021414713, 23.673159355824804 ], [ 121.38403042543716, 23.670901916169505 ] ] ] } },
{ "type": "Feature", "properties": { "gridid": "284852", "time_bucket": null, "people_move_all": 0.0 }, "geometry": { "type": "Polygon", "coordinates": [ [ [ 121.381468176382555, 23.632531385698805 ], [ 121.379017932568672, 23.632537391438234 ], [ 121.379024430614649, 23.63479484358249 ], [ 121.381474716434099, 23.634788837201054 ], [ 121.381468176382555, 23.632531385698805 ] ] ] } },
{ "type": "Feature", "properties": { "gridid": "282899", "time_bucket": null, "people_move_all": 0.0 }, "geometry": { "type": "Polygon", "coordinates": [ [ [ 121.46965222053241, 23.62551712554238 ], [ 121.467202135256912, 23.625524522012913 ], [ 121.467210142473846, 23.627781950416768 ], [ 121.469660269736792, 23.627774553155398 ], [ 121.46965222053241, 23.62551712554238 ] ] ] } },
{ "type": "Feature", "properties": { "gridid": "301691", "time_bucket": "2025-09-23T13:55:00", "people_move_all": 3.35 }, "geometry": { "type": "Polygon", "coordinates": [ [ [ 121.516460653630318, 23.690833916985731 ], [ 121.514009368551015, 23.690842073662534 ], [ 121.514018205300943, 23.693099467182979 ], [ 121.516469532517704, 23.693091309635921 ], [ 121.516460653630318, 23.690833916985731 ] ] ] } },
{ "type": "Feature", "properties": { "gridid": "280927", "time_bucket": null, "people_move_all": 0.0 }, "geometry": { "type": "Polygon", "coordinates": [ [ [ 121.472078037578001, 23.618737406002229 ], [ 121.469628079234042, 23.618744838771825 ], [ 121.469636125436125, 23.621002268362112 ], [ 121.472086125751815, 23.620994834797624 ], [ 121.472078037578001, 23.618737406002229 ] ] ] } },
{ "type": "Feature", "properties": { "gridid": "293361", "time_bucket": null, "people_move_all": 0.0 }, "geometry": { "type": "Polygon", "coordinates": [ [ [ 121.391356413561439, 23.661853759997129 ], [ 121.388905626554745, 23.66185992909223 ], [ 121.388912303401924, 23.664117370079016 ], [ 121.391363132481857, 23.664111200325088 ], [ 121.391356413561439, 23.661853759997129 ] ] ] } },
{ "type": "Feature", "properties": { "gridid": "285551", "time_bucket": null, "people_move_all": 0.0 }, "geometry": { "type": "Polygon", "coordinates": [ [ [ 121.467234170028235, 23.634554231632791 ], [ 121.464783915775826, 23.634561592566399 ], [ 121.464791884967596, 23.636819019120132 ], [ 121.4672421812284, 23.636811657399726 ], [ 121.467234170028235, 23.634554231632791 ] ] ] } },
{ "type": "Feature", "properties": { "gridid": "294658", "time_bucket": null, "people_move_all": 0.0 }, "geometry": { "type": "Polygon", "coordinates": [ [ [ 121.384017236167395, 23.666387034957804 ], [ 121.381566362535622, 23.666393089089816 ], [ 121.381572914790667, 23.668650530710035 ], [ 121.384023830506322, 23.668644475931558 ], [ 121.384017236167395, 23.666387034957804 ] ] ] } },
{ "type": "Feature", "properties": { "gridid": "297857", "time_bucket": null, "people_move_all": 0.0 }, "geometry": { "type": "Polygon", "coordinates": [ [ [ 121.391403462959175, 23.677655828394911 ], [ 121.388952381330071, 23.677662002102281 ], [ 121.388959063985922, 23.679919438473977 ], [ 121.391410187724873, 23.679913264107629 ], [ 121.391403462959175, 23.677655828394911 ] ] ] } },
{ "type": "Feature", "properties": { "gridid": "280254", "time_bucket": null, "people_move_all": 0.0 }, "geometry": { "type": "Polygon", "coordinates": [ [ [ 121.440220961181438, 23.616573576118412 ], [ 121.437771032204154, 23.616580505413733 ], [ 121.437778531834866, 23.618837945619948 ], [ 121.440228502779604, 23.61883101558352 ], [ 121.440220961181438, 23.616573576118412 ] ] ] } },
{ "type": "Feature", "properties": { "gridid": "296595", "time_bucket": null, "people_move_all": 0.0 }, "geometry": { "type": "Polygon", "coordinates": [ [ [ 121.40364499032782, 23.673109511437563 ], [ 121.401193997130491, 23.673115877689327 ], [ 121.40120088862264, 23.675373312043771 ], [ 121.403651923919014, 23.675366945112373 ], [ 121.40364499032782, 23.673109511437563 ] ] ] } },
{ "type": "Feature", "properties": { "gridid": "282900", "time_bucket": null, "people_move_all": 0.0 }, "geometry": { "type": "Polygon", "coordinates": [ [ [ 121.47210230503832, 23.625509690396921 ], [ 121.469652220763649, 23.625517125551273 ], [ 121.469660269968031, 23.627774553164294 ], [ 121.472110396230036, 23.627767117214969 ], [ 121.47210230503832, 23.625509690396921 ] ] ] } },
{ "type": "Feature", "properties": { "gridid": "289450", "time_bucket": null, "people_move_all": 0.0 }, "geometry": { "type": "Polygon", "coordinates": [ [ [ 121.393766651454584, 23.648302900266394 ], [ 121.391316117611893, 23.648309104136022 ], [ 121.391322831524533, 23.650566548418031 ], [ 121.393773407409043, 23.650560343885573 ], [ 121.393766651454584, 23.648302900266394 ] ] ] } }
]
}
